ISO-10303-21;
HEADER;
/* Generated by software containing ST-Developer
 * from STEP Tools, Inc. (www.steptools.com) 
 */
/* OPTION: using custom renumber hook */

FILE_DESCRIPTION(
/* description */ ('STEP AP214',
'CAx-IF Rec.Pracs.---User Defined Attributes---1.5---2016-08-15'),
/* implementation_level */ '2;1');

FILE_NAME(
/* name */ '6a95d9ebd62aea1f59760911',
/* time_stamp */ '2026-08-31T19:45:48Z',
/* author */ (''),
/* organization */ (''),
/* preprocessor_version */ 'ST-DEVELOPER v20',
/* originating_system */ 'ONSHAPE BY PTC INC, 1.220',
/* authorisation */ '  ');

FILE_SCHEMA (('AUTOMOTIVE_DESIGN {1 0 10303 214 3 1 1}'));
ENDSEC;

DATA;
#10=PROPERTY_DEFINITION_REPRESENTATION(#14,#12);
#11=PROPERTY_DEFINITION_REPRESENTATION(#15,#13);
#12=REPRESENTATION('',(#16),#3555);
#13=REPRESENTATION('',(#17),#3555);
#14=PROPERTY_DEFINITION('pmi validation property','',#3560);
#15=PROPERTY_DEFINITION('pmi validation property','',#3560);
#16=VALUE_REPRESENTATION_ITEM('number of annotations',COUNT_MEASURE(0.));
#17=VALUE_REPRESENTATION_ITEM('number of views',COUNT_MEASURE(0.));
#18=SHAPE_REPRESENTATION_RELATIONSHIP('','',#2201,#19);
#19=ADVANCED_BREP_SHAPE_REPRESENTATION('',(#2199),#3555);
#20=PLANE('',#2212);
#21=PLANE('',#2222);
#22=PLANE('',#2227);
#23=PLANE('',#2229);
#24=PLANE('',#2231);
#25=PLANE('',#2236);
#26=PLANE('',#2241);
#27=PLANE('',#2242);
#28=PLANE('',#2243);
#29=PLANE('',#2248);
#30=PLANE('',#2250);
#31=PLANE('',#2253);
#32=PLANE('',#2256);
#33=PLANE('',#2257);
#34=PLANE('',#2258);
#35=PLANE('',#2259);
#36=PLANE('',#2262);
#37=PLANE('',#2265);
#38=PLANE('',#2266);
#39=PLANE('',#2267);
#40=PLANE('',#2268);
#41=PLANE('',#2269);
#42=PLANE('',#2270);
#43=PLANE('',#2271);
#44=PLANE('',#2272);
#45=PLANE('',#2273);
#46=PLANE('',#2274);
#47=PLANE('',#2275);
#48=PLANE('',#2276);
#49=PLANE('',#2277);
#50=PLANE('',#2278);
#51=PLANE('',#2279);
#52=PLANE('',#2280);
#53=PLANE('',#2283);
#54=PLANE('',#2284);
#55=PLANE('',#2285);
#56=PLANE('',#2286);
#57=PLANE('',#2287);
#58=PLANE('',#2288);
#59=PLANE('',#2289);
#60=PLANE('',#2290);
#61=PLANE('',#2291);
#62=PLANE('',#2292);
#63=PLANE('',#2293);
#64=PLANE('',#2294);
#65=PLANE('',#2295);
#66=PLANE('',#2296);
#67=PLANE('',#2297);
#68=PLANE('',#2299);
#69=PLANE('',#2302);
#70=PLANE('',#2303);
#71=PLANE('',#2305);
#72=PLANE('',#2307);
#73=PLANE('',#2308);
#74=PLANE('',#2309);
#75=PLANE('',#2310);
#76=PLANE('',#2311);
#77=PLANE('',#2312);
#78=PLANE('',#2313);
#79=PLANE('',#2314);
#80=PLANE('',#2315);
#81=PLANE('',#2316);
#82=PLANE('',#2317);
#83=PLANE('',#2318);
#84=PLANE('',#2319);
#85=PLANE('',#2320);
#86=PLANE('',#2321);
#87=PLANE('',#2322);
#88=PLANE('',#2323);
#89=PLANE('',#2324);
#90=PLANE('',#2325);
#91=PLANE('',#2326);
#92=PLANE('',#2327);
#93=PLANE('',#2328);
#94=PLANE('',#2329);
#95=PLANE('',#2330);
#96=PLANE('',#2331);
#97=PLANE('',#2332);
#98=PLANE('',#2333);
#99=PLANE('',#2334);
#100=PLANE('',#2337);
#101=PLANE('',#2338);
#102=PLANE('',#2341);
#103=PLANE('',#2342);
#104=PLANE('',#2343);
#105=PLANE('',#2344);
#106=PLANE('',#2345);
#107=PLANE('',#2348);
#108=PLANE('',#2351);
#109=PLANE('',#2352);
#110=PLANE('',#2353);
#111=LINE('',#2931,#379);
#112=LINE('',#2935,#380);
#113=LINE('',#2939,#381);
#114=LINE('',#2943,#382);
#115=LINE('',#2947,#383);
#116=LINE('',#2951,#384);
#117=LINE('',#2955,#385);
#118=LINE('',#2959,#386);
#119=LINE('',#2961,#387);
#120=LINE('',#2963,#388);
#121=LINE('',#2965,#389);
#122=LINE('',#2967,#390);
#123=LINE('',#2969,#391);
#124=LINE('',#2970,#392);
#125=LINE('',#2972,#393);
#126=LINE('',#2974,#394);
#127=LINE('',#2976,#395);
#128=LINE('',#2978,#396);
#129=LINE('',#2980,#397);
#130=LINE('',#2982,#398);
#131=LINE('',#2984,#399);
#132=LINE('',#2986,#400);
#133=LINE('',#2988,#401);
#134=LINE('',#2994,#402);
#135=LINE('',#2999,#403);
#136=LINE('',#3003,#404);
#137=LINE('',#3007,#405);
#138=LINE('',#3011,#406);
#139=LINE('',#3015,#407);
#140=LINE('',#3018,#408);
#141=LINE('',#3020,#409);
#142=LINE('',#3024,#410);
#143=LINE('',#3026,#411);
#144=LINE('',#3028,#412);
#145=LINE('',#3030,#413);
#146=LINE('',#3032,#414);
#147=LINE('',#3034,#415);
#148=LINE('',#3036,#416);
#149=LINE('',#3038,#417);
#150=LINE('',#3040,#418);
#151=LINE('',#3042,#419);
#152=LINE('',#3044,#420);
#153=LINE('',#3046,#421);
#154=LINE('',#3048,#422);
#155=LINE('',#3050,#423);
#156=LINE('',#3052,#424);
#157=LINE('',#3056,#425);
#158=LINE('',#3058,#426);
#159=LINE('',#3060,#427);
#160=LINE('',#3062,#428);
#161=LINE('',#3064,#429);
#162=LINE('',#3066,#430);
#163=LINE('',#3068,#431);
#164=LINE('',#3070,#432);
#165=LINE('',#3072,#433);
#166=LINE('',#3074,#434);
#167=LINE('',#3076,#435);
#168=LINE('',#3078,#436);
#169=LINE('',#3080,#437);
#170=LINE('',#3082,#438);
#171=LINE('',#3084,#439);
#172=LINE('',#3088,#440);
#173=LINE('',#3090,#441);
#174=LINE('',#3092,#442);
#175=LINE('',#3094,#443);
#176=LINE('',#3096,#444);
#177=LINE('',#3098,#445);
#178=LINE('',#3100,#446);
#179=LINE('',#3102,#447);
#180=LINE('',#3104,#448);
#181=LINE('',#3106,#449);
#182=LINE('',#3108,#450);
#183=LINE('',#3110,#451);
#184=LINE('',#3112,#452);
#185=LINE('',#3114,#453);
#186=LINE('',#3116,#454);
#187=LINE('',#3120,#455);
#188=LINE('',#3122,#456);
#189=LINE('',#3124,#457);
#190=LINE('',#3126,#458);
#191=LINE('',#3128,#459);
#192=LINE('',#3130,#460);
#193=LINE('',#3132,#461);
#194=LINE('',#3134,#462);
#195=LINE('',#3136,#463);
#196=LINE('',#3138,#464);
#197=LINE('',#3140,#465);
#198=LINE('',#3142,#466);
#199=LINE('',#3144,#467);
#200=LINE('',#3147,#468);
#201=LINE('',#3149,#469);
#202=LINE('',#3151,#470);
#203=LINE('',#3155,#471);
#204=LINE('',#3157,#472);
#205=LINE('',#3159,#473);
#206=LINE('',#3160,#474);
#207=LINE('',#3161,#475);
#208=LINE('',#3163,#476);
#209=LINE('',#3165,#477);
#210=LINE('',#3166,#478);
#211=LINE('',#3171,#479);
#212=LINE('',#3173,#480);
#213=LINE('',#3178,#481);
#214=LINE('',#3179,#482);
#215=LINE('',#3182,#483);
#216=LINE('',#3185,#484);
#217=LINE('',#3187,#485);
#218=LINE('',#3191,#486);
#219=LINE('',#3195,#487);
#220=LINE('',#3197,#488);
#221=LINE('',#3199,#489);
#222=LINE('',#3201,#490);
#223=LINE('',#3202,#491);
#224=LINE('',#3204,#492);
#225=LINE('',#3209,#493);
#226=LINE('',#3213,#494);
#227=LINE('',#3215,#495);
#228=LINE('',#3219,#496);
#229=LINE('',#3221,#497);
#230=LINE('',#3222,#498);
#231=LINE('',#3223,#499);
#232=LINE('',#3225,#500);
#233=LINE('',#3227,#501);
#234=LINE('',#3229,#502);
#235=LINE('',#3233,#503);
#236=LINE('',#3235,#504);
#237=LINE('',#3238,#505);
#238=LINE('',#3243,#506);
#239=LINE('',#3247,#507);
#240=LINE('',#3249,#508);
#241=LINE('',#3251,#509);
#242=LINE('',#3253,#510);
#243=LINE('',#3255,#511);
#244=LINE('',#3257,#512);
#245=LINE('',#3259,#513);
#246=LINE('',#3261,#514);
#247=LINE('',#3263,#515);
#248=LINE('',#3265,#516);
#249=LINE('',#3267,#517);
#250=LINE('',#3269,#518);
#251=LINE('',#3271,#519);
#252=LINE('',#3273,#520);
#253=LINE('',#3275,#521);
#254=LINE('',#3280,#522);
#255=LINE('',#3282,#523);
#256=LINE('',#3284,#524);
#257=LINE('',#3286,#525);
#258=LINE('',#3288,#526);
#259=LINE('',#3290,#527);
#260=LINE('',#3292,#528);
#261=LINE('',#3294,#529);
#262=LINE('',#3296,#530);
#263=LINE('',#3298,#531);
#264=LINE('',#3300,#532);
#265=LINE('',#3302,#533);
#266=LINE('',#3304,#534);
#267=LINE('',#3306,#535);
#268=LINE('',#3307,#536);
#269=LINE('',#3308,#537);
#270=LINE('',#3310,#538);
#271=LINE('',#3312,#539);
#272=LINE('',#3313,#540);
#273=LINE('',#3315,#541);
#274=LINE('',#3317,#542);
#275=LINE('',#3319,#543);
#276=LINE('',#3324,#544);
#277=LINE('',#3326,#545);
#278=LINE('',#3328,#546);
#279=LINE('',#3330,#547);
#280=LINE('',#3334,#548);
#281=LINE('',#3336,#549);
#282=LINE('',#3338,#550);
#283=LINE('',#3342,#551);
#284=LINE('',#3345,#552);
#285=LINE('',#3347,#553);
#286=LINE('',#3349,#554);
#287=LINE('',#3351,#555);
#288=LINE('',#3353,#556);
#289=LINE('',#3357,#557);
#290=LINE('',#3359,#558);
#291=LINE('',#3364,#559);
#292=LINE('',#3365,#560);
#293=LINE('',#3367,#561);
#294=LINE('',#3369,#562);
#295=LINE('',#3371,#563);
#296=LINE('',#3373,#564);
#297=LINE('',#3375,#565);
#298=LINE('',#3377,#566);
#299=LINE('',#3379,#567);
#300=LINE('',#3381,#568);
#301=LINE('',#3383,#569);
#302=LINE('',#3385,#570);
#303=LINE('',#3387,#571);
#304=LINE('',#3389,#572);
#305=LINE('',#3391,#573);
#306=LINE('',#3393,#574);
#307=LINE('',#3396,#575);
#308=LINE('',#3398,#576);
#309=LINE('',#3400,#577);
#310=LINE('',#3402,#578);
#311=LINE('',#3404,#579);
#312=LINE('',#3406,#580);
#313=LINE('',#3408,#581);
#314=LINE('',#3410,#582);
#315=LINE('',#3412,#583);
#316=LINE('',#3414,#584);
#317=LINE('',#3416,#585);
#318=LINE('',#3418,#586);
#319=LINE('',#3420,#587);
#320=LINE('',#3422,#588);
#321=LINE('',#3424,#589);
#322=LINE('',#3426,#590);
#323=LINE('',#3428,#591);
#324=LINE('',#3430,#592);
#325=LINE('',#3431,#593);
#326=LINE('',#3432,#594);
#327=LINE('',#3433,#595);
#328=LINE('',#3438,#596);
#329=LINE('',#3441,#597);
#330=LINE('',#3442,#598);
#331=LINE('',#3444,#599);
#332=LINE('',#3447,#600);
#333=LINE('',#3448,#601);
#334=LINE('',#3450,#602);
#335=LINE('',#3453,#603);
#336=LINE('',#3454,#604);
#337=LINE('',#3456,#605);
#338=LINE('',#3458,#606);
#339=LINE('',#3460,#607);
#340=LINE('',#3462,#608);
#341=LINE('',#3464,#609);
#342=LINE('',#3466,#610);
#343=LINE('',#3468,#611);
#344=LINE('',#3470,#612);
#345=LINE('',#3473,#613);
#346=LINE('',#3475,#614);
#347=LINE('',#3478,#615);
#348=LINE('',#3480,#616);
#349=LINE('',#3482,#617);
#350=LINE('',#3484,#618);
#351=LINE('',#3486,#619);
#352=LINE('',#3488,#620);
#353=LINE('',#3490,#621);
#354=LINE('',#3492,#622);
#355=LINE('',#3494,#623);
#356=LINE('',#3496,#624);
#357=LINE('',#3498,#625);
#358=LINE('',#3500,#626);
#359=LINE('',#3503,#627);
#360=LINE('',#3505,#628);
#361=LINE('',#3507,#629);
#362=LINE('',#3509,#630);
#363=LINE('',#3513,#631);
#364=LINE('',#3516,#632);
#365=LINE('',#3520,#633);
#366=LINE('',#3522,#634);
#367=LINE('',#3524,#635);
#368=LINE('',#3526,#636);
#369=LINE('',#3529,#637);
#370=LINE('',#3531,#638);
#371=LINE('',#3533,#639);
#372=LINE('',#3535,#640);
#373=LINE('',#3537,#641);
#374=LINE('',#3542,#642);
#375=LINE('',#3546,#643);
#376=LINE('',#3548,#644);
#377=LINE('',#3550,#645);
#378=LINE('',#3552,#646);
#379=VECTOR('',#2360,1.);
#380=VECTOR('',#2363,1.);
#381=VECTOR('',#2366,1.);
#382=VECTOR('',#2369,1.);
#383=VECTOR('',#2372,1.);
#384=VECTOR('',#2375,1.);
#385=VECTOR('',#2378,1.);
#386=VECTOR('',#2381,1.);
#387=VECTOR('',#2384,1.);
#388=VECTOR('',#2385,1.);
#389=VECTOR('',#2386,1.);
#390=VECTOR('',#2387,1.);
#391=VECTOR('',#2388,1.);
#392=VECTOR('',#2389,1.);
#393=VECTOR('',#2390,1.);
#394=VECTOR('',#2391,1.);
#395=VECTOR('',#2392,1.);
#396=VECTOR('',#2393,1.);
#397=VECTOR('',#2394,1.);
#398=VECTOR('',#2395,1.);
#399=VECTOR('',#2396,1.);
#400=VECTOR('',#2397,1.);
#401=VECTOR('',#2400,1.);
#402=VECTOR('',#2405,1.);
#403=VECTOR('',#2410,1.);
#404=VECTOR('',#2413,1.);
#405=VECTOR('',#2416,1.);
#406=VECTOR('',#2419,1.);
#407=VECTOR('',#2424,1.);
#408=VECTOR('',#2425,1.);
#409=VECTOR('',#2426,1.);
#410=VECTOR('',#2429,1.);
#411=VECTOR('',#2430,1.);
#412=VECTOR('',#2431,1.);
#413=VECTOR('',#2432,1.);
#414=VECTOR('',#2433,1.);
#415=VECTOR('',#2434,1.);
#416=VECTOR('',#2435,1.);
#417=VECTOR('',#2436,1.);
#418=VECTOR('',#2437,1.);
#419=VECTOR('',#2438,1.);
#420=VECTOR('',#2439,1.);
#421=VECTOR('',#2440,1.);
#422=VECTOR('',#2441,1.);
#423=VECTOR('',#2442,1.);
#424=VECTOR('',#2443,1.);
#425=VECTOR('',#2446,1.);
#426=VECTOR('',#2447,1.);
#427=VECTOR('',#2448,1.);
#428=VECTOR('',#2449,1.);
#429=VECTOR('',#2450,1.);
#430=VECTOR('',#2451,1.);
#431=VECTOR('',#2452,1.);
#432=VECTOR('',#2453,1.);
#433=VECTOR('',#2454,1.);
#434=VECTOR('',#2455,1.);
#435=VECTOR('',#2456,1.);
#436=VECTOR('',#2457,1.);
#437=VECTOR('',#2458,1.);
#438=VECTOR('',#2459,1.);
#439=VECTOR('',#2460,1.);
#440=VECTOR('',#2463,1.);
#441=VECTOR('',#2464,1.);
#442=VECTOR('',#2465,1.);
#443=VECTOR('',#2466,1.);
#444=VECTOR('',#2467,1.);
#445=VECTOR('',#2468,1.);
#446=VECTOR('',#2469,1.);
#447=VECTOR('',#2470,1.);
#448=VECTOR('',#2471,1.);
#449=VECTOR('',#2472,1.);
#450=VECTOR('',#2473,1.);
#451=VECTOR('',#2474,1.);
#452=VECTOR('',#2475,1.);
#453=VECTOR('',#2476,1.);
#454=VECTOR('',#2477,1.);
#455=VECTOR('',#2480,1.);
#456=VECTOR('',#2481,1.);
#457=VECTOR('',#2482,1.);
#458=VECTOR('',#2483,1.);
#459=VECTOR('',#2484,1.);
#460=VECTOR('',#2485,1.);
#461=VECTOR('',#2486,1.);
#462=VECTOR('',#2487,1.);
#463=VECTOR('',#2488,1.);
#464=VECTOR('',#2489,1.);
#465=VECTOR('',#2490,1.);
#466=VECTOR('',#2491,1.);
#467=VECTOR('',#2494,1.);
#468=VECTOR('',#2495,1.);
#469=VECTOR('',#2496,1.);
#470=VECTOR('',#2497,1.);
#471=VECTOR('',#2500,1.);
#472=VECTOR('',#2501,1.);
#473=VECTOR('',#2504,1.);
#474=VECTOR('',#2505,1.);
#475=VECTOR('',#2506,1.);
#476=VECTOR('',#2507,1.);
#477=VECTOR('',#2508,1.);
#478=VECTOR('',#2509,1.);
#479=VECTOR('',#2512,1.);
#480=VECTOR('',#2515,1.);
#481=VECTOR('',#2518,1.);
#482=VECTOR('',#2519,1.);
#483=VECTOR('',#2520,1.);
#484=VECTOR('',#2523,1.);
#485=VECTOR('',#2524,1.);
#486=VECTOR('',#2527,1.);
#487=VECTOR('',#2530,1.);
#488=VECTOR('',#2531,1.);
#489=VECTOR('',#2532,1.);
#490=VECTOR('',#2533,1.);
#491=VECTOR('',#2534,1.);
#492=VECTOR('',#2537,1.);
#493=VECTOR('',#2540,1.);
#494=VECTOR('',#2543,1.);
#495=VECTOR('',#2544,1.);
#496=VECTOR('',#2547,1.);
#497=VECTOR('',#2548,1.);
#498=VECTOR('',#2549,1.);
#499=VECTOR('',#2550,1.);
#500=VECTOR('',#2551,1.);
#501=VECTOR('',#2552,1.);
#502=VECTOR('',#2553,1.);
#503=VECTOR('',#2556,1.);
#504=VECTOR('',#2559,1.);
#505=VECTOR('',#2564,1.);
#506=VECTOR('',#2567,1.);
#507=VECTOR('',#2570,1.);
#508=VECTOR('',#2571,1.);
#509=VECTOR('',#2572,1.);
#510=VECTOR('',#2573,1.);
#511=VECTOR('',#2574,1.);
#512=VECTOR('',#2575,1.);
#513=VECTOR('',#2576,1.);
#514=VECTOR('',#2577,1.);
#515=VECTOR('',#2578,1.);
#516=VECTOR('',#2579,1.);
#517=VECTOR('',#2580,1.);
#518=VECTOR('',#2581,1.);
#519=VECTOR('',#2582,1.);
#520=VECTOR('',#2583,1.);
#521=VECTOR('',#2584,1.);
#522=VECTOR('',#2589,1.);
#523=VECTOR('',#2590,1.);
#524=VECTOR('',#2591,1.);
#525=VECTOR('',#2592,1.);
#526=VECTOR('',#2593,1.);
#527=VECTOR('',#2594,1.);
#528=VECTOR('',#2595,1.);
#529=VECTOR('',#2596,1.);
#530=VECTOR('',#2597,1.);
#531=VECTOR('',#2598,1.);
#532=VECTOR('',#2599,1.);
#533=VECTOR('',#2600,1.);
#534=VECTOR('',#2601,1.);
#535=VECTOR('',#2602,1.);
#536=VECTOR('',#2603,1.);
#537=VECTOR('',#2604,1.);
#538=VECTOR('',#2605,1.);
#539=VECTOR('',#2606,1.);
#540=VECTOR('',#2607,1.);
#541=VECTOR('',#2608,1.);
#542=VECTOR('',#2609,1.);
#543=VECTOR('',#2612,1.);
#544=VECTOR('',#2615,1.);
#545=VECTOR('',#2618,1.);
#546=VECTOR('',#2619,1.);
#547=VECTOR('',#2622,1.);
#548=VECTOR('',#2627,1.);
#549=VECTOR('',#2628,1.);
#550=VECTOR('',#2631,1.);
#551=VECTOR('',#2636,1.);
#552=VECTOR('',#2641,1.);
#553=VECTOR('',#2642,1.);
#554=VECTOR('',#2645,1.);
#555=VECTOR('',#2646,1.);
#556=VECTOR('',#2649,1.);
#557=VECTOR('',#2654,1.);
#558=VECTOR('',#2655,1.);
#559=VECTOR('',#2664,1.);
#560=VECTOR('',#2665,1.);
#561=VECTOR('',#2668,1.);
#562=VECTOR('',#2671,1.);
#563=VECTOR('',#2674,1.);
#564=VECTOR('',#2677,1.);
#565=VECTOR('',#2680,1.);
#566=VECTOR('',#2683,1.);
#567=VECTOR('',#2686,1.);
#568=VECTOR('',#2689,1.);
#569=VECTOR('',#2692,1.);
#570=VECTOR('',#2695,1.);
#571=VECTOR('',#2698,1.);
#572=VECTOR('',#2701,1.);
#573=VECTOR('',#2704,1.);
#574=VECTOR('',#2707,1.);
#575=VECTOR('',#2712,1.);
#576=VECTOR('',#2715,1.);
#577=VECTOR('',#2718,1.);
#578=VECTOR('',#2721,1.);
#579=VECTOR('',#2724,1.);
#580=VECTOR('',#2727,1.);
#581=VECTOR('',#2730,1.);
#582=VECTOR('',#2733,1.);
#583=VECTOR('',#2736,1.);
#584=VECTOR('',#2739,1.);
#585=VECTOR('',#2742,1.);
#586=VECTOR('',#2745,1.);
#587=VECTOR('',#2748,1.);
#588=VECTOR('',#2751,1.);
#589=VECTOR('',#2754,1.);
#590=VECTOR('',#2757,1.);
#591=VECTOR('',#2760,1.);
#592=VECTOR('',#2763,1.);
#593=VECTOR('',#2764,1.);
#594=VECTOR('',#2765,1.);
#595=VECTOR('',#2766,1.);
#596=VECTOR('',#2769,1.);
#597=VECTOR('',#2774,1.);
#598=VECTOR('',#2775,1.);
#599=VECTOR('',#2778,1.);
#600=VECTOR('',#2783,1.);
#601=VECTOR('',#2784,1.);
#602=VECTOR('',#2787,1.);
#603=VECTOR('',#2792,1.);
#604=VECTOR('',#2793,1.);
#605=VECTOR('',#2796,1.);
#606=VECTOR('',#2799,1.);
#607=VECTOR('',#2802,1.);
#608=VECTOR('',#2805,1.);
#609=VECTOR('',#2808,1.);
#610=VECTOR('',#2811,1.);
#611=VECTOR('',#2814,1.);
#612=VECTOR('',#2817,1.);
#613=VECTOR('',#2822,1.);
#614=VECTOR('',#2825,1.);
#615=VECTOR('',#2830,1.);
#616=VECTOR('',#2833,1.);
#617=VECTOR('',#2836,1.);
#618=VECTOR('',#2839,1.);
#619=VECTOR('',#2842,1.);
#620=VECTOR('',#2845,1.);
#621=VECTOR('',#2848,1.);
#622=VECTOR('',#2851,1.);
#623=VECTOR('',#2854,1.);
#624=VECTOR('',#2857,1.);
#625=VECTOR('',#2860,1.);
#626=VECTOR('',#2863,1.);
#627=VECTOR('',#2868,1.);
#628=VECTOR('',#2869,1.);
#629=VECTOR('',#2870,1.);
#630=VECTOR('',#2873,1.);
#631=VECTOR('',#2878,1.);
#632=VECTOR('',#2883,1.);
#633=VECTOR('',#2886,1.);
#634=VECTOR('',#2889,1.);
#635=VECTOR('',#2890,1.);
#636=VECTOR('',#2893,1.);
#637=VECTOR('',#2898,1.);
#638=VECTOR('',#2899,1.);
#639=VECTOR('',#2900,1.);
#640=VECTOR('',#2903,1.);
#641=VECTOR('',#2904,1.);
#642=VECTOR('',#2913,1.);
#643=VECTOR('',#2916,1.);
#644=VECTOR('',#2919,1.);
#645=VECTOR('',#2920,1.);
#646=VECTOR('',#2923,1.);
#647=ORIENTED_EDGE('',*,*,#1271,.F.);
#648=ORIENTED_EDGE('',*,*,#1272,.F.);
#649=ORIENTED_EDGE('',*,*,#1273,.F.);
#650=ORIENTED_EDGE('',*,*,#1274,.T.);
#651=ORIENTED_EDGE('',*,*,#1275,.T.);
#652=ORIENTED_EDGE('',*,*,#1276,.F.);
#653=ORIENTED_EDGE('',*,*,#1277,.F.);
#654=ORIENTED_EDGE('',*,*,#1278,.F.);
#655=ORIENTED_EDGE('',*,*,#1279,.F.);
#656=ORIENTED_EDGE('',*,*,#1280,.F.);
#657=ORIENTED_EDGE('',*,*,#1281,.F.);
#658=ORIENTED_EDGE('',*,*,#1282,.T.);
#659=ORIENTED_EDGE('',*,*,#1283,.F.);
#660=ORIENTED_EDGE('',*,*,#1284,.F.);
#661=ORIENTED_EDGE('',*,*,#1285,.F.);
#662=ORIENTED_EDGE('',*,*,#1286,.F.);
#663=ORIENTED_EDGE('',*,*,#1287,.F.);
#664=ORIENTED_EDGE('',*,*,#1288,.F.);
#665=ORIENTED_EDGE('',*,*,#1289,.F.);
#666=ORIENTED_EDGE('',*,*,#1290,.F.);
#667=ORIENTED_EDGE('',*,*,#1291,.F.);
#668=ORIENTED_EDGE('',*,*,#1276,.T.);
#669=ORIENTED_EDGE('',*,*,#1292,.T.);
#670=ORIENTED_EDGE('',*,*,#1293,.F.);
#671=ORIENTED_EDGE('',*,*,#1294,.F.);
#672=ORIENTED_EDGE('',*,*,#1295,.F.);
#673=ORIENTED_EDGE('',*,*,#1296,.F.);
#674=ORIENTED_EDGE('',*,*,#1297,.F.);
#675=ORIENTED_EDGE('',*,*,#1298,.F.);
#676=ORIENTED_EDGE('',*,*,#1299,.F.);
#677=ORIENTED_EDGE('',*,*,#1300,.F.);
#678=ORIENTED_EDGE('',*,*,#1272,.T.);
#679=ORIENTED_EDGE('',*,*,#1301,.T.);
#680=ORIENTED_EDGE('',*,*,#1302,.T.);
#681=ORIENTED_EDGE('',*,*,#1293,.T.);
#682=ORIENTED_EDGE('',*,*,#1303,.F.);
#683=ORIENTED_EDGE('',*,*,#1304,.F.);
#684=ORIENTED_EDGE('',*,*,#1305,.T.);
#685=ORIENTED_EDGE('',*,*,#1299,.T.);
#686=ORIENTED_EDGE('',*,*,#1306,.T.);
#687=ORIENTED_EDGE('',*,*,#1307,.T.);
#688=ORIENTED_EDGE('',*,*,#1308,.T.);
#689=ORIENTED_EDGE('',*,*,#1309,.T.);
#690=ORIENTED_EDGE('',*,*,#1310,.T.);
#691=ORIENTED_EDGE('',*,*,#1311,.T.);
#692=ORIENTED_EDGE('',*,*,#1312,.T.);
#693=ORIENTED_EDGE('',*,*,#1313,.T.);
#694=ORIENTED_EDGE('',*,*,#1314,.T.);
#695=ORIENTED_EDGE('',*,*,#1315,.T.);
#696=ORIENTED_EDGE('',*,*,#1316,.T.);
#697=ORIENTED_EDGE('',*,*,#1317,.T.);
#698=ORIENTED_EDGE('',*,*,#1318,.T.);
#699=ORIENTED_EDGE('',*,*,#1319,.T.);
#700=ORIENTED_EDGE('',*,*,#1320,.T.);
#701=ORIENTED_EDGE('',*,*,#1321,.T.);
#702=ORIENTED_EDGE('',*,*,#1322,.T.);
#703=ORIENTED_EDGE('',*,*,#1323,.T.);
#704=ORIENTED_EDGE('',*,*,#1324,.T.);
#705=ORIENTED_EDGE('',*,*,#1325,.T.);
#706=ORIENTED_EDGE('',*,*,#1326,.T.);
#707=ORIENTED_EDGE('',*,*,#1327,.T.);
#708=ORIENTED_EDGE('',*,*,#1328,.T.);
#709=ORIENTED_EDGE('',*,*,#1329,.T.);
#710=ORIENTED_EDGE('',*,*,#1330,.T.);
#711=ORIENTED_EDGE('',*,*,#1331,.T.);
#712=ORIENTED_EDGE('',*,*,#1332,.T.);
#713=ORIENTED_EDGE('',*,*,#1333,.T.);
#714=ORIENTED_EDGE('',*,*,#1334,.T.);
#715=ORIENTED_EDGE('',*,*,#1335,.T.);
#716=ORIENTED_EDGE('',*,*,#1336,.T.);
#717=ORIENTED_EDGE('',*,*,#1337,.T.);
#718=ORIENTED_EDGE('',*,*,#1338,.T.);
#719=ORIENTED_EDGE('',*,*,#1339,.T.);
#720=ORIENTED_EDGE('',*,*,#1340,.T.);
#721=ORIENTED_EDGE('',*,*,#1341,.T.);
#722=ORIENTED_EDGE('',*,*,#1342,.T.);
#723=ORIENTED_EDGE('',*,*,#1343,.T.);
#724=ORIENTED_EDGE('',*,*,#1344,.T.);
#725=ORIENTED_EDGE('',*,*,#1345,.T.);
#726=ORIENTED_EDGE('',*,*,#1346,.T.);
#727=ORIENTED_EDGE('',*,*,#1347,.T.);
#728=ORIENTED_EDGE('',*,*,#1348,.T.);
#729=ORIENTED_EDGE('',*,*,#1349,.T.);
#730=ORIENTED_EDGE('',*,*,#1350,.T.);
#731=ORIENTED_EDGE('',*,*,#1351,.T.);
#732=ORIENTED_EDGE('',*,*,#1352,.T.);
#733=ORIENTED_EDGE('',*,*,#1353,.T.);
#734=ORIENTED_EDGE('',*,*,#1354,.T.);
#735=ORIENTED_EDGE('',*,*,#1355,.T.);
#736=ORIENTED_EDGE('',*,*,#1356,.T.);
#737=ORIENTED_EDGE('',*,*,#1357,.T.);
#738=ORIENTED_EDGE('',*,*,#1358,.T.);
#739=ORIENTED_EDGE('',*,*,#1359,.T.);
#740=ORIENTED_EDGE('',*,*,#1360,.T.);
#741=ORIENTED_EDGE('',*,*,#1361,.T.);
#742=ORIENTED_EDGE('',*,*,#1362,.T.);
#743=ORIENTED_EDGE('',*,*,#1363,.T.);
#744=ORIENTED_EDGE('',*,*,#1364,.T.);
#745=ORIENTED_EDGE('',*,*,#1365,.T.);
#746=ORIENTED_EDGE('',*,*,#1366,.T.);
#747=ORIENTED_EDGE('',*,*,#1367,.T.);
#748=ORIENTED_EDGE('',*,*,#1368,.T.);
#749=ORIENTED_EDGE('',*,*,#1369,.T.);
#750=ORIENTED_EDGE('',*,*,#1370,.T.);
#751=ORIENTED_EDGE('',*,*,#1371,.T.);
#752=ORIENTED_EDGE('',*,*,#1372,.T.);
#753=ORIENTED_EDGE('',*,*,#1373,.T.);
#754=ORIENTED_EDGE('',*,*,#1374,.T.);
#755=ORIENTED_EDGE('',*,*,#1375,.T.);
#756=ORIENTED_EDGE('',*,*,#1376,.T.);
#757=ORIENTED_EDGE('',*,*,#1377,.T.);
#758=ORIENTED_EDGE('',*,*,#1378,.T.);
#759=ORIENTED_EDGE('',*,*,#1379,.F.);
#760=ORIENTED_EDGE('',*,*,#1380,.F.);
#761=ORIENTED_EDGE('',*,*,#1381,.T.);
#762=ORIENTED_EDGE('',*,*,#1382,.T.);
#763=ORIENTED_EDGE('',*,*,#1383,.T.);
#764=ORIENTED_EDGE('',*,*,#1384,.T.);
#765=ORIENTED_EDGE('',*,*,#1385,.T.);
#766=ORIENTED_EDGE('',*,*,#1349,.F.);
#767=ORIENTED_EDGE('',*,*,#1386,.F.);
#768=ORIENTED_EDGE('',*,*,#1311,.F.);
#769=ORIENTED_EDGE('',*,*,#1387,.T.);
#770=ORIENTED_EDGE('',*,*,#1335,.F.);
#771=ORIENTED_EDGE('',*,*,#1388,.T.);
#772=ORIENTED_EDGE('',*,*,#1389,.T.);
#773=ORIENTED_EDGE('',*,*,#1390,.F.);
#774=ORIENTED_EDGE('',*,*,#1391,.T.);
#775=ORIENTED_EDGE('',*,*,#1392,.T.);
#776=ORIENTED_EDGE('',*,*,#1393,.T.);
#777=ORIENTED_EDGE('',*,*,#1394,.T.);
#778=ORIENTED_EDGE('',*,*,#1395,.T.);
#779=ORIENTED_EDGE('',*,*,#1396,.T.);
#780=ORIENTED_EDGE('',*,*,#1397,.T.);
#781=ORIENTED_EDGE('',*,*,#1398,.T.);
#782=ORIENTED_EDGE('',*,*,#1399,.T.);
#783=ORIENTED_EDGE('',*,*,#1400,.F.);
#784=ORIENTED_EDGE('',*,*,#1401,.T.);
#785=ORIENTED_EDGE('',*,*,#1402,.T.);
#786=ORIENTED_EDGE('',*,*,#1403,.T.);
#787=ORIENTED_EDGE('',*,*,#1404,.T.);
#788=ORIENTED_EDGE('',*,*,#1405,.T.);
#789=ORIENTED_EDGE('',*,*,#1406,.F.);
#790=ORIENTED_EDGE('',*,*,#1407,.T.);
#791=ORIENTED_EDGE('',*,*,#1408,.F.);
#792=ORIENTED_EDGE('',*,*,#1273,.T.);
#793=ORIENTED_EDGE('',*,*,#1300,.T.);
#794=ORIENTED_EDGE('',*,*,#1305,.F.);
#795=ORIENTED_EDGE('',*,*,#1409,.T.);
#796=ORIENTED_EDGE('',*,*,#1381,.F.);
#797=ORIENTED_EDGE('',*,*,#1410,.F.);
#798=ORIENTED_EDGE('',*,*,#1411,.F.);
#799=ORIENTED_EDGE('',*,*,#1412,.F.);
#800=ORIENTED_EDGE('',*,*,#1413,.F.);
#801=ORIENTED_EDGE('',*,*,#1414,.F.);
#802=ORIENTED_EDGE('',*,*,#1415,.F.);
#803=ORIENTED_EDGE('',*,*,#1416,.T.);
#804=ORIENTED_EDGE('',*,*,#1417,.T.);
#805=ORIENTED_EDGE('',*,*,#1418,.T.);
#806=ORIENTED_EDGE('',*,*,#1379,.T.);
#807=ORIENTED_EDGE('',*,*,#1419,.F.);
#808=ORIENTED_EDGE('',*,*,#1303,.T.);
#809=ORIENTED_EDGE('',*,*,#1292,.F.);
#810=ORIENTED_EDGE('',*,*,#1275,.F.);
#811=ORIENTED_EDGE('',*,*,#1420,.T.);
#812=ORIENTED_EDGE('',*,*,#1421,.F.);
#813=ORIENTED_EDGE('',*,*,#1422,.T.);
#814=ORIENTED_EDGE('',*,*,#1423,.F.);
#815=ORIENTED_EDGE('',*,*,#1424,.T.);
#816=ORIENTED_EDGE('',*,*,#1425,.T.);
#817=ORIENTED_EDGE('',*,*,#1420,.F.);
#818=ORIENTED_EDGE('',*,*,#1274,.F.);
#819=ORIENTED_EDGE('',*,*,#1408,.T.);
#820=ORIENTED_EDGE('',*,*,#1426,.T.);
#821=ORIENTED_EDGE('',*,*,#1419,.T.);
#822=ORIENTED_EDGE('',*,*,#1382,.F.);
#823=ORIENTED_EDGE('',*,*,#1409,.F.);
#824=ORIENTED_EDGE('',*,*,#1304,.T.);
#825=ORIENTED_EDGE('',*,*,#1427,.F.);
#826=ORIENTED_EDGE('',*,*,#1428,.F.);
#827=ORIENTED_EDGE('',*,*,#1429,.F.);
#828=ORIENTED_EDGE('',*,*,#1430,.F.);
#829=ORIENTED_EDGE('',*,*,#1431,.F.);
#830=ORIENTED_EDGE('',*,*,#1432,.F.);
#831=ORIENTED_EDGE('',*,*,#1433,.F.);
#832=ORIENTED_EDGE('',*,*,#1434,.F.);
#833=ORIENTED_EDGE('',*,*,#1435,.F.);
#834=ORIENTED_EDGE('',*,*,#1436,.F.);
#835=ORIENTED_EDGE('',*,*,#1437,.F.);
#836=ORIENTED_EDGE('',*,*,#1438,.F.);
#837=ORIENTED_EDGE('',*,*,#1439,.F.);
#838=ORIENTED_EDGE('',*,*,#1440,.F.);
#839=ORIENTED_EDGE('',*,*,#1441,.F.);
#840=ORIENTED_EDGE('',*,*,#1442,.F.);
#841=ORIENTED_EDGE('',*,*,#1443,.F.);
#842=ORIENTED_EDGE('',*,*,#1444,.F.);
#843=ORIENTED_EDGE('',*,*,#1445,.F.);
#844=ORIENTED_EDGE('',*,*,#1446,.F.);
#845=ORIENTED_EDGE('',*,*,#1389,.F.);
#846=ORIENTED_EDGE('',*,*,#1447,.F.);
#847=ORIENTED_EDGE('',*,*,#1448,.F.);
#848=ORIENTED_EDGE('',*,*,#1449,.F.);
#849=ORIENTED_EDGE('',*,*,#1450,.F.);
#850=ORIENTED_EDGE('',*,*,#1451,.F.);
#851=ORIENTED_EDGE('',*,*,#1452,.F.);
#852=ORIENTED_EDGE('',*,*,#1453,.F.);
#853=ORIENTED_EDGE('',*,*,#1454,.F.);
#854=ORIENTED_EDGE('',*,*,#1455,.F.);
#855=ORIENTED_EDGE('',*,*,#1456,.F.);
#856=ORIENTED_EDGE('',*,*,#1457,.F.);
#857=ORIENTED_EDGE('',*,*,#1458,.F.);
#858=ORIENTED_EDGE('',*,*,#1459,.F.);
#859=ORIENTED_EDGE('',*,*,#1460,.F.);
#860=ORIENTED_EDGE('',*,*,#1461,.F.);
#861=ORIENTED_EDGE('',*,*,#1422,.F.);
#862=ORIENTED_EDGE('',*,*,#1462,.F.);
#863=ORIENTED_EDGE('',*,*,#1406,.T.);
#864=ORIENTED_EDGE('',*,*,#1463,.F.);
#865=ORIENTED_EDGE('',*,*,#1464,.T.);
#866=ORIENTED_EDGE('',*,*,#1465,.T.);
#867=ORIENTED_EDGE('',*,*,#1400,.T.);
#868=ORIENTED_EDGE('',*,*,#1380,.T.);
#869=ORIENTED_EDGE('',*,*,#1418,.F.);
#870=ORIENTED_EDGE('',*,*,#1466,.F.);
#871=ORIENTED_EDGE('',*,*,#1467,.F.);
#872=ORIENTED_EDGE('',*,*,#1468,.T.);
#873=ORIENTED_EDGE('',*,*,#1469,.F.);
#874=ORIENTED_EDGE('',*,*,#1470,.F.);
#875=ORIENTED_EDGE('',*,*,#1471,.F.);
#876=ORIENTED_EDGE('',*,*,#1421,.T.);
#877=ORIENTED_EDGE('',*,*,#1426,.F.);
#878=ORIENTED_EDGE('',*,*,#1407,.F.);
#879=ORIENTED_EDGE('',*,*,#1462,.T.);
#880=ORIENTED_EDGE('',*,*,#1472,.F.);
#881=ORIENTED_EDGE('',*,*,#1473,.T.);
#882=ORIENTED_EDGE('',*,*,#1466,.T.);
#883=ORIENTED_EDGE('',*,*,#1417,.F.);
#884=ORIENTED_EDGE('',*,*,#1474,.F.);
#885=ORIENTED_EDGE('',*,*,#1475,.T.);
#886=ORIENTED_EDGE('',*,*,#1472,.T.);
#887=ORIENTED_EDGE('',*,*,#1416,.F.);
#888=ORIENTED_EDGE('',*,*,#1476,.F.);
#889=ORIENTED_EDGE('',*,*,#1477,.T.);
#890=ORIENTED_EDGE('',*,*,#1474,.T.);
#891=ORIENTED_EDGE('',*,*,#1425,.F.);
#892=ORIENTED_EDGE('',*,*,#1478,.F.);
#893=ORIENTED_EDGE('',*,*,#1479,.T.);
#894=ORIENTED_EDGE('',*,*,#1476,.T.);
#895=ORIENTED_EDGE('',*,*,#1424,.F.);
#896=ORIENTED_EDGE('',*,*,#1480,.F.);
#897=ORIENTED_EDGE('',*,*,#1478,.T.);
#898=ORIENTED_EDGE('',*,*,#1423,.T.);
#899=ORIENTED_EDGE('',*,*,#1468,.F.);
#900=ORIENTED_EDGE('',*,*,#1473,.F.);
#901=ORIENTED_EDGE('',*,*,#1475,.F.);
#902=ORIENTED_EDGE('',*,*,#1477,.F.);
#903=ORIENTED_EDGE('',*,*,#1479,.F.);
#904=ORIENTED_EDGE('',*,*,#1480,.T.);
#905=ORIENTED_EDGE('',*,*,#1467,.T.);
#906=ORIENTED_EDGE('',*,*,#1401,.F.);
#907=ORIENTED_EDGE('',*,*,#1465,.F.);
#908=ORIENTED_EDGE('',*,*,#1481,.T.);
#909=ORIENTED_EDGE('',*,*,#1482,.T.);
#910=ORIENTED_EDGE('',*,*,#1405,.F.);
#911=ORIENTED_EDGE('',*,*,#1483,.F.);
#912=ORIENTED_EDGE('',*,*,#1484,.T.);
#913=ORIENTED_EDGE('',*,*,#1463,.T.);
#914=ORIENTED_EDGE('',*,*,#1404,.F.);
#915=ORIENTED_EDGE('',*,*,#1485,.F.);
#916=ORIENTED_EDGE('',*,*,#1486,.T.);
#917=ORIENTED_EDGE('',*,*,#1483,.T.);
#918=ORIENTED_EDGE('',*,*,#1403,.F.);
#919=ORIENTED_EDGE('',*,*,#1487,.F.);
#920=ORIENTED_EDGE('',*,*,#1488,.T.);
#921=ORIENTED_EDGE('',*,*,#1485,.T.);
#922=ORIENTED_EDGE('',*,*,#1402,.F.);
#923=ORIENTED_EDGE('',*,*,#1482,.F.);
#924=ORIENTED_EDGE('',*,*,#1489,.T.);
#925=ORIENTED_EDGE('',*,*,#1487,.T.);
#926=ORIENTED_EDGE('',*,*,#1481,.F.);
#927=ORIENTED_EDGE('',*,*,#1464,.F.);
#928=ORIENTED_EDGE('',*,*,#1484,.F.);
#929=ORIENTED_EDGE('',*,*,#1486,.F.);
#930=ORIENTED_EDGE('',*,*,#1488,.F.);
#931=ORIENTED_EDGE('',*,*,#1489,.F.);
#932=ORIENTED_EDGE('',*,*,#1427,.T.);
#933=ORIENTED_EDGE('',*,*,#1490,.F.);
#934=ORIENTED_EDGE('',*,*,#1319,.F.);
#935=ORIENTED_EDGE('',*,*,#1491,.T.);
#936=ORIENTED_EDGE('',*,*,#1461,.T.);
#937=ORIENTED_EDGE('',*,*,#1492,.F.);
#938=ORIENTED_EDGE('',*,*,#1320,.F.);
#939=ORIENTED_EDGE('',*,*,#1490,.T.);
#940=ORIENTED_EDGE('',*,*,#1460,.T.);
#941=ORIENTED_EDGE('',*,*,#1493,.F.);
#942=ORIENTED_EDGE('',*,*,#1321,.F.);
#943=ORIENTED_EDGE('',*,*,#1492,.T.);
#944=ORIENTED_EDGE('',*,*,#1459,.T.);
#945=ORIENTED_EDGE('',*,*,#1494,.F.);
#946=ORIENTED_EDGE('',*,*,#1322,.F.);
#947=ORIENTED_EDGE('',*,*,#1493,.T.);
#948=ORIENTED_EDGE('',*,*,#1458,.T.);
#949=ORIENTED_EDGE('',*,*,#1495,.F.);
#950=ORIENTED_EDGE('',*,*,#1323,.F.);
#951=ORIENTED_EDGE('',*,*,#1494,.T.);
#952=ORIENTED_EDGE('',*,*,#1457,.T.);
#953=ORIENTED_EDGE('',*,*,#1496,.F.);
#954=ORIENTED_EDGE('',*,*,#1324,.F.);
#955=ORIENTED_EDGE('',*,*,#1495,.T.);
#956=ORIENTED_EDGE('',*,*,#1456,.T.);
#957=ORIENTED_EDGE('',*,*,#1497,.F.);
#958=ORIENTED_EDGE('',*,*,#1325,.F.);
#959=ORIENTED_EDGE('',*,*,#1496,.T.);
#960=ORIENTED_EDGE('',*,*,#1455,.T.);
#961=ORIENTED_EDGE('',*,*,#1498,.F.);
#962=ORIENTED_EDGE('',*,*,#1326,.F.);
#963=ORIENTED_EDGE('',*,*,#1497,.T.);
#964=ORIENTED_EDGE('',*,*,#1454,.T.);
#965=ORIENTED_EDGE('',*,*,#1499,.F.);
#966=ORIENTED_EDGE('',*,*,#1327,.F.);
#967=ORIENTED_EDGE('',*,*,#1498,.T.);
#968=ORIENTED_EDGE('',*,*,#1453,.T.);
#969=ORIENTED_EDGE('',*,*,#1500,.F.);
#970=ORIENTED_EDGE('',*,*,#1328,.F.);
#971=ORIENTED_EDGE('',*,*,#1499,.T.);
#972=ORIENTED_EDGE('',*,*,#1452,.T.);
#973=ORIENTED_EDGE('',*,*,#1501,.F.);
#974=ORIENTED_EDGE('',*,*,#1329,.F.);
#975=ORIENTED_EDGE('',*,*,#1500,.T.);
#976=ORIENTED_EDGE('',*,*,#1451,.T.);
#977=ORIENTED_EDGE('',*,*,#1502,.F.);
#978=ORIENTED_EDGE('',*,*,#1330,.F.);
#979=ORIENTED_EDGE('',*,*,#1501,.T.);
#980=ORIENTED_EDGE('',*,*,#1450,.T.);
#981=ORIENTED_EDGE('',*,*,#1503,.F.);
#982=ORIENTED_EDGE('',*,*,#1331,.F.);
#983=ORIENTED_EDGE('',*,*,#1502,.T.);
#984=ORIENTED_EDGE('',*,*,#1449,.T.);
#985=ORIENTED_EDGE('',*,*,#1504,.F.);
#986=ORIENTED_EDGE('',*,*,#1332,.F.);
#987=ORIENTED_EDGE('',*,*,#1503,.T.);
#988=ORIENTED_EDGE('',*,*,#1448,.T.);
#989=ORIENTED_EDGE('',*,*,#1505,.F.);
#990=ORIENTED_EDGE('',*,*,#1333,.F.);
#991=ORIENTED_EDGE('',*,*,#1504,.T.);
#992=ORIENTED_EDGE('',*,*,#1447,.T.);
#993=ORIENTED_EDGE('',*,*,#1388,.F.);
#994=ORIENTED_EDGE('',*,*,#1334,.F.);
#995=ORIENTED_EDGE('',*,*,#1505,.T.);
#996=ORIENTED_EDGE('',*,*,#1446,.T.);
#997=ORIENTED_EDGE('',*,*,#1506,.F.);
#998=ORIENTED_EDGE('',*,*,#1350,.F.);
#999=ORIENTED_EDGE('',*,*,#1390,.T.);
#1000=ORIENTED_EDGE('',*,*,#1445,.T.);
#1001=ORIENTED_EDGE('',*,*,#1507,.F.);
#1002=ORIENTED_EDGE('',*,*,#1351,.F.);
#1003=ORIENTED_EDGE('',*,*,#1506,.T.);
#1004=ORIENTED_EDGE('',*,*,#1444,.T.);
#1005=ORIENTED_EDGE('',*,*,#1508,.F.);
#1006=ORIENTED_EDGE('',*,*,#1352,.F.);
#1007=ORIENTED_EDGE('',*,*,#1507,.T.);
#1008=ORIENTED_EDGE('',*,*,#1443,.T.);
#1009=ORIENTED_EDGE('',*,*,#1509,.F.);
#1010=ORIENTED_EDGE('',*,*,#1353,.F.);
#1011=ORIENTED_EDGE('',*,*,#1508,.T.);
#1012=ORIENTED_EDGE('',*,*,#1442,.T.);
#1013=ORIENTED_EDGE('',*,*,#1510,.F.);
#1014=ORIENTED_EDGE('',*,*,#1354,.F.);
#1015=ORIENTED_EDGE('',*,*,#1509,.T.);
#1016=ORIENTED_EDGE('',*,*,#1441,.T.);
#1017=ORIENTED_EDGE('',*,*,#1511,.F.);
#1018=ORIENTED_EDGE('',*,*,#1355,.F.);
#1019=ORIENTED_EDGE('',*,*,#1510,.T.);
#1020=ORIENTED_EDGE('',*,*,#1440,.T.);
#1021=ORIENTED_EDGE('',*,*,#1512,.F.);
#1022=ORIENTED_EDGE('',*,*,#1356,.F.);
#1023=ORIENTED_EDGE('',*,*,#1511,.T.);
#1024=ORIENTED_EDGE('',*,*,#1439,.T.);
#1025=ORIENTED_EDGE('',*,*,#1513,.F.);
#1026=ORIENTED_EDGE('',*,*,#1357,.F.);
#1027=ORIENTED_EDGE('',*,*,#1512,.T.);
#1028=ORIENTED_EDGE('',*,*,#1438,.T.);
#1029=ORIENTED_EDGE('',*,*,#1514,.F.);
#1030=ORIENTED_EDGE('',*,*,#1358,.F.);
#1031=ORIENTED_EDGE('',*,*,#1513,.T.);
#1032=ORIENTED_EDGE('',*,*,#1437,.T.);
#1033=ORIENTED_EDGE('',*,*,#1515,.F.);
#1034=ORIENTED_EDGE('',*,*,#1359,.F.);
#1035=ORIENTED_EDGE('',*,*,#1514,.T.);
#1036=ORIENTED_EDGE('',*,*,#1436,.T.);
#1037=ORIENTED_EDGE('',*,*,#1516,.F.);
#1038=ORIENTED_EDGE('',*,*,#1360,.F.);
#1039=ORIENTED_EDGE('',*,*,#1515,.T.);
#1040=ORIENTED_EDGE('',*,*,#1435,.T.);
#1041=ORIENTED_EDGE('',*,*,#1517,.F.);
#1042=ORIENTED_EDGE('',*,*,#1361,.F.);
#1043=ORIENTED_EDGE('',*,*,#1516,.T.);
#1044=ORIENTED_EDGE('',*,*,#1434,.T.);
#1045=ORIENTED_EDGE('',*,*,#1518,.F.);
#1046=ORIENTED_EDGE('',*,*,#1362,.F.);
#1047=ORIENTED_EDGE('',*,*,#1517,.T.);
#1048=ORIENTED_EDGE('',*,*,#1433,.T.);
#1049=ORIENTED_EDGE('',*,*,#1519,.F.);
#1050=ORIENTED_EDGE('',*,*,#1363,.F.);
#1051=ORIENTED_EDGE('',*,*,#1518,.T.);
#1052=ORIENTED_EDGE('',*,*,#1432,.T.);
#1053=ORIENTED_EDGE('',*,*,#1520,.F.);
#1054=ORIENTED_EDGE('',*,*,#1364,.F.);
#1055=ORIENTED_EDGE('',*,*,#1519,.T.);
#1056=ORIENTED_EDGE('',*,*,#1431,.T.);
#1057=ORIENTED_EDGE('',*,*,#1521,.F.);
#1058=ORIENTED_EDGE('',*,*,#1365,.F.);
#1059=ORIENTED_EDGE('',*,*,#1520,.T.);
#1060=ORIENTED_EDGE('',*,*,#1430,.T.);
#1061=ORIENTED_EDGE('',*,*,#1522,.F.);
#1062=ORIENTED_EDGE('',*,*,#1366,.F.);
#1063=ORIENTED_EDGE('',*,*,#1521,.T.);
#1064=ORIENTED_EDGE('',*,*,#1317,.F.);
#1065=ORIENTED_EDGE('',*,*,#1523,.F.);
#1066=ORIENTED_EDGE('',*,*,#1282,.F.);
#1067=ORIENTED_EDGE('',*,*,#1524,.T.);
#1068=ORIENTED_EDGE('',*,*,#1367,.F.);
#1069=ORIENTED_EDGE('',*,*,#1522,.T.);
#1070=ORIENTED_EDGE('',*,*,#1429,.T.);
#1071=ORIENTED_EDGE('',*,*,#1525,.F.);
#1072=ORIENTED_EDGE('',*,*,#1526,.F.);
#1073=ORIENTED_EDGE('',*,*,#1527,.F.);
#1074=ORIENTED_EDGE('',*,*,#1528,.F.);
#1075=ORIENTED_EDGE('',*,*,#1428,.T.);
#1076=ORIENTED_EDGE('',*,*,#1491,.F.);
#1077=ORIENTED_EDGE('',*,*,#1318,.F.);
#1078=ORIENTED_EDGE('',*,*,#1525,.T.);
#1079=ORIENTED_EDGE('',*,*,#1526,.T.);
#1080=ORIENTED_EDGE('',*,*,#1529,.T.);
#1081=ORIENTED_EDGE('',*,*,#1471,.T.);
#1082=ORIENTED_EDGE('',*,*,#1530,.F.);
#1083=ORIENTED_EDGE('',*,*,#1528,.T.);
#1084=ORIENTED_EDGE('',*,*,#1531,.T.);
#1085=ORIENTED_EDGE('',*,*,#1469,.T.);
#1086=ORIENTED_EDGE('',*,*,#1529,.F.);
#1087=ORIENTED_EDGE('',*,*,#1527,.T.);
#1088=ORIENTED_EDGE('',*,*,#1530,.T.);
#1089=ORIENTED_EDGE('',*,*,#1470,.T.);
#1090=ORIENTED_EDGE('',*,*,#1531,.F.);
#1091=ORIENTED_EDGE('',*,*,#1532,.T.);
#1092=ORIENTED_EDGE('',*,*,#1385,.F.);
#1093=ORIENTED_EDGE('',*,*,#1533,.F.);
#1094=ORIENTED_EDGE('',*,*,#1393,.F.);
#1095=ORIENTED_EDGE('',*,*,#1534,.T.);
#1096=ORIENTED_EDGE('',*,*,#1383,.F.);
#1097=ORIENTED_EDGE('',*,*,#1532,.F.);
#1098=ORIENTED_EDGE('',*,*,#1392,.F.);
#1099=ORIENTED_EDGE('',*,*,#1533,.T.);
#1100=ORIENTED_EDGE('',*,*,#1384,.F.);
#1101=ORIENTED_EDGE('',*,*,#1534,.F.);
#1102=ORIENTED_EDGE('',*,*,#1391,.F.);
#1103=ORIENTED_EDGE('',*,*,#1294,.T.);
#1104=ORIENTED_EDGE('',*,*,#1302,.F.);
#1105=ORIENTED_EDGE('',*,*,#1535,.T.);
#1106=ORIENTED_EDGE('',*,*,#1344,.F.);
#1107=ORIENTED_EDGE('',*,*,#1536,.F.);
#1108=ORIENTED_EDGE('',*,*,#1295,.T.);
#1109=ORIENTED_EDGE('',*,*,#1536,.T.);
#1110=ORIENTED_EDGE('',*,*,#1343,.F.);
#1111=ORIENTED_EDGE('',*,*,#1537,.F.);
#1112=ORIENTED_EDGE('',*,*,#1296,.T.);
#1113=ORIENTED_EDGE('',*,*,#1537,.T.);
#1114=ORIENTED_EDGE('',*,*,#1342,.F.);
#1115=ORIENTED_EDGE('',*,*,#1538,.F.);
#1116=ORIENTED_EDGE('',*,*,#1297,.T.);
#1117=ORIENTED_EDGE('',*,*,#1538,.T.);
#1118=ORIENTED_EDGE('',*,*,#1341,.F.);
#1119=ORIENTED_EDGE('',*,*,#1539,.F.);
#1120=ORIENTED_EDGE('',*,*,#1298,.T.);
#1121=ORIENTED_EDGE('',*,*,#1539,.T.);
#1122=ORIENTED_EDGE('',*,*,#1340,.F.);
#1123=ORIENTED_EDGE('',*,*,#1540,.F.);
#1124=ORIENTED_EDGE('',*,*,#1306,.F.);
#1125=ORIENTED_EDGE('',*,*,#1541,.T.);
#1126=ORIENTED_EDGE('',*,*,#1336,.F.);
#1127=ORIENTED_EDGE('',*,*,#1387,.F.);
#1128=ORIENTED_EDGE('',*,*,#1310,.F.);
#1129=ORIENTED_EDGE('',*,*,#1386,.T.);
#1130=ORIENTED_EDGE('',*,*,#1348,.F.);
#1131=ORIENTED_EDGE('',*,*,#1542,.F.);
#1132=ORIENTED_EDGE('',*,*,#1312,.F.);
#1133=ORIENTED_EDGE('',*,*,#1542,.T.);
#1134=ORIENTED_EDGE('',*,*,#1347,.F.);
#1135=ORIENTED_EDGE('',*,*,#1543,.F.);
#1136=ORIENTED_EDGE('',*,*,#1313,.F.);
#1137=ORIENTED_EDGE('',*,*,#1543,.T.);
#1138=ORIENTED_EDGE('',*,*,#1346,.F.);
#1139=ORIENTED_EDGE('',*,*,#1544,.F.);
#1140=ORIENTED_EDGE('',*,*,#1314,.F.);
#1141=ORIENTED_EDGE('',*,*,#1544,.T.);
#1142=ORIENTED_EDGE('',*,*,#1345,.F.);
#1143=ORIENTED_EDGE('',*,*,#1535,.F.);
#1144=ORIENTED_EDGE('',*,*,#1301,.F.);
#1145=ORIENTED_EDGE('',*,*,#1540,.T.);
#1146=ORIENTED_EDGE('',*,*,#1339,.F.);
#1147=ORIENTED_EDGE('',*,*,#1545,.F.);
#1148=ORIENTED_EDGE('',*,*,#1307,.F.);
#1149=ORIENTED_EDGE('',*,*,#1545,.T.);
#1150=ORIENTED_EDGE('',*,*,#1338,.F.);
#1151=ORIENTED_EDGE('',*,*,#1546,.F.);
#1152=ORIENTED_EDGE('',*,*,#1308,.F.);
#1153=ORIENTED_EDGE('',*,*,#1546,.T.);
#1154=ORIENTED_EDGE('',*,*,#1337,.F.);
#1155=ORIENTED_EDGE('',*,*,#1541,.F.);
#1156=ORIENTED_EDGE('',*,*,#1309,.F.);
#1157=ORIENTED_EDGE('',*,*,#1283,.T.);
#1158=ORIENTED_EDGE('',*,*,#1523,.T.);
#1159=ORIENTED_EDGE('',*,*,#1316,.F.);
#1160=ORIENTED_EDGE('',*,*,#1547,.F.);
#1161=ORIENTED_EDGE('',*,*,#1284,.T.);
#1162=ORIENTED_EDGE('',*,*,#1547,.T.);
#1163=ORIENTED_EDGE('',*,*,#1315,.F.);
#1164=ORIENTED_EDGE('',*,*,#1548,.F.);
#1165=ORIENTED_EDGE('',*,*,#1285,.T.);
#1166=ORIENTED_EDGE('',*,*,#1548,.T.);
#1167=ORIENTED_EDGE('',*,*,#1378,.F.);
#1168=ORIENTED_EDGE('',*,*,#1549,.F.);
#1169=ORIENTED_EDGE('',*,*,#1286,.T.);
#1170=ORIENTED_EDGE('',*,*,#1549,.T.);
#1171=ORIENTED_EDGE('',*,*,#1377,.F.);
#1172=ORIENTED_EDGE('',*,*,#1550,.F.);
#1173=ORIENTED_EDGE('',*,*,#1271,.T.);
#1174=ORIENTED_EDGE('',*,*,#1550,.T.);
#1175=ORIENTED_EDGE('',*,*,#1376,.F.);
#1176=ORIENTED_EDGE('',*,*,#1551,.F.);
#1177=ORIENTED_EDGE('',*,*,#1287,.T.);
#1178=ORIENTED_EDGE('',*,*,#1288,.T.);
#1179=ORIENTED_EDGE('',*,*,#1551,.T.);
#1180=ORIENTED_EDGE('',*,*,#1375,.F.);
#1181=ORIENTED_EDGE('',*,*,#1552,.F.);
#1182=ORIENTED_EDGE('',*,*,#1289,.T.);
#1183=ORIENTED_EDGE('',*,*,#1552,.T.);
#1184=ORIENTED_EDGE('',*,*,#1374,.F.);
#1185=ORIENTED_EDGE('',*,*,#1553,.F.);
#1186=ORIENTED_EDGE('',*,*,#1290,.T.);
#1187=ORIENTED_EDGE('',*,*,#1553,.T.);
#1188=ORIENTED_EDGE('',*,*,#1373,.F.);
#1189=ORIENTED_EDGE('',*,*,#1554,.F.);
#1190=ORIENTED_EDGE('',*,*,#1277,.T.);
#1191=ORIENTED_EDGE('',*,*,#1291,.T.);
#1192=ORIENTED_EDGE('',*,*,#1554,.T.);
#1193=ORIENTED_EDGE('',*,*,#1372,.F.);
#1194=ORIENTED_EDGE('',*,*,#1555,.F.);
#1195=ORIENTED_EDGE('',*,*,#1278,.T.);
#1196=ORIENTED_EDGE('',*,*,#1555,.T.);
#1197=ORIENTED_EDGE('',*,*,#1371,.F.);
#1198=ORIENTED_EDGE('',*,*,#1556,.F.);
#1199=ORIENTED_EDGE('',*,*,#1279,.T.);
#1200=ORIENTED_EDGE('',*,*,#1556,.T.);
#1201=ORIENTED_EDGE('',*,*,#1370,.F.);
#1202=ORIENTED_EDGE('',*,*,#1557,.F.);
#1203=ORIENTED_EDGE('',*,*,#1280,.T.);
#1204=ORIENTED_EDGE('',*,*,#1557,.T.);
#1205=ORIENTED_EDGE('',*,*,#1369,.F.);
#1206=ORIENTED_EDGE('',*,*,#1558,.F.);
#1207=ORIENTED_EDGE('',*,*,#1281,.T.);
#1208=ORIENTED_EDGE('',*,*,#1558,.T.);
#1209=ORIENTED_EDGE('',*,*,#1368,.F.);
#1210=ORIENTED_EDGE('',*,*,#1524,.F.);
#1211=ORIENTED_EDGE('',*,*,#1414,.T.);
#1212=ORIENTED_EDGE('',*,*,#1559,.F.);
#1213=ORIENTED_EDGE('',*,*,#1560,.F.);
#1214=ORIENTED_EDGE('',*,*,#1561,.T.);
#1215=ORIENTED_EDGE('',*,*,#1413,.T.);
#1216=ORIENTED_EDGE('',*,*,#1562,.F.);
#1217=ORIENTED_EDGE('',*,*,#1563,.F.);
#1218=ORIENTED_EDGE('',*,*,#1559,.T.);
#1219=ORIENTED_EDGE('',*,*,#1415,.T.);
#1220=ORIENTED_EDGE('',*,*,#1561,.F.);
#1221=ORIENTED_EDGE('',*,*,#1564,.F.);
#1222=ORIENTED_EDGE('',*,*,#1562,.T.);
#1223=ORIENTED_EDGE('',*,*,#1560,.T.);
#1224=ORIENTED_EDGE('',*,*,#1563,.T.);
#1225=ORIENTED_EDGE('',*,*,#1564,.T.);
#1226=ORIENTED_EDGE('',*,*,#1411,.T.);
#1227=ORIENTED_EDGE('',*,*,#1565,.F.);
#1228=ORIENTED_EDGE('',*,*,#1566,.F.);
#1229=ORIENTED_EDGE('',*,*,#1567,.T.);
#1230=ORIENTED_EDGE('',*,*,#1410,.T.);
#1231=ORIENTED_EDGE('',*,*,#1568,.F.);
#1232=ORIENTED_EDGE('',*,*,#1569,.F.);
#1233=ORIENTED_EDGE('',*,*,#1565,.T.);
#1234=ORIENTED_EDGE('',*,*,#1412,.T.);
#1235=ORIENTED_EDGE('',*,*,#1567,.F.);
#1236=ORIENTED_EDGE('',*,*,#1570,.F.);
#1237=ORIENTED_EDGE('',*,*,#1568,.T.);
#1238=ORIENTED_EDGE('',*,*,#1566,.T.);
#1239=ORIENTED_EDGE('',*,*,#1569,.T.);
#1240=ORIENTED_EDGE('',*,*,#1570,.T.);
#1241=ORIENTED_EDGE('',*,*,#1398,.F.);
#1242=ORIENTED_EDGE('',*,*,#1571,.F.);
#1243=ORIENTED_EDGE('',*,*,#1572,.T.);
#1244=ORIENTED_EDGE('',*,*,#1573,.T.);
#1245=ORIENTED_EDGE('',*,*,#1397,.F.);
#1246=ORIENTED_EDGE('',*,*,#1574,.F.);
#1247=ORIENTED_EDGE('',*,*,#1575,.T.);
#1248=ORIENTED_EDGE('',*,*,#1571,.T.);
#1249=ORIENTED_EDGE('',*,*,#1399,.F.);
#1250=ORIENTED_EDGE('',*,*,#1573,.F.);
#1251=ORIENTED_EDGE('',*,*,#1576,.T.);
#1252=ORIENTED_EDGE('',*,*,#1574,.T.);
#1253=ORIENTED_EDGE('',*,*,#1572,.F.);
#1254=ORIENTED_EDGE('',*,*,#1575,.F.);
#1255=ORIENTED_EDGE('',*,*,#1576,.F.);
#1256=ORIENTED_EDGE('',*,*,#1395,.F.);
#1257=ORIENTED_EDGE('',*,*,#1577,.F.);
#1258=ORIENTED_EDGE('',*,*,#1578,.T.);
#1259=ORIENTED_EDGE('',*,*,#1579,.T.);
#1260=ORIENTED_EDGE('',*,*,#1394,.F.);
#1261=ORIENTED_EDGE('',*,*,#1580,.F.);
#1262=ORIENTED_EDGE('',*,*,#1581,.T.);
#1263=ORIENTED_EDGE('',*,*,#1577,.T.);
#1264=ORIENTED_EDGE('',*,*,#1396,.F.);
#1265=ORIENTED_EDGE('',*,*,#1579,.F.);
#1266=ORIENTED_EDGE('',*,*,#1582,.T.);
#1267=ORIENTED_EDGE('',*,*,#1580,.T.);
#1268=ORIENTED_EDGE('',*,*,#1578,.F.);
#1269=ORIENTED_EDGE('',*,*,#1581,.F.);
#1270=ORIENTED_EDGE('',*,*,#1582,.F.);
#1271=EDGE_CURVE('',#1583,#1584,#1791,.F.);
#1272=EDGE_CURVE('',#1585,#1583,#111,.T.);
#1273=EDGE_CURVE('',#1586,#1585,#1792,.T.);
#1274=EDGE_CURVE('',#1586,#1587,#112,.T.);
#1275=EDGE_CURVE('',#1587,#1588,#1793,.T.);
#1276=EDGE_CURVE('',#1589,#1588,#113,.T.);
#1277=EDGE_CURVE('',#1590,#1589,#1794,.F.);
#1278=EDGE_CURVE('',#1591,#1590,#114,.T.);
#1279=EDGE_CURVE('',#1592,#1591,#1795,.F.);
#1280=EDGE_CURVE('',#1593,#1592,#115,.F.);
#1281=EDGE_CURVE('',#1594,#1593,#1796,.F.);
#1282=EDGE_CURVE('',#1594,#1595,#116,.F.);
#1283=EDGE_CURVE('',#1596,#1595,#1797,.F.);
#1284=EDGE_CURVE('',#1597,#1596,#117,.F.);
#1285=EDGE_CURVE('',#1598,#1597,#1798,.F.);
#1286=EDGE_CURVE('',#1584,#1598,#118,.T.);
#1287=EDGE_CURVE('',#1599,#1583,#119,.T.);
#1288=EDGE_CURVE('',#1600,#1599,#120,.T.);
#1289=EDGE_CURVE('',#1601,#1600,#121,.T.);
#1290=EDGE_CURVE('',#1602,#1601,#122,.T.);
#1291=EDGE_CURVE('',#1589,#1602,#123,.T.);
#1292=EDGE_CURVE('',#1588,#1603,#124,.T.);
#1293=EDGE_CURVE('',#1604,#1603,#125,.T.);
#1294=EDGE_CURVE('',#1605,#1604,#126,.T.);
#1295=EDGE_CURVE('',#1606,#1605,#127,.T.);
#1296=EDGE_CURVE('',#1607,#1606,#128,.T.);
#1297=EDGE_CURVE('',#1608,#1607,#129,.T.);
#1298=EDGE_CURVE('',#1609,#1608,#130,.T.);
#1299=EDGE_CURVE('',#1610,#1609,#131,.T.);
#1300=EDGE_CURVE('',#1585,#1610,#132,.T.);
#1301=EDGE_CURVE('',#1611,#1612,#133,.T.);
#1302=EDGE_CURVE('',#1612,#1604,#1799,.T.);
#1303=EDGE_CURVE('',#1613,#1603,#1800,.T.);
#1304=EDGE_CURVE('',#1614,#1613,#134,.T.);
#1305=EDGE_CURVE('',#1614,#1610,#1801,.T.);
#1306=EDGE_CURVE('',#1609,#1615,#1802,.T.);
#1307=EDGE_CURVE('',#1615,#1616,#135,.T.);
#1308=EDGE_CURVE('',#1616,#1617,#1803,.T.);
#1309=EDGE_CURVE('',#1617,#1618,#136,.F.);
#1310=EDGE_CURVE('',#1618,#1619,#1804,.T.);
#1311=EDGE_CURVE('',#1619,#1620,#137,.T.);
#1312=EDGE_CURVE('',#1620,#1621,#1805,.T.);
#1313=EDGE_CURVE('',#1621,#1622,#138,.F.);
#1314=EDGE_CURVE('',#1622,#1611,#1806,.T.);
#1315=EDGE_CURVE('',#1623,#1624,#139,.T.);
#1316=EDGE_CURVE('',#1624,#1625,#140,.T.);
#1317=EDGE_CURVE('',#1625,#1626,#141,.T.);
#1318=EDGE_CURVE('',#1626,#1627,#1807,.T.);
#1319=EDGE_CURVE('',#1627,#1628,#142,.T.);
#1320=EDGE_CURVE('',#1628,#1629,#143,.T.);
#1321=EDGE_CURVE('',#1629,#1630,#144,.T.);
#1322=EDGE_CURVE('',#1630,#1631,#145,.T.);
#1323=EDGE_CURVE('',#1631,#1632,#146,.T.);
#1324=EDGE_CURVE('',#1632,#1633,#147,.T.);
#1325=EDGE_CURVE('',#1633,#1634,#148,.T.);
#1326=EDGE_CURVE('',#1634,#1635,#149,.T.);
#1327=EDGE_CURVE('',#1635,#1636,#150,.T.);
#1328=EDGE_CURVE('',#1636,#1637,#151,.T.);
#1329=EDGE_CURVE('',#1637,#1638,#152,.T.);
#1330=EDGE_CURVE('',#1638,#1639,#153,.T.);
#1331=EDGE_CURVE('',#1639,#1640,#154,.T.);
#1332=EDGE_CURVE('',#1640,#1641,#155,.T.);
#1333=EDGE_CURVE('',#1641,#1642,#156,.T.);
#1334=EDGE_CURVE('',#1642,#1643,#1808,.T.);
#1335=EDGE_CURVE('',#1643,#1644,#157,.T.);
#1336=EDGE_CURVE('',#1644,#1645,#158,.T.);
#1337=EDGE_CURVE('',#1645,#1646,#159,.T.);
#1338=EDGE_CURVE('',#1646,#1647,#160,.T.);
#1339=EDGE_CURVE('',#1647,#1648,#161,.T.);
#1340=EDGE_CURVE('',#1648,#1649,#162,.T.);
#1341=EDGE_CURVE('',#1649,#1650,#163,.T.);
#1342=EDGE_CURVE('',#1650,#1651,#164,.T.);
#1343=EDGE_CURVE('',#1651,#1652,#165,.T.);
#1344=EDGE_CURVE('',#1652,#1653,#166,.T.);
#1345=EDGE_CURVE('',#1653,#1654,#167,.T.);
#1346=EDGE_CURVE('',#1654,#1655,#168,.T.);
#1347=EDGE_CURVE('',#1655,#1656,#169,.T.);
#1348=EDGE_CURVE('',#1656,#1657,#170,.T.);
#1349=EDGE_CURVE('',#1657,#1658,#171,.T.);
#1350=EDGE_CURVE('',#1658,#1659,#1809,.T.);
#1351=EDGE_CURVE('',#1659,#1660,#172,.T.);
#1352=EDGE_CURVE('',#1660,#1661,#173,.T.);
#1353=EDGE_CURVE('',#1661,#1662,#174,.T.);
#1354=EDGE_CURVE('',#1662,#1663,#175,.T.);
#1355=EDGE_CURVE('',#1663,#1664,#176,.T.);
#1356=EDGE_CURVE('',#1664,#1665,#177,.T.);
#1357=EDGE_CURVE('',#1665,#1666,#178,.T.);
#1358=EDGE_CURVE('',#1666,#1667,#179,.T.);
#1359=EDGE_CURVE('',#1667,#1668,#180,.T.);
#1360=EDGE_CURVE('',#1668,#1669,#181,.T.);
#1361=EDGE_CURVE('',#1669,#1670,#182,.T.);
#1362=EDGE_CURVE('',#1670,#1671,#183,.T.);
#1363=EDGE_CURVE('',#1671,#1672,#184,.T.);
#1364=EDGE_CURVE('',#1672,#1673,#185,.T.);
#1365=EDGE_CURVE('',#1673,#1674,#186,.T.);
#1366=EDGE_CURVE('',#1674,#1675,#1810,.T.);
#1367=EDGE_CURVE('',#1675,#1676,#187,.T.);
#1368=EDGE_CURVE('',#1676,#1677,#188,.T.);
#1369=EDGE_CURVE('',#1677,#1678,#189,.T.);
#1370=EDGE_CURVE('',#1678,#1679,#190,.T.);
#1371=EDGE_CURVE('',#1679,#1680,#191,.T.);
#1372=EDGE_CURVE('',#1680,#1681,#192,.T.);
#1373=EDGE_CURVE('',#1681,#1682,#193,.T.);
#1374=EDGE_CURVE('',#1682,#1683,#194,.T.);
#1375=EDGE_CURVE('',#1683,#1684,#195,.T.);
#1376=EDGE_CURVE('',#1684,#1685,#196,.T.);
#1377=EDGE_CURVE('',#1685,#1686,#197,.T.);
#1378=EDGE_CURVE('',#1686,#1623,#198,.T.);
#1379=EDGE_CURVE('',#1687,#1688,#199,.T.);
#1380=EDGE_CURVE('',#1689,#1687,#200,.T.);
#1381=EDGE_CURVE('',#1689,#1690,#201,.T.);
#1382=EDGE_CURVE('',#1690,#1688,#202,.T.);
#1383=EDGE_CURVE('',#1691,#1692,#1811,.T.);
#1384=EDGE_CURVE('',#1692,#1693,#203,.T.);
#1385=EDGE_CURVE('',#1693,#1691,#204,.T.);
#1386=EDGE_CURVE('',#1620,#1657,#205,.T.);
#1387=EDGE_CURVE('',#1619,#1644,#206,.T.);
#1388=EDGE_CURVE('',#1643,#1694,#207,.T.);
#1389=EDGE_CURVE('',#1694,#1695,#208,.T.);
#1390=EDGE_CURVE('',#1658,#1695,#209,.T.);
#1391=EDGE_CURVE('',#1696,#1697,#210,.T.);
#1392=EDGE_CURVE('',#1697,#1698,#1812,.T.);
#1393=EDGE_CURVE('',#1698,#1696,#211,.T.);
#1394=EDGE_CURVE('',#1699,#1700,#212,.T.);
#1395=EDGE_CURVE('',#1700,#1701,#1813,.T.);
#1396=EDGE_CURVE('',#1701,#1699,#213,.T.);
#1397=EDGE_CURVE('',#1702,#1703,#214,.T.);
#1398=EDGE_CURVE('',#1703,#1704,#215,.T.);
#1399=EDGE_CURVE('',#1704,#1702,#1814,.T.);
#1400=EDGE_CURVE('',#1705,#1689,#216,.T.);
#1401=EDGE_CURVE('',#1705,#1706,#217,.T.);
#1402=EDGE_CURVE('',#1706,#1707,#1815,.T.);
#1403=EDGE_CURVE('',#1707,#1708,#218,.T.);
#1404=EDGE_CURVE('',#1708,#1709,#1816,.T.);
#1405=EDGE_CURVE('',#1709,#1710,#219,.T.);
#1406=EDGE_CURVE('',#1711,#1710,#220,.T.);
#1407=EDGE_CURVE('',#1711,#1712,#221,.T.);
#1408=EDGE_CURVE('',#1586,#1712,#222,.T.);
#1409=EDGE_CURVE('',#1614,#1690,#223,.T.);
#1410=EDGE_CURVE('',#1713,#1714,#224,.T.);
#1411=EDGE_CURVE('',#1715,#1713,#1817,.T.);
#1412=EDGE_CURVE('',#1714,#1715,#225,.T.);
#1413=EDGE_CURVE('',#1716,#1717,#1818,.T.);
#1414=EDGE_CURVE('',#1718,#1716,#226,.T.);
#1415=EDGE_CURVE('',#1717,#1718,#227,.T.);
#1416=EDGE_CURVE('',#1719,#1720,#1819,.T.);
#1417=EDGE_CURVE('',#1720,#1721,#228,.T.);
#1418=EDGE_CURVE('',#1721,#1687,#229,.T.);
#1419=EDGE_CURVE('',#1613,#1688,#230,.T.);
#1420=EDGE_CURVE('',#1587,#1722,#231,.T.);
#1421=EDGE_CURVE('',#1723,#1722,#232,.T.);
#1422=EDGE_CURVE('',#1723,#1724,#233,.T.);
#1423=EDGE_CURVE('',#1725,#1724,#234,.T.);
#1424=EDGE_CURVE('',#1725,#1726,#1820,.T.);
#1425=EDGE_CURVE('',#1726,#1719,#235,.T.);
#1426=EDGE_CURVE('',#1712,#1722,#236,.T.);
#1427=EDGE_CURVE('',#1727,#1728,#237,.T.);
#1428=EDGE_CURVE('',#1729,#1727,#1821,.T.);
#1429=EDGE_CURVE('',#1730,#1729,#238,.T.);
#1430=EDGE_CURVE('',#1731,#1730,#1822,.T.);
#1431=EDGE_CURVE('',#1732,#1731,#239,.T.);
#1432=EDGE_CURVE('',#1733,#1732,#240,.T.);
#1433=EDGE_CURVE('',#1734,#1733,#241,.T.);
#1434=EDGE_CURVE('',#1735,#1734,#242,.T.);
#1435=EDGE_CURVE('',#1736,#1735,#243,.T.);
#1436=EDGE_CURVE('',#1737,#1736,#244,.T.);
#1437=EDGE_CURVE('',#1738,#1737,#245,.T.);
#1438=EDGE_CURVE('',#1739,#1738,#246,.T.);
#1439=EDGE_CURVE('',#1740,#1739,#247,.T.);
#1440=EDGE_CURVE('',#1741,#1740,#248,.T.);
#1441=EDGE_CURVE('',#1742,#1741,#249,.T.);
#1442=EDGE_CURVE('',#1743,#1742,#250,.T.);
#1443=EDGE_CURVE('',#1744,#1743,#251,.T.);
#1444=EDGE_CURVE('',#1745,#1744,#252,.T.);
#1445=EDGE_CURVE('',#1746,#1745,#253,.T.);
#1446=EDGE_CURVE('',#1695,#1746,#1823,.T.);
#1447=EDGE_CURVE('',#1747,#1694,#1824,.T.);
#1448=EDGE_CURVE('',#1748,#1747,#254,.T.);
#1449=EDGE_CURVE('',#1749,#1748,#255,.T.);
#1450=EDGE_CURVE('',#1750,#1749,#256,.T.);
#1451=EDGE_CURVE('',#1751,#1750,#257,.T.);
#1452=EDGE_CURVE('',#1752,#1751,#258,.T.);
#1453=EDGE_CURVE('',#1753,#1752,#259,.T.);
#1454=EDGE_CURVE('',#1754,#1753,#260,.T.);
#1455=EDGE_CURVE('',#1755,#1754,#261,.T.);
#1456=EDGE_CURVE('',#1756,#1755,#262,.T.);
#1457=EDGE_CURVE('',#1757,#1756,#263,.T.);
#1458=EDGE_CURVE('',#1758,#1757,#264,.T.);
#1459=EDGE_CURVE('',#1759,#1758,#265,.T.);
#1460=EDGE_CURVE('',#1760,#1759,#266,.T.);
#1461=EDGE_CURVE('',#1728,#1760,#267,.T.);
#1462=EDGE_CURVE('',#1711,#1723,#268,.T.);
#1463=EDGE_CURVE('',#1761,#1710,#269,.T.);
#1464=EDGE_CURVE('',#1761,#1762,#270,.T.);
#1465=EDGE_CURVE('',#1762,#1705,#271,.T.);
#1466=EDGE_CURVE('',#1763,#1721,#272,.T.);
#1467=EDGE_CURVE('',#1764,#1763,#273,.T.);
#1468=EDGE_CURVE('',#1764,#1724,#274,.T.);
#1469=EDGE_CURVE('',#1765,#1766,#275,.T.);
#1470=EDGE_CURVE('',#1767,#1765,#1825,.T.);
#1471=EDGE_CURVE('',#1766,#1767,#276,.T.);
#1472=EDGE_CURVE('',#1768,#1720,#277,.T.);
#1473=EDGE_CURVE('',#1768,#1763,#278,.T.);
#1474=EDGE_CURVE('',#1769,#1719,#279,.T.);
#1475=EDGE_CURVE('',#1769,#1768,#1826,.T.);
#1476=EDGE_CURVE('',#1770,#1726,#280,.T.);
#1477=EDGE_CURVE('',#1770,#1769,#281,.T.);
#1478=EDGE_CURVE('',#1771,#1725,#282,.T.);
#1479=EDGE_CURVE('',#1771,#1770,#1827,.T.);
#1480=EDGE_CURVE('',#1771,#1764,#283,.T.);
#1481=EDGE_CURVE('',#1762,#1772,#284,.T.);
#1482=EDGE_CURVE('',#1772,#1706,#285,.T.);
#1483=EDGE_CURVE('',#1773,#1709,#286,.T.);
#1484=EDGE_CURVE('',#1773,#1761,#287,.T.);
#1485=EDGE_CURVE('',#1774,#1708,#288,.T.);
#1486=EDGE_CURVE('',#1774,#1773,#1828,.T.);
#1487=EDGE_CURVE('',#1775,#1707,#289,.T.);
#1488=EDGE_CURVE('',#1775,#1774,#290,.T.);
#1489=EDGE_CURVE('',#1772,#1775,#1829,.T.);
#1490=EDGE_CURVE('',#1628,#1728,#291,.T.);
#1491=EDGE_CURVE('',#1627,#1727,#292,.T.);
#1492=EDGE_CURVE('',#1629,#1760,#293,.T.);
#1493=EDGE_CURVE('',#1630,#1759,#294,.T.);
#1494=EDGE_CURVE('',#1631,#1758,#295,.T.);
#1495=EDGE_CURVE('',#1632,#1757,#296,.T.);
#1496=EDGE_CURVE('',#1633,#1756,#297,.T.);
#1497=EDGE_CURVE('',#1634,#1755,#298,.T.);
#1498=EDGE_CURVE('',#1635,#1754,#299,.T.);
#1499=EDGE_CURVE('',#1636,#1753,#300,.T.);
#1500=EDGE_CURVE('',#1637,#1752,#301,.T.);
#1501=EDGE_CURVE('',#1638,#1751,#302,.T.);
#1502=EDGE_CURVE('',#1639,#1750,#303,.T.);
#1503=EDGE_CURVE('',#1640,#1749,#304,.T.);
#1504=EDGE_CURVE('',#1641,#1748,#305,.T.);
#1505=EDGE_CURVE('',#1642,#1747,#306,.T.);
#1506=EDGE_CURVE('',#1659,#1746,#307,.T.);
#1507=EDGE_CURVE('',#1660,#1745,#308,.T.);
#1508=EDGE_CURVE('',#1661,#1744,#309,.T.);
#1509=EDGE_CURVE('',#1662,#1743,#310,.T.);
#1510=EDGE_CURVE('',#1663,#1742,#311,.T.);
#1511=EDGE_CURVE('',#1664,#1741,#312,.T.);
#1512=EDGE_CURVE('',#1665,#1740,#313,.T.);
#1513=EDGE_CURVE('',#1666,#1739,#314,.T.);
#1514=EDGE_CURVE('',#1667,#1738,#315,.T.);
#1515=EDGE_CURVE('',#1668,#1737,#316,.T.);
#1516=EDGE_CURVE('',#1669,#1736,#317,.T.);
#1517=EDGE_CURVE('',#1670,#1735,#318,.T.);
#1518=EDGE_CURVE('',#1671,#1734,#319,.T.);
#1519=EDGE_CURVE('',#1672,#1733,#320,.T.);
#1520=EDGE_CURVE('',#1673,#1732,#321,.T.);
#1521=EDGE_CURVE('',#1674,#1731,#322,.T.);
#1522=EDGE_CURVE('',#1675,#1730,#323,.T.);
#1523=EDGE_CURVE('',#1595,#1625,#324,.T.);
#1524=EDGE_CURVE('',#1594,#1676,#325,.T.);
#1525=EDGE_CURVE('',#1626,#1729,#326,.T.);
#1526=EDGE_CURVE('',#1776,#1777,#327,.T.);
#1527=EDGE_CURVE('',#1778,#1776,#1830,.F.);
#1528=EDGE_CURVE('',#1777,#1778,#328,.T.);
#1529=EDGE_CURVE('',#1777,#1766,#329,.T.);
#1530=EDGE_CURVE('',#1776,#1767,#330,.T.);
#1531=EDGE_CURVE('',#1778,#1765,#331,.T.);
#1532=EDGE_CURVE('',#1698,#1691,#332,.T.);
#1533=EDGE_CURVE('',#1696,#1693,#333,.T.);
#1534=EDGE_CURVE('',#1697,#1692,#334,.T.);
#1535=EDGE_CURVE('',#1612,#1653,#335,.T.);
#1536=EDGE_CURVE('',#1605,#1652,#336,.T.);
#1537=EDGE_CURVE('',#1606,#1651,#337,.T.);
#1538=EDGE_CURVE('',#1607,#1650,#338,.T.);
#1539=EDGE_CURVE('',#1608,#1649,#339,.T.);
#1540=EDGE_CURVE('',#1615,#1648,#340,.T.);
#1541=EDGE_CURVE('',#1618,#1645,#341,.T.);
#1542=EDGE_CURVE('',#1621,#1656,#342,.T.);
#1543=EDGE_CURVE('',#1622,#1655,#343,.T.);
#1544=EDGE_CURVE('',#1611,#1654,#344,.T.);
#1545=EDGE_CURVE('',#1616,#1647,#345,.T.);
#1546=EDGE_CURVE('',#1617,#1646,#346,.T.);
#1547=EDGE_CURVE('',#1596,#1624,#347,.T.);
#1548=EDGE_CURVE('',#1597,#1623,#348,.T.);
#1549=EDGE_CURVE('',#1598,#1686,#349,.T.);
#1550=EDGE_CURVE('',#1584,#1685,#350,.T.);
#1551=EDGE_CURVE('',#1599,#1684,#351,.T.);
#1552=EDGE_CURVE('',#1600,#1683,#352,.T.);
#1553=EDGE_CURVE('',#1601,#1682,#353,.T.);
#1554=EDGE_CURVE('',#1602,#1681,#354,.T.);
#1555=EDGE_CURVE('',#1590,#1680,#355,.T.);
#1556=EDGE_CURVE('',#1591,#1679,#356,.T.);
#1557=EDGE_CURVE('',#1592,#1678,#357,.T.);
#1558=EDGE_CURVE('',#1593,#1677,#358,.T.);
#1559=EDGE_CURVE('',#1779,#1716,#359,.T.);
#1560=EDGE_CURVE('',#1780,#1779,#360,.T.);
#1561=EDGE_CURVE('',#1780,#1718,#361,.T.);
#1562=EDGE_CURVE('',#1781,#1717,#362,.T.);
#1563=EDGE_CURVE('',#1779,#1781,#1831,.T.);
#1564=EDGE_CURVE('',#1781,#1780,#363,.T.);
#1565=EDGE_CURVE('',#1782,#1713,#364,.T.);
#1566=EDGE_CURVE('',#1783,#1782,#1832,.T.);
#1567=EDGE_CURVE('',#1783,#1715,#365,.T.);
#1568=EDGE_CURVE('',#1784,#1714,#366,.T.);
#1569=EDGE_CURVE('',#1782,#1784,#367,.T.);
#1570=EDGE_CURVE('',#1784,#1783,#368,.T.);
#1571=EDGE_CURVE('',#1785,#1703,#369,.T.);
#1572=EDGE_CURVE('',#1785,#1786,#370,.T.);
#1573=EDGE_CURVE('',#1786,#1704,#371,.T.);
#1574=EDGE_CURVE('',#1787,#1702,#372,.T.);
#1575=EDGE_CURVE('',#1787,#1785,#373,.T.);
#1576=EDGE_CURVE('',#1786,#1787,#1833,.T.);
#1577=EDGE_CURVE('',#1788,#1700,#374,.T.);
#1578=EDGE_CURVE('',#1788,#1789,#1834,.T.);
#1579=EDGE_CURVE('',#1789,#1701,#375,.T.);
#1580=EDGE_CURVE('',#1790,#1699,#376,.T.);
#1581=EDGE_CURVE('',#1790,#1788,#377,.T.);
#1582=EDGE_CURVE('',#1789,#1790,#378,.T.);
#1583=VERTEX_POINT('',#2929);
#1584=VERTEX_POINT('',#2930);
#1585=VERTEX_POINT('',#2932);
#1586=VERTEX_POINT('',#2934);
#1587=VERTEX_POINT('',#2936);
#1588=VERTEX_POINT('',#2938);
#1589=VERTEX_POINT('',#2940);
#1590=VERTEX_POINT('',#2942);
#1591=VERTEX_POINT('',#2944);
#1592=VERTEX_POINT('',#2946);
#1593=VERTEX_POINT('',#2948);
#1594=VERTEX_POINT('',#2950);
#1595=VERTEX_POINT('',#2952);
#1596=VERTEX_POINT('',#2954);
#1597=VERTEX_POINT('',#2956);
#1598=VERTEX_POINT('',#2958);
#1599=VERTEX_POINT('',#2962);
#1600=VERTEX_POINT('',#2964);
#1601=VERTEX_POINT('',#2966);
#1602=VERTEX_POINT('',#2968);
#1603=VERTEX_POINT('',#2971);
#1604=VERTEX_POINT('',#2973);
#1605=VERTEX_POINT('',#2975);
#1606=VERTEX_POINT('',#2977);
#1607=VERTEX_POINT('',#2979);
#1608=VERTEX_POINT('',#2981);
#1609=VERTEX_POINT('',#2983);
#1610=VERTEX_POINT('',#2985);
#1611=VERTEX_POINT('',#2989);
#1612=VERTEX_POINT('',#2990);
#1613=VERTEX_POINT('',#2993);
#1614=VERTEX_POINT('',#2995);
#1615=VERTEX_POINT('',#2998);
#1616=VERTEX_POINT('',#3000);
#1617=VERTEX_POINT('',#3002);
#1618=VERTEX_POINT('',#3004);
#1619=VERTEX_POINT('',#3006);
#1620=VERTEX_POINT('',#3008);
#1621=VERTEX_POINT('',#3010);
#1622=VERTEX_POINT('',#3012);
#1623=VERTEX_POINT('',#3016);
#1624=VERTEX_POINT('',#3017);
#1625=VERTEX_POINT('',#3019);
#1626=VERTEX_POINT('',#3021);
#1627=VERTEX_POINT('',#3023);
#1628=VERTEX_POINT('',#3025);
#1629=VERTEX_POINT('',#3027);
#1630=VERTEX_POINT('',#3029);
#1631=VERTEX_POINT('',#3031);
#1632=VERTEX_POINT('',#3033);
#1633=VERTEX_POINT('',#3035);
#1634=VERTEX_POINT('',#3037);
#1635=VERTEX_POINT('',#3039);
#1636=VERTEX_POINT('',#3041);
#1637=VERTEX_POINT('',#3043);
#1638=VERTEX_POINT('',#3045);
#1639=VERTEX_POINT('',#3047);
#1640=VERTEX_POINT('',#3049);
#1641=VERTEX_POINT('',#3051);
#1642=VERTEX_POINT('',#3053);
#1643=VERTEX_POINT('',#3055);
#1644=VERTEX_POINT('',#3057);
#1645=VERTEX_POINT('',#3059);
#1646=VERTEX_POINT('',#3061);
#1647=VERTEX_POINT('',#3063);
#1648=VERTEX_POINT('',#3065);
#1649=VERTEX_POINT('',#3067);
#1650=VERTEX_POINT('',#3069);
#1651=VERTEX_POINT('',#3071);
#1652=VERTEX_POINT('',#3073);
#1653=VERTEX_POINT('',#3075);
#1654=VERTEX_POINT('',#3077);
#1655=VERTEX_POINT('',#3079);
#1656=VERTEX_POINT('',#3081);
#1657=VERTEX_POINT('',#3083);
#1658=VERTEX_POINT('',#3085);
#1659=VERTEX_POINT('',#3087);
#1660=VERTEX_POINT('',#3089);
#1661=VERTEX_POINT('',#3091);
#1662=VERTEX_POINT('',#3093);
#1663=VERTEX_POINT('',#3095);
#1664=VERTEX_POINT('',#3097);
#1665=VERTEX_POINT('',#3099);
#1666=VERTEX_POINT('',#3101);
#1667=VERTEX_POINT('',#3103);
#1668=VERTEX_POINT('',#3105);
#1669=VERTEX_POINT('',#3107);
#1670=VERTEX_POINT('',#3109);
#1671=VERTEX_POINT('',#3111);
#1672=VERTEX_POINT('',#3113);
#1673=VERTEX_POINT('',#3115);
#1674=VERTEX_POINT('',#3117);
#1675=VERTEX_POINT('',#3119);
#1676=VERTEX_POINT('',#3121);
#1677=VERTEX_POINT('',#3123);
#1678=VERTEX_POINT('',#3125);
#1679=VERTEX_POINT('',#3127);
#1680=VERTEX_POINT('',#3129);
#1681=VERTEX_POINT('',#3131);
#1682=VERTEX_POINT('',#3133);
#1683=VERTEX_POINT('',#3135);
#1684=VERTEX_POINT('',#3137);
#1685=VERTEX_POINT('',#3139);
#1686=VERTEX_POINT('',#3141);
#1687=VERTEX_POINT('',#3145);
#1688=VERTEX_POINT('',#3146);
#1689=VERTEX_POINT('',#3148);
#1690=VERTEX_POINT('',#3150);
#1691=VERTEX_POINT('',#3153);
#1692=VERTEX_POINT('',#3154);
#1693=VERTEX_POINT('',#3156);
#1694=VERTEX_POINT('',#3162);
#1695=VERTEX_POINT('',#3164);
#1696=VERTEX_POINT('',#3167);
#1697=VERTEX_POINT('',#3168);
#1698=VERTEX_POINT('',#3170);
#1699=VERTEX_POINT('',#3174);
#1700=VERTEX_POINT('',#3175);
#1701=VERTEX_POINT('',#3177);
#1702=VERTEX_POINT('',#3180);
#1703=VERTEX_POINT('',#3181);
#1704=VERTEX_POINT('',#3183);
#1705=VERTEX_POINT('',#3186);
#1706=VERTEX_POINT('',#3188);
#1707=VERTEX_POINT('',#3190);
#1708=VERTEX_POINT('',#3192);
#1709=VERTEX_POINT('',#3194);
#1710=VERTEX_POINT('',#3196);
#1711=VERTEX_POINT('',#3198);
#1712=VERTEX_POINT('',#3200);
#1713=VERTEX_POINT('',#3205);
#1714=VERTEX_POINT('',#3206);
#1715=VERTEX_POINT('',#3208);
#1716=VERTEX_POINT('',#3211);
#1717=VERTEX_POINT('',#3212);
#1718=VERTEX_POINT('',#3214);
#1719=VERTEX_POINT('',#3217);
#1720=VERTEX_POINT('',#3218);
#1721=VERTEX_POINT('',#3220);
#1722=VERTEX_POINT('',#3224);
#1723=VERTEX_POINT('',#3226);
#1724=VERTEX_POINT('',#3228);
#1725=VERTEX_POINT('',#3230);
#1726=VERTEX_POINT('',#3232);
#1727=VERTEX_POINT('',#3239);
#1728=VERTEX_POINT('',#3240);
#1729=VERTEX_POINT('',#3242);
#1730=VERTEX_POINT('',#3244);
#1731=VERTEX_POINT('',#3246);
#1732=VERTEX_POINT('',#3248);
#1733=VERTEX_POINT('',#3250);
#1734=VERTEX_POINT('',#3252);
#1735=VERTEX_POINT('',#3254);
#1736=VERTEX_POINT('',#3256);
#1737=VERTEX_POINT('',#3258);
#1738=VERTEX_POINT('',#3260);
#1739=VERTEX_POINT('',#3262);
#1740=VERTEX_POINT('',#3264);
#1741=VERTEX_POINT('',#3266);
#1742=VERTEX_POINT('',#3268);
#1743=VERTEX_POINT('',#3270);
#1744=VERTEX_POINT('',#3272);
#1745=VERTEX_POINT('',#3274);
#1746=VERTEX_POINT('',#3276);
#1747=VERTEX_POINT('',#3279);
#1748=VERTEX_POINT('',#3281);
#1749=VERTEX_POINT('',#3283);
#1750=VERTEX_POINT('',#3285);
#1751=VERTEX_POINT('',#3287);
#1752=VERTEX_POINT('',#3289);
#1753=VERTEX_POINT('',#3291);
#1754=VERTEX_POINT('',#3293);
#1755=VERTEX_POINT('',#3295);
#1756=VERTEX_POINT('',#3297);
#1757=VERTEX_POINT('',#3299);
#1758=VERTEX_POINT('',#3301);
#1759=VERTEX_POINT('',#3303);
#1760=VERTEX_POINT('',#3305);
#1761=VERTEX_POINT('',#3309);
#1762=VERTEX_POINT('',#3311);
#1763=VERTEX_POINT('',#3314);
#1764=VERTEX_POINT('',#3316);
#1765=VERTEX_POINT('',#3320);
#1766=VERTEX_POINT('',#3321);
#1767=VERTEX_POINT('',#3323);
#1768=VERTEX_POINT('',#3327);
#1769=VERTEX_POINT('',#3331);
#1770=VERTEX_POINT('',#3335);
#1771=VERTEX_POINT('',#3339);
#1772=VERTEX_POINT('',#3346);
#1773=VERTEX_POINT('',#3350);
#1774=VERTEX_POINT('',#3354);
#1775=VERTEX_POINT('',#3358);
#1776=VERTEX_POINT('',#3434);
#1777=VERTEX_POINT('',#3435);
#1778=VERTEX_POINT('',#3437);
#1779=VERTEX_POINT('',#3504);
#1780=VERTEX_POINT('',#3506);
#1781=VERTEX_POINT('',#3510);
#1782=VERTEX_POINT('',#3517);
#1783=VERTEX_POINT('',#3519);
#1784=VERTEX_POINT('',#3523);
#1785=VERTEX_POINT('',#3530);
#1786=VERTEX_POINT('',#3532);
#1787=VERTEX_POINT('',#3536);
#1788=VERTEX_POINT('',#3543);
#1789=VERTEX_POINT('',#3545);
#1790=VERTEX_POINT('',#3549);
#1791=CIRCLE('',#2204,0.017);
#1792=CIRCLE('',#2205,0.017);
#1793=CIRCLE('',#2206,0.017);
#1794=CIRCLE('',#2207,0.017);
#1795=CIRCLE('',#2208,0.017);
#1796=CIRCLE('',#2209,0.017);
#1797=CIRCLE('',#2210,0.017);
#1798=CIRCLE('',#2211,0.017);
#1799=CIRCLE('',#2214,0.017);
#1800=CIRCLE('',#2215,0.017);
#1801=CIRCLE('',#2216,0.017);
#1802=CIRCLE('',#2217,0.017);
#1803=CIRCLE('',#2218,0.017);
#1804=CIRCLE('',#2219,0.017);
#1805=CIRCLE('',#2220,0.017);
#1806=CIRCLE('',#2221,0.017);
#1807=CIRCLE('',#2223,0.0027);
#1808=CIRCLE('',#2224,0.0027);
#1809=CIRCLE('',#2225,0.0027);
#1810=CIRCLE('',#2226,0.0027);
#1811=CIRCLE('',#2228,0.0031);
#1812=CIRCLE('',#2230,0.0031);
#1813=CIRCLE('',#2232,0.0015);
#1814=CIRCLE('',#2233,0.0015);
#1815=CIRCLE('',#2234,0.0172);
#1816=CIRCLE('',#2235,0.0172);
#1817=CIRCLE('',#2237,0.0015);
#1818=CIRCLE('',#2238,0.0015);
#1819=CIRCLE('',#2239,0.0172);
#1820=CIRCLE('',#2240,0.0172);
#1821=CIRCLE('',#2244,0.0027);
#1822=CIRCLE('',#2245,0.0027);
#1823=CIRCLE('',#2246,0.0027);
#1824=CIRCLE('',#2247,0.0027);
#1825=CIRCLE('',#2249,0.0031);
#1826=CIRCLE('',#2252,0.0172);
#1827=CIRCLE('',#2255,0.0172);
#1828=CIRCLE('',#2261,0.0172);
#1829=CIRCLE('',#2264,0.0172);
#1830=CIRCLE('',#2300,0.0031);
#1831=CIRCLE('',#2336,0.0015);
#1832=CIRCLE('',#2340,0.0015);
#1833=CIRCLE('',#2347,0.0015);
#1834=CIRCLE('',#2350,0.0015);
#1835=EDGE_LOOP('',(#647,#648,#649,#650,#651,#652,#653,#654,#655,#656,#657,
#658,#659,#660,#661,#662));
#1836=EDGE_LOOP('',(#663,#664,#665,#666,#667,#668,#669,#670,#671,#672,#673,
#674,#675,#676,#677,#678));
#1837=EDGE_LOOP('',(#679,#680,#681,#682,#683,#684,#685,#686,#687,#688,#689,
#690,#691,#692,#693,#694));
#1838=EDGE_LOOP('',(#695,#696,#697,#698,#699,#700,#701,#702,#703,#704,#705,
#706,#707,#708,#709,#710,#711,#712,#713,#714,#715,#716,#717,#718,#719,#720,
#721,#722,#723,#724,#725,#726,#727,#728,#729,#730,#731,#732,#733,#734,#735,
#736,#737,#738,#739,#740,#741,#742,#743,#744,#745,#746,#747,#748,#749,#750,
#751,#752,#753,#754,#755,#756,#757,#758));
#1839=EDGE_LOOP('',(#759,#760,#761,#762));
#1840=EDGE_LOOP('',(#763,#764,#765));
#1841=EDGE_LOOP('',(#766,#767,#768,#769,#770,#771,#772,#773));
#1842=EDGE_LOOP('',(#774,#775,#776));
#1843=EDGE_LOOP('',(#777,#778,#779));
#1844=EDGE_LOOP('',(#780,#781,#782));
#1845=EDGE_LOOP('',(#783,#784,#785,#786,#787,#788,#789,#790,#791,#792,#793,
#794,#795,#796));
#1846=EDGE_LOOP('',(#797,#798,#799));
#1847=EDGE_LOOP('',(#800,#801,#802));
#1848=EDGE_LOOP('',(#803,#804,#805,#806,#807,#808,#809,#810,#811,#812,#813,
#814,#815,#816));
#1849=EDGE_LOOP('',(#817,#818,#819,#820));
#1850=EDGE_LOOP('',(#821,#822,#823,#824));
#1851=EDGE_LOOP('',(#825,#826,#827,#828,#829,#830,#831,#832,#833,#834,#835,
#836,#837,#838,#839,#840,#841,#842,#843,#844,#845,#846,#847,#848,#849,#850,
#851,#852,#853,#854,#855,#856,#857,#858,#859,#860));
#1852=EDGE_LOOP('',(#861,#862,#863,#864,#865,#866,#867,#868,#869,#870,#871,
#872));
#1853=EDGE_LOOP('',(#873,#874,#875));
#1854=EDGE_LOOP('',(#876,#877,#878,#879));
#1855=EDGE_LOOP('',(#880,#881,#882,#883));
#1856=EDGE_LOOP('',(#884,#885,#886,#887));
#1857=EDGE_LOOP('',(#888,#889,#890,#891));
#1858=EDGE_LOOP('',(#892,#893,#894,#895));
#1859=EDGE_LOOP('',(#896,#897,#898,#899));
#1860=EDGE_LOOP('',(#900,#901,#902,#903,#904,#905));
#1861=EDGE_LOOP('',(#906,#907,#908,#909));
#1862=EDGE_LOOP('',(#910,#911,#912,#913));
#1863=EDGE_LOOP('',(#914,#915,#916,#917));
#1864=EDGE_LOOP('',(#918,#919,#920,#921));
#1865=EDGE_LOOP('',(#922,#923,#924,#925));
#1866=EDGE_LOOP('',(#926,#927,#928,#929,#930,#931));
#1867=EDGE_LOOP('',(#932,#933,#934,#935));
#1868=EDGE_LOOP('',(#936,#937,#938,#939));
#1869=EDGE_LOOP('',(#940,#941,#942,#943));
#1870=EDGE_LOOP('',(#944,#945,#946,#947));
#1871=EDGE_LOOP('',(#948,#949,#950,#951));
#1872=EDGE_LOOP('',(#952,#953,#954,#955));
#1873=EDGE_LOOP('',(#956,#957,#958,#959));
#1874=EDGE_LOOP('',(#960,#961,#962,#963));
#1875=EDGE_LOOP('',(#964,#965,#966,#967));
#1876=EDGE_LOOP('',(#968,#969,#970,#971));
#1877=EDGE_LOOP('',(#972,#973,#974,#975));
#1878=EDGE_LOOP('',(#976,#977,#978,#979));
#1879=EDGE_LOOP('',(#980,#981,#982,#983));
#1880=EDGE_LOOP('',(#984,#985,#986,#987));
#1881=EDGE_LOOP('',(#988,#989,#990,#991));
#1882=EDGE_LOOP('',(#992,#993,#994,#995));
#1883=EDGE_LOOP('',(#996,#997,#998,#999));
#1884=EDGE_LOOP('',(#1000,#1001,#1002,#1003));
#1885=EDGE_LOOP('',(#1004,#1005,#1006,#1007));
#1886=EDGE_LOOP('',(#1008,#1009,#1010,#1011));
#1887=EDGE_LOOP('',(#1012,#1013,#1014,#1015));
#1888=EDGE_LOOP('',(#1016,#1017,#1018,#1019));
#1889=EDGE_LOOP('',(#1020,#1021,#1022,#1023));
#1890=EDGE_LOOP('',(#1024,#1025,#1026,#1027));
#1891=EDGE_LOOP('',(#1028,#1029,#1030,#1031));
#1892=EDGE_LOOP('',(#1032,#1033,#1034,#1035));
#1893=EDGE_LOOP('',(#1036,#1037,#1038,#1039));
#1894=EDGE_LOOP('',(#1040,#1041,#1042,#1043));
#1895=EDGE_LOOP('',(#1044,#1045,#1046,#1047));
#1896=EDGE_LOOP('',(#1048,#1049,#1050,#1051));
#1897=EDGE_LOOP('',(#1052,#1053,#1054,#1055));
#1898=EDGE_LOOP('',(#1056,#1057,#1058,#1059));
#1899=EDGE_LOOP('',(#1060,#1061,#1062,#1063));
#1900=EDGE_LOOP('',(#1064,#1065,#1066,#1067,#1068,#1069,#1070,#1071));
#1901=EDGE_LOOP('',(#1072,#1073,#1074));
#1902=EDGE_LOOP('',(#1075,#1076,#1077,#1078));
#1903=EDGE_LOOP('',(#1079,#1080,#1081,#1082));
#1904=EDGE_LOOP('',(#1083,#1084,#1085,#1086));
#1905=EDGE_LOOP('',(#1087,#1088,#1089,#1090));
#1906=EDGE_LOOP('',(#1091,#1092,#1093,#1094));
#1907=EDGE_LOOP('',(#1095,#1096,#1097,#1098));
#1908=EDGE_LOOP('',(#1099,#1100,#1101,#1102));
#1909=EDGE_LOOP('',(#1103,#1104,#1105,#1106,#1107));
#1910=EDGE_LOOP('',(#1108,#1109,#1110,#1111));
#1911=EDGE_LOOP('',(#1112,#1113,#1114,#1115));
#1912=EDGE_LOOP('',(#1116,#1117,#1118,#1119));
#1913=EDGE_LOOP('',(#1120,#1121,#1122,#1123,#1124));
#1914=EDGE_LOOP('',(#1125,#1126,#1127,#1128));
#1915=EDGE_LOOP('',(#1129,#1130,#1131,#1132));
#1916=EDGE_LOOP('',(#1133,#1134,#1135,#1136));
#1917=EDGE_LOOP('',(#1137,#1138,#1139,#1140));
#1918=EDGE_LOOP('',(#1141,#1142,#1143,#1144));
#1919=EDGE_LOOP('',(#1145,#1146,#1147,#1148));
#1920=EDGE_LOOP('',(#1149,#1150,#1151,#1152));
#1921=EDGE_LOOP('',(#1153,#1154,#1155,#1156));
#1922=EDGE_LOOP('',(#1157,#1158,#1159,#1160));
#1923=EDGE_LOOP('',(#1161,#1162,#1163,#1164));
#1924=EDGE_LOOP('',(#1165,#1166,#1167,#1168));
#1925=EDGE_LOOP('',(#1169,#1170,#1171,#1172));
#1926=EDGE_LOOP('',(#1173,#1174,#1175,#1176,#1177));
#1927=EDGE_LOOP('',(#1178,#1179,#1180,#1181));
#1928=EDGE_LOOP('',(#1182,#1183,#1184,#1185));
#1929=EDGE_LOOP('',(#1186,#1187,#1188,#1189));
#1930=EDGE_LOOP('',(#1190,#1191,#1192,#1193,#1194));
#1931=EDGE_LOOP('',(#1195,#1196,#1197,#1198));
#1932=EDGE_LOOP('',(#1199,#1200,#1201,#1202));
#1933=EDGE_LOOP('',(#1203,#1204,#1205,#1206));
#1934=EDGE_LOOP('',(#1207,#1208,#1209,#1210));
#1935=EDGE_LOOP('',(#1211,#1212,#1213,#1214));
#1936=EDGE_LOOP('',(#1215,#1216,#1217,#1218));
#1937=EDGE_LOOP('',(#1219,#1220,#1221,#1222));
#1938=EDGE_LOOP('',(#1223,#1224,#1225));
#1939=EDGE_LOOP('',(#1226,#1227,#1228,#1229));
#1940=EDGE_LOOP('',(#1230,#1231,#1232,#1233));
#1941=EDGE_LOOP('',(#1234,#1235,#1236,#1237));
#1942=EDGE_LOOP('',(#1238,#1239,#1240));
#1943=EDGE_LOOP('',(#1241,#1242,#1243,#1244));
#1944=EDGE_LOOP('',(#1245,#1246,#1247,#1248));
#1945=EDGE_LOOP('',(#1249,#1250,#1251,#1252));
#1946=EDGE_LOOP('',(#1253,#1254,#1255));
#1947=EDGE_LOOP('',(#1256,#1257,#1258,#1259));
#1948=EDGE_LOOP('',(#1260,#1261,#1262,#1263));
#1949=EDGE_LOOP('',(#1264,#1265,#1266,#1267));
#1950=EDGE_LOOP('',(#1268,#1269,#1270));
#1951=FACE_BOUND('',#1835,.T.);
#1952=FACE_BOUND('',#1836,.T.);
#1953=FACE_BOUND('',#1837,.T.);
#1954=FACE_BOUND('',#1838,.T.);
#1955=FACE_BOUND('',#1839,.T.);
#1956=FACE_BOUND('',#1840,.T.);
#1957=FACE_BOUND('',#1841,.T.);
#1958=FACE_BOUND('',#1842,.T.);
#1959=FACE_BOUND('',#1843,.T.);
#1960=FACE_BOUND('',#1844,.T.);
#1961=FACE_BOUND('',#1845,.T.);
#1962=FACE_BOUND('',#1846,.T.);
#1963=FACE_BOUND('',#1847,.T.);
#1964=FACE_BOUND('',#1848,.T.);
#1965=FACE_BOUND('',#1849,.T.);
#1966=FACE_BOUND('',#1850,.T.);
#1967=FACE_BOUND('',#1851,.T.);
#1968=FACE_BOUND('',#1852,.T.);
#1969=FACE_BOUND('',#1853,.T.);
#1970=FACE_BOUND('',#1854,.T.);
#1971=FACE_BOUND('',#1855,.T.);
#1972=FACE_BOUND('',#1856,.T.);
#1973=FACE_BOUND('',#1857,.T.);
#1974=FACE_BOUND('',#1858,.T.);
#1975=FACE_BOUND('',#1859,.T.);
#1976=FACE_BOUND('',#1860,.T.);
#1977=FACE_BOUND('',#1861,.T.);
#1978=FACE_BOUND('',#1862,.T.);
#1979=FACE_BOUND('',#1863,.T.);
#1980=FACE_BOUND('',#1864,.T.);
#1981=FACE_BOUND('',#1865,.T.);
#1982=FACE_BOUND('',#1866,.T.);
#1983=FACE_BOUND('',#1867,.T.);
#1984=FACE_BOUND('',#1868,.T.);
#1985=FACE_BOUND('',#1869,.T.);
#1986=FACE_BOUND('',#1870,.T.);
#1987=FACE_BOUND('',#1871,.T.);
#1988=FACE_BOUND('',#1872,.T.);
#1989=FACE_BOUND('',#1873,.T.);
#1990=FACE_BOUND('',#1874,.T.);
#1991=FACE_BOUND('',#1875,.T.);
#1992=FACE_BOUND('',#1876,.T.);
#1993=FACE_BOUND('',#1877,.T.);
#1994=FACE_BOUND('',#1878,.T.);
#1995=FACE_BOUND('',#1879,.T.);
#1996=FACE_BOUND('',#1880,.T.);
#1997=FACE_BOUND('',#1881,.T.);
#1998=FACE_BOUND('',#1882,.T.);
#1999=FACE_BOUND('',#1883,.T.);
#2000=FACE_BOUND('',#1884,.T.);
#2001=FACE_BOUND('',#1885,.T.);
#2002=FACE_BOUND('',#1886,.T.);
#2003=FACE_BOUND('',#1887,.T.);
#2004=FACE_BOUND('',#1888,.T.);
#2005=FACE_BOUND('',#1889,.T.);
#2006=FACE_BOUND('',#1890,.T.);
#2007=FACE_BOUND('',#1891,.T.);
#2008=FACE_BOUND('',#1892,.T.);
#2009=FACE_BOUND('',#1893,.T.);
#2010=FACE_BOUND('',#1894,.T.);
#2011=FACE_BOUND('',#1895,.T.);
#2012=FACE_BOUND('',#1896,.T.);
#2013=FACE_BOUND('',#1897,.T.);
#2014=FACE_BOUND('',#1898,.T.);
#2015=FACE_BOUND('',#1899,.T.);
#2016=FACE_BOUND('',#1900,.T.);
#2017=FACE_BOUND('',#1901,.T.);
#2018=FACE_BOUND('',#1902,.T.);
#2019=FACE_BOUND('',#1903,.T.);
#2020=FACE_BOUND('',#1904,.T.);
#2021=FACE_BOUND('',#1905,.T.);
#2022=FACE_BOUND('',#1906,.T.);
#2023=FACE_BOUND('',#1907,.T.);
#2024=FACE_BOUND('',#1908,.T.);
#2025=FACE_BOUND('',#1909,.T.);
#2026=FACE_BOUND('',#1910,.T.);
#2027=FACE_BOUND('',#1911,.T.);
#2028=FACE_BOUND('',#1912,.T.);
#2029=FACE_BOUND('',#1913,.T.);
#2030=FACE_BOUND('',#1914,.T.);
#2031=FACE_BOUND('',#1915,.T.);
#2032=FACE_BOUND('',#1916,.T.);
#2033=FACE_BOUND('',#1917,.T.);
#2034=FACE_BOUND('',#1918,.T.);
#2035=FACE_BOUND('',#1919,.T.);
#2036=FACE_BOUND('',#1920,.T.);
#2037=FACE_BOUND('',#1921,.T.);
#2038=FACE_BOUND('',#1922,.T.);
#2039=FACE_BOUND('',#1923,.T.);
#2040=FACE_BOUND('',#1924,.T.);
#2041=FACE_BOUND('',#1925,.T.);
#2042=FACE_BOUND('',#1926,.T.);
#2043=FACE_BOUND('',#1927,.T.);
#2044=FACE_BOUND('',#1928,.T.);
#2045=FACE_BOUND('',#1929,.T.);
#2046=FACE_BOUND('',#1930,.T.);
#2047=FACE_BOUND('',#1931,.T.);
#2048=FACE_BOUND('',#1932,.T.);
#2049=FACE_BOUND('',#1933,.T.);
#2050=FACE_BOUND('',#1934,.T.);
#2051=FACE_BOUND('',#1935,.T.);
#2052=FACE_BOUND('',#1936,.T.);
#2053=FACE_BOUND('',#1937,.T.);
#2054=FACE_BOUND('',#1938,.T.);
#2055=FACE_BOUND('',#1939,.T.);
#2056=FACE_BOUND('',#1940,.T.);
#2057=FACE_BOUND('',#1941,.T.);
#2058=FACE_BOUND('',#1942,.T.);
#2059=FACE_BOUND('',#1943,.T.);
#2060=FACE_BOUND('',#1944,.T.);
#2061=FACE_BOUND('',#1945,.T.);
#2062=FACE_BOUND('',#1946,.T.);
#2063=FACE_BOUND('',#1947,.T.);
#2064=FACE_BOUND('',#1948,.T.);
#2065=FACE_BOUND('',#1949,.T.);
#2066=FACE_BOUND('',#1950,.T.);
#2067=CYLINDRICAL_SURFACE('',#2203,0.017);
#2068=CYLINDRICAL_SURFACE('',#2213,0.017);
#2069=CYLINDRICAL_SURFACE('',#2251,0.0172);
#2070=CYLINDRICAL_SURFACE('',#2254,0.0172);
#2071=CYLINDRICAL_SURFACE('',#2260,0.0172);
#2072=CYLINDRICAL_SURFACE('',#2263,0.0172);
#2073=CYLINDRICAL_SURFACE('',#2281,0.0027);
#2074=CYLINDRICAL_SURFACE('',#2282,0.0027);
#2075=CYLINDRICAL_SURFACE('',#2298,0.0027);
#2076=CYLINDRICAL_SURFACE('',#2301,0.0027);
#2077=CYLINDRICAL_SURFACE('',#2304,0.0031);
#2078=CYLINDRICAL_SURFACE('',#2306,0.0031);
#2079=CYLINDRICAL_SURFACE('',#2335,0.0015);
#2080=CYLINDRICAL_SURFACE('',#2339,0.0015);
#2081=CYLINDRICAL_SURFACE('',#2346,0.0015);
#2082=CYLINDRICAL_SURFACE('',#2349,0.0015);
#2083=ADVANCED_FACE('',(#1951),#2067,.F.);
#2084=ADVANCED_FACE('',(#1952),#20,.F.);
#2085=ADVANCED_FACE('',(#1953),#2068,.F.);
#2086=ADVANCED_FACE('',(#1954),#21,.T.);
#2087=ADVANCED_FACE('',(#1955,#1956),#22,.T.);
#2088=ADVANCED_FACE('',(#1957,#1958),#23,.F.);
#2089=ADVANCED_FACE('',(#1959,#1960,#1961),#24,.T.);
#2090=ADVANCED_FACE('',(#1962,#1963,#1964),#25,.F.);
#2091=ADVANCED_FACE('',(#1965),#26,.T.);
#2092=ADVANCED_FACE('',(#1966),#27,.F.);
#2093=ADVANCED_FACE('',(#1967,#1968),#28,.T.);
#2094=ADVANCED_FACE('',(#1969,#1970),#29,.F.);
#2095=ADVANCED_FACE('',(#1971),#30,.T.);
#2096=ADVANCED_FACE('',(#1972),#2069,.F.);
#2097=ADVANCED_FACE('',(#1973),#31,.T.);
#2098=ADVANCED_FACE('',(#1974),#2070,.F.);
#2099=ADVANCED_FACE('',(#1975),#32,.F.);
#2100=ADVANCED_FACE('',(#1976),#33,.T.);
#2101=ADVANCED_FACE('',(#1977),#34,.T.);
#2102=ADVANCED_FACE('',(#1978),#35,.T.);
#2103=ADVANCED_FACE('',(#1979),#2071,.F.);
#2104=ADVANCED_FACE('',(#1980),#36,.T.);
#2105=ADVANCED_FACE('',(#1981),#2072,.F.);
#2106=ADVANCED_FACE('',(#1982),#37,.T.);
#2107=ADVANCED_FACE('',(#1983),#38,.F.);
#2108=ADVANCED_FACE('',(#1984),#39,.F.);
#2109=ADVANCED_FACE('',(#1985),#40,.F.);
#2110=ADVANCED_FACE('',(#1986),#41,.F.);
#2111=ADVANCED_FACE('',(#1987),#42,.F.);
#2112=ADVANCED_FACE('',(#1988),#43,.F.);
#2113=ADVANCED_FACE('',(#1989),#44,.F.);
#2114=ADVANCED_FACE('',(#1990),#45,.F.);
#2115=ADVANCED_FACE('',(#1991),#46,.F.);
#2116=ADVANCED_FACE('',(#1992),#47,.F.);
#2117=ADVANCED_FACE('',(#1993),#48,.F.);
#2118=ADVANCED_FACE('',(#1994),#49,.F.);
#2119=ADVANCED_FACE('',(#1995),#50,.F.);
#2120=ADVANCED_FACE('',(#1996),#51,.F.);
#2121=ADVANCED_FACE('',(#1997),#52,.F.);
#2122=ADVANCED_FACE('',(#1998),#2073,.F.);
#2123=ADVANCED_FACE('',(#1999),#2074,.F.);
#2124=ADVANCED_FACE('',(#2000),#53,.F.);
#2125=ADVANCED_FACE('',(#2001),#54,.F.);
#2126=ADVANCED_FACE('',(#2002),#55,.F.);
#2127=ADVANCED_FACE('',(#2003),#56,.F.);
#2128=ADVANCED_FACE('',(#2004),#57,.F.);
#2129=ADVANCED_FACE('',(#2005),#58,.F.);
#2130=ADVANCED_FACE('',(#2006),#59,.F.);
#2131=ADVANCED_FACE('',(#2007),#60,.F.);
#2132=ADVANCED_FACE('',(#2008),#61,.F.);
#2133=ADVANCED_FACE('',(#2009),#62,.F.);
#2134=ADVANCED_FACE('',(#2010),#63,.F.);
#2135=ADVANCED_FACE('',(#2011),#64,.F.);
#2136=ADVANCED_FACE('',(#2012),#65,.F.);
#2137=ADVANCED_FACE('',(#2013),#66,.F.);
#2138=ADVANCED_FACE('',(#2014),#67,.F.);
#2139=ADVANCED_FACE('',(#2015),#2075,.F.);
#2140=ADVANCED_FACE('',(#2016,#2017),#68,.F.);
#2141=ADVANCED_FACE('',(#2018),#2076,.F.);
#2142=ADVANCED_FACE('',(#2019),#69,.F.);
#2143=ADVANCED_FACE('',(#2020),#70,.F.);
#2144=ADVANCED_FACE('',(#2021),#2077,.F.);
#2145=ADVANCED_FACE('',(#2022),#71,.T.);
#2146=ADVANCED_FACE('',(#2023),#2078,.F.);
#2147=ADVANCED_FACE('',(#2024),#72,.T.);
#2148=ADVANCED_FACE('',(#2025),#73,.T.);
#2149=ADVANCED_FACE('',(#2026),#74,.T.);
#2150=ADVANCED_FACE('',(#2027),#75,.T.);
#2151=ADVANCED_FACE('',(#2028),#76,.T.);
#2152=ADVANCED_FACE('',(#2029),#77,.T.);
#2153=ADVANCED_FACE('',(#2030),#78,.T.);
#2154=ADVANCED_FACE('',(#2031),#79,.T.);
#2155=ADVANCED_FACE('',(#2032),#80,.T.);
#2156=ADVANCED_FACE('',(#2033),#81,.T.);
#2157=ADVANCED_FACE('',(#2034),#82,.T.);
#2158=ADVANCED_FACE('',(#2035),#83,.T.);
#2159=ADVANCED_FACE('',(#2036),#84,.T.);
#2160=ADVANCED_FACE('',(#2037),#85,.T.);
#2161=ADVANCED_FACE('',(#2038),#86,.T.);
#2162=ADVANCED_FACE('',(#2039),#87,.T.);
#2163=ADVANCED_FACE('',(#2040),#88,.T.);
#2164=ADVANCED_FACE('',(#2041),#89,.T.);
#2165=ADVANCED_FACE('',(#2042),#90,.T.);
#2166=ADVANCED_FACE('',(#2043),#91,.T.);
#2167=ADVANCED_FACE('',(#2044),#92,.T.);
#2168=ADVANCED_FACE('',(#2045),#93,.T.);
#2169=ADVANCED_FACE('',(#2046),#94,.T.);
#2170=ADVANCED_FACE('',(#2047),#95,.T.);
#2171=ADVANCED_FACE('',(#2048),#96,.T.);
#2172=ADVANCED_FACE('',(#2049),#97,.T.);
#2173=ADVANCED_FACE('',(#2050),#98,.T.);
#2174=ADVANCED_FACE('',(#2051),#99,.F.);
#2175=ADVANCED_FACE('',(#2052),#2079,.F.);
#2176=ADVANCED_FACE('',(#2053),#100,.F.);
#2177=ADVANCED_FACE('',(#2054),#101,.T.);
#2178=ADVANCED_FACE('',(#2055),#2080,.F.);
#2179=ADVANCED_FACE('',(#2056),#102,.F.);
#2180=ADVANCED_FACE('',(#2057),#103,.F.);
#2181=ADVANCED_FACE('',(#2058),#104,.T.);
#2182=ADVANCED_FACE('',(#2059),#105,.T.);
#2183=ADVANCED_FACE('',(#2060),#106,.T.);
#2184=ADVANCED_FACE('',(#2061),#2081,.F.);
#2185=ADVANCED_FACE('',(#2062),#107,.T.);
#2186=ADVANCED_FACE('',(#2063),#2082,.F.);
#2187=ADVANCED_FACE('',(#2064),#108,.T.);
#2188=ADVANCED_FACE('',(#2065),#109,.T.);
#2189=ADVANCED_FACE('',(#2066),#110,.T.);
#2190=CLOSED_SHELL('',(#2083,#2084,#2085,#2086,#2087,#2088,#2089,#2090,
#2091,#2092,#2093,#2094,#2095,#2096,#2097,#2098,#2099,#2100,#2101,#2102,
#2103,#2104,#2105,#2106,#2107,#2108,#2109,#2110,#2111,#2112,#2113,#2114,
#2115,#2116,#2117,#2118,#2119,#2120,#2121,#2122,#2123,#2124,#2125,#2126,
#2127,#2128,#2129,#2130,#2131,#2132,#2133,#2134,#2135,#2136,#2137,#2138,
#2139,#2140,#2141,#2142,#2143,#2144,#2145,#2146,#2147,#2148,#2149,#2150,
#2151,#2152,#2153,#2154,#2155,#2156,#2157,#2158,#2159,#2160,#2161,#2162,
#2163,#2164,#2165,#2166,#2167,#2168,#2169,#2170,#2171,#2172,#2173,#2174,
#2175,#2176,#2177,#2178,#2179,#2180,#2181,#2182,#2183,#2184,#2185,#2186,
#2187,#2188,#2189));
#2191=STYLED_ITEM('',(#2192),#2199);
#2192=PRESENTATION_STYLE_ASSIGNMENT((#2193));
#2193=SURFACE_STYLE_USAGE(.BOTH.,#2194);
#2194=SURFACE_SIDE_STYLE('',(#2195));
#2195=SURFACE_STYLE_FILL_AREA(#2196);
#2196=FILL_AREA_STYLE('',(#2197));
#2197=FILL_AREA_STYLE_COLOUR('',#2198);
#2198=COLOUR_RGB('',0.647058823529412,0.647058823529412,0.647058823529412);
#2199=MANIFOLD_SOLID_BREP('Cart Cart Plate',#2190);
#2200=SHAPE_DEFINITION_REPRESENTATION(#3560,#2201);
#2201=SHAPE_REPRESENTATION('Cart Cart Plate',(#2202),#3555);
#2202=AXIS2_PLACEMENT_3D('',#2926,#2354,#2355);
#2203=AXIS2_PLACEMENT_3D('',#2927,#2356,#2357);
#2204=AXIS2_PLACEMENT_3D('',#2928,#2358,#2359);
#2205=AXIS2_PLACEMENT_3D('',#2933,#2361,#2362);
#2206=AXIS2_PLACEMENT_3D('',#2937,#2364,#2365);
#2207=AXIS2_PLACEMENT_3D('',#2941,#2367,#2368);
#2208=AXIS2_PLACEMENT_3D('',#2945,#2370,#2371);
#2209=AXIS2_PLACEMENT_3D('',#2949,#2373,#2374);
#2210=AXIS2_PLACEMENT_3D('',#2953,#2376,#2377);
#2211=AXIS2_PLACEMENT_3D('',#2957,#2379,#2380);
#2212=AXIS2_PLACEMENT_3D('',#2960,#2382,#2383);
#2213=AXIS2_PLACEMENT_3D('',#2987,#2398,#2399);
#2214=AXIS2_PLACEMENT_3D('',#2991,#2401,#2402);
#2215=AXIS2_PLACEMENT_3D('',#2992,#2403,#2404);
#2216=AXIS2_PLACEMENT_3D('',#2996,#2406,#2407);
#2217=AXIS2_PLACEMENT_3D('',#2997,#2408,#2409);
#2218=AXIS2_PLACEMENT_3D('',#3001,#2411,#2412);
#2219=AXIS2_PLACEMENT_3D('',#3005,#2414,#2415);
#2220=AXIS2_PLACEMENT_3D('',#3009,#2417,#2418);
#2221=AXIS2_PLACEMENT_3D('',#3013,#2420,#2421);
#2222=AXIS2_PLACEMENT_3D('',#3014,#2422,#2423);
#2223=AXIS2_PLACEMENT_3D('',#3022,#2427,#2428);
#2224=AXIS2_PLACEMENT_3D('',#3054,#2444,#2445);
#2225=AXIS2_PLACEMENT_3D('',#3086,#2461,#2462);
#2226=AXIS2_PLACEMENT_3D('',#3118,#2478,#2479);
#2227=AXIS2_PLACEMENT_3D('',#3143,#2492,#2493);
#2228=AXIS2_PLACEMENT_3D('',#3152,#2498,#2499);
#2229=AXIS2_PLACEMENT_3D('',#3158,#2502,#2503);
#2230=AXIS2_PLACEMENT_3D('',#3169,#2510,#2511);
#2231=AXIS2_PLACEMENT_3D('',#3172,#2513,#2514);
#2232=AXIS2_PLACEMENT_3D('',#3176,#2516,#2517);
#2233=AXIS2_PLACEMENT_3D('',#3184,#2521,#2522);
#2234=AXIS2_PLACEMENT_3D('',#3189,#2525,#2526);
#2235=AXIS2_PLACEMENT_3D('',#3193,#2528,#2529);
#2236=AXIS2_PLACEMENT_3D('',#3203,#2535,#2536);
#2237=AXIS2_PLACEMENT_3D('',#3207,#2538,#2539);
#2238=AXIS2_PLACEMENT_3D('',#3210,#2541,#2542);
#2239=AXIS2_PLACEMENT_3D('',#3216,#2545,#2546);
#2240=AXIS2_PLACEMENT_3D('',#3231,#2554,#2555);
#2241=AXIS2_PLACEMENT_3D('',#3234,#2557,#2558);
#2242=AXIS2_PLACEMENT_3D('',#3236,#2560,#2561);
#2243=AXIS2_PLACEMENT_3D('',#3237,#2562,#2563);
#2244=AXIS2_PLACEMENT_3D('',#3241,#2565,#2566);
#2245=AXIS2_PLACEMENT_3D('',#3245,#2568,#2569);
#2246=AXIS2_PLACEMENT_3D('',#3277,#2585,#2586);
#2247=AXIS2_PLACEMENT_3D('',#3278,#2587,#2588);
#2248=AXIS2_PLACEMENT_3D('',#3318,#2610,#2611);
#2249=AXIS2_PLACEMENT_3D('',#3322,#2613,#2614);
#2250=AXIS2_PLACEMENT_3D('',#3325,#2616,#2617);
#2251=AXIS2_PLACEMENT_3D('',#3329,#2620,#2621);
#2252=AXIS2_PLACEMENT_3D('',#3332,#2623,#2624);
#2253=AXIS2_PLACEMENT_3D('',#3333,#2625,#2626);
#2254=AXIS2_PLACEMENT_3D('',#3337,#2629,#2630);
#2255=AXIS2_PLACEMENT_3D('',#3340,#2632,#2633);
#2256=AXIS2_PLACEMENT_3D('',#3341,#2634,#2635);
#2257=AXIS2_PLACEMENT_3D('',#3343,#2637,#2638);
#2258=AXIS2_PLACEMENT_3D('',#3344,#2639,#2640);
#2259=AXIS2_PLACEMENT_3D('',#3348,#2643,#2644);
#2260=AXIS2_PLACEMENT_3D('',#3352,#2647,#2648);
#2261=AXIS2_PLACEMENT_3D('',#3355,#2650,#2651);
#2262=AXIS2_PLACEMENT_3D('',#3356,#2652,#2653);
#2263=AXIS2_PLACEMENT_3D('',#3360,#2656,#2657);
#2264=AXIS2_PLACEMENT_3D('',#3361,#2658,#2659);
#2265=AXIS2_PLACEMENT_3D('',#3362,#2660,#2661);
#2266=AXIS2_PLACEMENT_3D('',#3363,#2662,#2663);
#2267=AXIS2_PLACEMENT_3D('',#3366,#2666,#2667);
#2268=AXIS2_PLACEMENT_3D('',#3368,#2669,#2670);
#2269=AXIS2_PLACEMENT_3D('',#3370,#2672,#2673);
#2270=AXIS2_PLACEMENT_3D('',#3372,#2675,#2676);
#2271=AXIS2_PLACEMENT_3D('',#3374,#2678,#2679);
#2272=AXIS2_PLACEMENT_3D('',#3376,#2681,#2682);
#2273=AXIS2_PLACEMENT_3D('',#3378,#2684,#2685);
#2274=AXIS2_PLACEMENT_3D('',#3380,#2687,#2688);
#2275=AXIS2_PLACEMENT_3D('',#3382,#2690,#2691);
#2276=AXIS2_PLACEMENT_3D('',#3384,#2693,#2694);
#2277=AXIS2_PLACEMENT_3D('',#3386,#2696,#2697);
#2278=AXIS2_PLACEMENT_3D('',#3388,#2699,#2700);
#2279=AXIS2_PLACEMENT_3D('',#3390,#2702,#2703);
#2280=AXIS2_PLACEMENT_3D('',#3392,#2705,#2706);
#2281=AXIS2_PLACEMENT_3D('',#3394,#2708,#2709);
#2282=AXIS2_PLACEMENT_3D('',#3395,#2710,#2711);
#2283=AXIS2_PLACEMENT_3D('',#3397,#2713,#2714);
#2284=AXIS2_PLACEMENT_3D('',#3399,#2716,#2717);
#2285=AXIS2_PLACEMENT_3D('',#3401,#2719,#2720);
#2286=AXIS2_PLACEMENT_3D('',#3403,#2722,#2723);
#2287=AXIS2_PLACEMENT_3D('',#3405,#2725,#2726);
#2288=AXIS2_PLACEMENT_3D('',#3407,#2728,#2729);
#2289=AXIS2_PLACEMENT_3D('',#3409,#2731,#2732);
#2290=AXIS2_PLACEMENT_3D('',#3411,#2734,#2735);
#2291=AXIS2_PLACEMENT_3D('',#3413,#2737,#2738);
#2292=AXIS2_PLACEMENT_3D('',#3415,#2740,#2741);
#2293=AXIS2_PLACEMENT_3D('',#3417,#2743,#2744);
#2294=AXIS2_PLACEMENT_3D('',#3419,#2746,#2747);
#2295=AXIS2_PLACEMENT_3D('',#3421,#2749,#2750);
#2296=AXIS2_PLACEMENT_3D('',#3423,#2752,#2753);
#2297=AXIS2_PLACEMENT_3D('',#3425,#2755,#2756);
#2298=AXIS2_PLACEMENT_3D('',#3427,#2758,#2759);
#2299=AXIS2_PLACEMENT_3D('',#3429,#2761,#2762);
#2300=AXIS2_PLACEMENT_3D('',#3436,#2767,#2768);
#2301=AXIS2_PLACEMENT_3D('',#3439,#2770,#2771);
#2302=AXIS2_PLACEMENT_3D('',#3440,#2772,#2773);
#2303=AXIS2_PLACEMENT_3D('',#3443,#2776,#2777);
#2304=AXIS2_PLACEMENT_3D('',#3445,#2779,#2780);
#2305=AXIS2_PLACEMENT_3D('',#3446,#2781,#2782);
#2306=AXIS2_PLACEMENT_3D('',#3449,#2785,#2786);
#2307=AXIS2_PLACEMENT_3D('',#3451,#2788,#2789);
#2308=AXIS2_PLACEMENT_3D('',#3452,#2790,#2791);
#2309=AXIS2_PLACEMENT_3D('',#3455,#2794,#2795);
#2310=AXIS2_PLACEMENT_3D('',#3457,#2797,#2798);
#2311=AXIS2_PLACEMENT_3D('',#3459,#2800,#2801);
#2312=AXIS2_PLACEMENT_3D('',#3461,#2803,#2804);
#2313=AXIS2_PLACEMENT_3D('',#3463,#2806,#2807);
#2314=AXIS2_PLACEMENT_3D('',#3465,#2809,#2810);
#2315=AXIS2_PLACEMENT_3D('',#3467,#2812,#2813);
#2316=AXIS2_PLACEMENT_3D('',#3469,#2815,#2816);
#2317=AXIS2_PLACEMENT_3D('',#3471,#2818,#2819);
#2318=AXIS2_PLACEMENT_3D('',#3472,#2820,#2821);
#2319=AXIS2_PLACEMENT_3D('',#3474,#2823,#2824);
#2320=AXIS2_PLACEMENT_3D('',#3476,#2826,#2827);
#2321=AXIS2_PLACEMENT_3D('',#3477,#2828,#2829);
#2322=AXIS2_PLACEMENT_3D('',#3479,#2831,#2832);
#2323=AXIS2_PLACEMENT_3D('',#3481,#2834,#2835);
#2324=AXIS2_PLACEMENT_3D('',#3483,#2837,#2838);
#2325=AXIS2_PLACEMENT_3D('',#3485,#2840,#2841);
#2326=AXIS2_PLACEMENT_3D('',#3487,#2843,#2844);
#2327=AXIS2_PLACEMENT_3D('',#3489,#2846,#2847);
#2328=AXIS2_PLACEMENT_3D('',#3491,#2849,#2850);
#2329=AXIS2_PLACEMENT_3D('',#3493,#2852,#2853);
#2330=AXIS2_PLACEMENT_3D('',#3495,#2855,#2856);
#2331=AXIS2_PLACEMENT_3D('',#3497,#2858,#2859);
#2332=AXIS2_PLACEMENT_3D('',#3499,#2861,#2862);
#2333=AXIS2_PLACEMENT_3D('',#3501,#2864,#2865);
#2334=AXIS2_PLACEMENT_3D('',#3502,#2866,#2867);
#2335=AXIS2_PLACEMENT_3D('',#3508,#2871,#2872);
#2336=AXIS2_PLACEMENT_3D('',#3511,#2874,#2875);
#2337=AXIS2_PLACEMENT_3D('',#3512,#2876,#2877);
#2338=AXIS2_PLACEMENT_3D('',#3514,#2879,#2880);
#2339=AXIS2_PLACEMENT_3D('',#3515,#2881,#2882);
#2340=AXIS2_PLACEMENT_3D('',#3518,#2884,#2885);
#2341=AXIS2_PLACEMENT_3D('',#3521,#2887,#2888);
#2342=AXIS2_PLACEMENT_3D('',#3525,#2891,#2892);
#2343=AXIS2_PLACEMENT_3D('',#3527,#2894,#2895);
#2344=AXIS2_PLACEMENT_3D('',#3528,#2896,#2897);
#2345=AXIS2_PLACEMENT_3D('',#3534,#2901,#2902);
#2346=AXIS2_PLACEMENT_3D('',#3538,#2905,#2906);
#2347=AXIS2_PLACEMENT_3D('',#3539,#2907,#2908);
#2348=AXIS2_PLACEMENT_3D('',#3540,#2909,#2910);
#2349=AXIS2_PLACEMENT_3D('',#3541,#2911,#2912);
#2350=AXIS2_PLACEMENT_3D('',#3544,#2914,#2915);
#2351=AXIS2_PLACEMENT_3D('',#3547,#2917,#2918);
#2352=AXIS2_PLACEMENT_3D('',#3551,#2921,#2922);
#2353=AXIS2_PLACEMENT_3D('',#3553,#2924,#2925);
#2354=DIRECTION('',(0.,0.,1.));
#2355=DIRECTION('',(1.,0.,0.));
#2356=DIRECTION('',(0.,0.,1.));
#2357=DIRECTION('',(1.,0.,0.));
#2358=DIRECTION('',(0.,0.,1.));
#2359=DIRECTION('',(1.,0.,0.));
#2360=DIRECTION('',(0.,0.,1.));
#2361=DIRECTION('',(0.,0.,1.));
#2362=DIRECTION('',(1.,0.,0.));
#2363=DIRECTION('',(0.,0.,1.));
#2364=DIRECTION('',(0.,0.,1.));
#2365=DIRECTION('',(1.,0.,0.));
#2366=DIRECTION('',(0.,0.,1.));
#2367=DIRECTION('',(0.,0.,-1.));
#2368=DIRECTION('',(-1.,0.,0.));
#2369=DIRECTION('',(0.,0.,1.));
#2370=DIRECTION('',(0.,0.,-1.));
#2371=DIRECTION('',(-1.,0.,0.));
#2372=DIRECTION('',(0.,0.,1.));
#2373=DIRECTION('',(0.,0.,-1.));
#2374=DIRECTION('',(-1.,0.,0.));
#2375=DIRECTION('',(0.,0.,1.));
#2376=DIRECTION('',(0.,0.,1.));
#2377=DIRECTION('',(1.,0.,0.));
#2378=DIRECTION('',(0.,0.,1.));
#2379=DIRECTION('',(0.,0.,1.));
#2380=DIRECTION('',(1.,0.,0.));
#2381=DIRECTION('',(0.,0.,1.));
#2382=DIRECTION('',(1.,0.,0.));
#2383=DIRECTION('',(0.,0.,-1.));
#2384=DIRECTION('',(0.,-1.,0.));
#2385=DIRECTION('',(0.,-0.707106781186547,-0.707106781186548));
#2386=DIRECTION('',(0.,5.98956387231825E-16,-1.));
#2387=DIRECTION('',(0.,0.707106781186548,-0.707106781186547));
#2388=DIRECTION('',(0.,1.,0.));
#2389=DIRECTION('',(0.,1.,0.));
#2390=DIRECTION('',(0.,0.,1.));
#2391=DIRECTION('',(0.,1.,0.));
#2392=DIRECTION('',(0.,0.707106781186548,0.707106781186547));
#2393=DIRECTION('',(0.,5.98956387231825E-16,1.));
#2394=DIRECTION('',(0.,-0.707106781186547,0.707106781186548));
#2395=DIRECTION('',(0.,-1.,0.));
#2396=DIRECTION('',(0.,0.,1.));
#2397=DIRECTION('',(0.,1.,0.));
#2398=DIRECTION('',(0.,0.,1.));
#2399=DIRECTION('',(1.,0.,0.));
#2400=DIRECTION('',(0.,0.,1.));
#2401=DIRECTION('',(0.,0.,-1.));
#2402=DIRECTION('',(-1.,0.,0.));
#2403=DIRECTION('',(0.,0.,-1.));
#2404=DIRECTION('',(1.,0.,0.));
#2405=DIRECTION('',(0.,0.,1.));
#2406=DIRECTION('',(0.,0.,-1.));
#2407=DIRECTION('',(1.,0.,0.));
#2408=DIRECTION('',(0.,0.,1.));
#2409=DIRECTION('',(1.,0.,0.));
#2410=DIRECTION('',(0.,0.,1.));
#2411=DIRECTION('',(0.,0.,1.));
#2412=DIRECTION('',(1.,0.,0.));
#2413=DIRECTION('',(0.,0.,1.));
#2414=DIRECTION('',(0.,0.,1.));
#2415=DIRECTION('',(1.,0.,0.));
#2416=DIRECTION('',(0.,0.,1.));
#2417=DIRECTION('',(0.,0.,-1.));
#2418=DIRECTION('',(-1.,0.,0.));
#2419=DIRECTION('',(0.,0.,1.));
#2420=DIRECTION('',(0.,0.,-1.));
#2421=DIRECTION('',(-1.,0.,0.));
#2422=DIRECTION('',(1.,0.,0.));
#2423=DIRECTION('',(0.,1.,0.));
#2424=DIRECTION('',(0.,0.,-1.));
#2425=DIRECTION('',(0.,-1.,0.));
#2426=DIRECTION('',(0.,-2.28253088944317E-16,-1.));
#2427=DIRECTION('',(1.,0.,0.));
#2428=DIRECTION('',(0.,0.,-1.));
#2429=DIRECTION('',(0.,1.,0.));
#2430=DIRECTION('',(0.,0.,1.));
#2431=DIRECTION('',(0.,1.,0.));
#2432=DIRECTION('',(0.,0.,1.));
#2433=DIRECTION('',(0.,-1.,0.));
#2434=DIRECTION('',(0.,0.,1.));
#2435=DIRECTION('',(0.,0.707106781186548,0.707106781186547));
#2436=DIRECTION('',(0.,1.,0.));
#2437=DIRECTION('',(0.,0.707106781186548,-0.707106781186548));
#2438=DIRECTION('',(0.,0.,-1.));
#2439=DIRECTION('',(0.,-1.,0.));
#2440=DIRECTION('',(0.,0.,-1.));
#2441=DIRECTION('',(0.,1.,0.));
#2442=DIRECTION('',(0.,0.,-1.));
#2443=DIRECTION('',(0.,1.,0.));
#2444=DIRECTION('',(1.,0.,0.));
#2445=DIRECTION('',(0.,0.,-1.));
#2446=DIRECTION('',(0.,4.56506177888633E-16,1.));
#2447=DIRECTION('',(0.,-1.,0.));
#2448=DIRECTION('',(0.,0.,1.));
#2449=DIRECTION('',(0.,-1.,0.));
#2450=DIRECTION('',(0.,0.,-1.));
#2451=DIRECTION('',(0.,-1.,0.));
#2452=DIRECTION('',(0.,-0.707106781186547,0.707106781186548));
#2453=DIRECTION('',(0.,5.98956387231825E-16,1.));
#2454=DIRECTION('',(0.,0.707106781186548,0.707106781186547));
#2455=DIRECTION('',(0.,1.,0.));
#2456=DIRECTION('',(0.,4.03424064180652E-16,-1.));
#2457=DIRECTION('',(0.,1.,0.));
#2458=DIRECTION('',(0.,0.,1.));
#2459=DIRECTION('',(0.,1.,0.));
#2460=DIRECTION('',(0.,4.56506177888633E-16,1.));
#2461=DIRECTION('',(1.,0.,0.));
#2462=DIRECTION('',(0.,0.,-1.));
#2463=DIRECTION('',(0.,-1.,0.));
#2464=DIRECTION('',(0.,0.,-1.));
#2465=DIRECTION('',(0.,-1.,3.25260651745651E-16));
#2466=DIRECTION('',(0.,0.,-1.));
#2467=DIRECTION('',(0.,1.,0.));
#2468=DIRECTION('',(0.,0.,-1.));
#2469=DIRECTION('',(0.,-0.707106781186547,-0.707106781186548));
#2470=DIRECTION('',(0.,-1.,0.));
#2471=DIRECTION('',(0.,-0.707106781186548,0.707106781186548));
#2472=DIRECTION('',(0.,0.,1.));
#2473=DIRECTION('',(0.,1.,0.));
#2474=DIRECTION('',(0.,0.,1.));
#2475=DIRECTION('',(0.,-1.,-3.25260651745651E-16));
#2476=DIRECTION('',(0.,0.,1.));
#2477=DIRECTION('',(0.,-1.,0.));
#2478=DIRECTION('',(1.,0.,0.));
#2479=DIRECTION('',(0.,0.,-1.));
#2480=DIRECTION('',(0.,-2.28253088944317E-16,-1.));
#2481=DIRECTION('',(0.,1.,0.));
#2482=DIRECTION('',(0.,0.,-1.));
#2483=DIRECTION('',(0.,1.,0.));
#2484=DIRECTION('',(0.,4.03424064180652E-16,1.));
#2485=DIRECTION('',(0.,1.,0.));
#2486=DIRECTION('',(0.,0.707106781186548,-0.707106781186547));
#2487=DIRECTION('',(0.,5.98956387231825E-16,-1.));
#2488=DIRECTION('',(0.,-0.707106781186547,-0.707106781186548));
#2489=DIRECTION('',(0.,-1.,0.));
#2490=DIRECTION('',(0.,4.03424064180652E-16,1.));
#2491=DIRECTION('',(0.,-1.,0.));
#2492=DIRECTION('',(0.,1.,0.));
#2493=DIRECTION('',(0.,0.,1.));
#2494=DIRECTION('',(-1.,0.,0.));
#2495=DIRECTION('',(0.,0.,1.));
#2496=DIRECTION('',(-1.,0.,0.));
#2497=DIRECTION('',(0.,0.,1.));
#2498=DIRECTION('',(0.,-1.,0.));
#2499=DIRECTION('',(0.,0.,-1.));
#2500=DIRECTION('',(0.5,0.,0.866025403784438));
#2501=DIRECTION('',(-0.5,0.,0.866025403784438));
#2502=DIRECTION('',(0.,1.,-4.56506177888633E-16));
#2503=DIRECTION('',(0.,4.56506177888633E-16,1.));
#2504=DIRECTION('',(1.,0.,0.));
#2505=DIRECTION('',(1.,0.,0.));
#2506=DIRECTION('',(1.,0.,0.));
#2507=DIRECTION('',(0.,4.56506177888633E-16,1.));
#2508=DIRECTION('',(1.,0.,0.));
#2509=DIRECTION('',(-0.5,-3.95345947036094E-16,-0.866025403784438));
#2510=DIRECTION('',(0.,1.,-4.56506177888633E-16));
#2511=DIRECTION('',(0.,4.56506177888633E-16,1.));
#2512=DIRECTION('',(0.5,-3.95345947036094E-16,-0.866025403784438));
#2513=DIRECTION('',(0.,0.,-1.));
#2514=DIRECTION('',(1.,0.,0.));
#2515=DIRECTION('',(-0.5,0.866025403784441,0.));
#2516=DIRECTION('',(0.,0.,1.));
#2517=DIRECTION('',(1.,0.,0.));
#2518=DIRECTION('',(0.5,0.866025403784437,0.));
#2519=DIRECTION('',(0.5,0.86602540378444,0.));
#2520=DIRECTION('',(-0.5,0.866025403784438,0.));
#2521=DIRECTION('',(0.,0.,1.));
#2522=DIRECTION('',(1.,0.,0.));
#2523=DIRECTION('',(0.,1.,0.));
#2524=DIRECTION('',(-1.,0.,0.));
#2525=DIRECTION('',(0.,0.,-1.));
#2526=DIRECTION('',(-1.,0.,0.));
#2527=DIRECTION('',(0.,-1.,0.));
#2528=DIRECTION('',(0.,0.,-1.));
#2529=DIRECTION('',(-1.,0.,0.));
#2530=DIRECTION('',(1.,0.,0.));
#2531=DIRECTION('',(0.,1.,0.));
#2532=DIRECTION('',(-1.,0.,0.));
#2533=DIRECTION('',(0.,-1.,0.));
#2534=DIRECTION('',(0.,1.,0.));
#2535=DIRECTION('',(0.,0.,-1.));
#2536=DIRECTION('',(1.,0.,0.));
#2537=DIRECTION('',(0.5,0.866025403784437,0.));
#2538=DIRECTION('',(0.,0.,1.));
#2539=DIRECTION('',(1.,0.,0.));
#2540=DIRECTION('',(-0.5,0.866025403784441,0.));
#2541=DIRECTION('',(0.,0.,1.));
#2542=DIRECTION('',(1.,0.,0.));
#2543=DIRECTION('',(-0.5,0.866025403784438,0.));
#2544=DIRECTION('',(0.5,0.86602540378444,0.));
#2545=DIRECTION('',(0.,0.,1.));
#2546=DIRECTION('',(1.,0.,0.));
#2547=DIRECTION('',(1.,0.,0.));
#2548=DIRECTION('',(0.,1.,0.));
#2549=DIRECTION('',(0.,1.,0.));
#2550=DIRECTION('',(0.,-1.,0.));
#2551=DIRECTION('',(-1.,0.,0.));
#2552=DIRECTION('',(0.,1.,0.));
#2553=DIRECTION('',(1.,0.,0.));
#2554=DIRECTION('',(0.,0.,1.));
#2555=DIRECTION('',(1.,0.,0.));
#2556=DIRECTION('',(0.,1.,0.));
#2557=DIRECTION('',(-1.,0.,0.));
#2558=DIRECTION('',(0.,0.,1.));
#2559=DIRECTION('',(0.,0.,1.));
#2560=DIRECTION('',(1.,0.,0.));
#2561=DIRECTION('',(0.,0.,-1.));
#2562=DIRECTION('',(1.,0.,0.));
#2563=DIRECTION('',(0.,0.,-1.));
#2564=DIRECTION('',(0.,1.,0.));
#2565=DIRECTION('',(1.,0.,0.));
#2566=DIRECTION('',(0.,0.,-1.));
#2567=DIRECTION('',(0.,-2.28253088944317E-16,-1.));
#2568=DIRECTION('',(1.,0.,0.));
#2569=DIRECTION('',(0.,0.,-1.));
#2570=DIRECTION('',(0.,-1.,0.));
#2571=DIRECTION('',(0.,0.,1.));
#2572=DIRECTION('',(0.,-1.,-3.25260651745651E-16));
#2573=DIRECTION('',(0.,0.,1.));
#2574=DIRECTION('',(0.,1.,0.));
#2575=DIRECTION('',(0.,0.,1.));
#2576=DIRECTION('',(0.,-0.707106781186548,0.707106781186548));
#2577=DIRECTION('',(0.,-1.,0.));
#2578=DIRECTION('',(0.,-0.707106781186547,-0.707106781186548));
#2579=DIRECTION('',(0.,0.,-1.));
#2580=DIRECTION('',(0.,1.,0.));
#2581=DIRECTION('',(0.,0.,-1.));
#2582=DIRECTION('',(0.,-1.,3.25260651745651E-16));
#2583=DIRECTION('',(0.,0.,-1.));
#2584=DIRECTION('',(0.,-1.,0.));
#2585=DIRECTION('',(1.,0.,0.));
#2586=DIRECTION('',(0.,0.,-1.));
#2587=DIRECTION('',(1.,0.,0.));
#2588=DIRECTION('',(0.,0.,-1.));
#2589=DIRECTION('',(0.,1.,0.));
#2590=DIRECTION('',(0.,0.,-1.));
#2591=DIRECTION('',(0.,1.,0.));
#2592=DIRECTION('',(0.,0.,-1.));
#2593=DIRECTION('',(0.,-1.,0.));
#2594=DIRECTION('',(0.,0.,-1.));
#2595=DIRECTION('',(0.,0.707106781186548,-0.707106781186548));
#2596=DIRECTION('',(0.,1.,0.));
#2597=DIRECTION('',(0.,0.707106781186548,0.707106781186547));
#2598=DIRECTION('',(0.,0.,1.));
#2599=DIRECTION('',(0.,-1.,0.));
#2600=DIRECTION('',(0.,0.,1.));
#2601=DIRECTION('',(0.,1.,0.));
#2602=DIRECTION('',(0.,0.,1.));
#2603=DIRECTION('',(0.,0.,1.));
#2604=DIRECTION('',(0.,0.,1.));
#2605=DIRECTION('',(0.,1.,0.));
#2606=DIRECTION('',(0.,0.,1.));
#2607=DIRECTION('',(0.,0.,-1.));
#2608=DIRECTION('',(0.,1.,0.));
#2609=DIRECTION('',(0.,0.,-1.));
#2610=DIRECTION('',(0.,1.,0.));
#2611=DIRECTION('',(0.,0.,1.));
#2612=DIRECTION('',(0.5,0.,0.86602540378444));
#2613=DIRECTION('',(0.,-1.,0.));
#2614=DIRECTION('',(0.,0.,-1.));
#2615=DIRECTION('',(-0.5,0.,0.866025403784438));
#2616=DIRECTION('',(0.,1.,0.));
#2617=DIRECTION('',(0.,0.,1.));
#2618=DIRECTION('',(0.,0.,-1.));
#2619=DIRECTION('',(1.,0.,0.));
#2620=DIRECTION('',(0.,0.,-1.));
#2621=DIRECTION('',(-1.,0.,0.));
#2622=DIRECTION('',(0.,0.,-1.));
#2623=DIRECTION('',(0.,0.,1.));
#2624=DIRECTION('',(1.,0.,0.));
#2625=DIRECTION('',(-1.,0.,0.));
#2626=DIRECTION('',(0.,0.,1.));
#2627=DIRECTION('',(0.,0.,-1.));
#2628=DIRECTION('',(0.,1.,0.));
#2629=DIRECTION('',(0.,0.,-1.));
#2630=DIRECTION('',(-1.,0.,0.));
#2631=DIRECTION('',(0.,0.,-1.));
#2632=DIRECTION('',(0.,0.,1.));
#2633=DIRECTION('',(1.,0.,0.));
#2634=DIRECTION('',(0.,1.,0.));
#2635=DIRECTION('',(0.,0.,1.));
#2636=DIRECTION('',(1.,0.,0.));
#2637=DIRECTION('',(0.,0.,1.));
#2638=DIRECTION('',(1.,0.,0.));
#2639=DIRECTION('',(0.,1.,0.));
#2640=DIRECTION('',(0.,0.,1.));
#2641=DIRECTION('',(-1.,0.,0.));
#2642=DIRECTION('',(0.,0.,1.));
#2643=DIRECTION('',(0.,-1.,0.));
#2644=DIRECTION('',(0.,0.,-1.));
#2645=DIRECTION('',(0.,0.,1.));
#2646=DIRECTION('',(1.,0.,0.));
#2647=DIRECTION('',(0.,0.,1.));
#2648=DIRECTION('',(1.,0.,0.));
#2649=DIRECTION('',(0.,0.,1.));
#2650=DIRECTION('',(0.,0.,-1.));
#2651=DIRECTION('',(-1.,0.,0.));
#2652=DIRECTION('',(-1.,0.,0.));
#2653=DIRECTION('',(0.,0.,1.));
#2654=DIRECTION('',(0.,0.,1.));
#2655=DIRECTION('',(0.,-1.,0.));
#2656=DIRECTION('',(0.,0.,1.));
#2657=DIRECTION('',(1.,0.,0.));
#2658=DIRECTION('',(0.,0.,-1.));
#2659=DIRECTION('',(-1.,0.,0.));
#2660=DIRECTION('',(0.,0.,-1.));
#2661=DIRECTION('',(1.,0.,0.));
#2662=DIRECTION('',(0.,0.,-1.));
#2663=DIRECTION('',(-1.,0.,0.));
#2664=DIRECTION('',(1.,0.,0.));
#2665=DIRECTION('',(1.,0.,0.));
#2666=DIRECTION('',(0.,1.,0.));
#2667=DIRECTION('',(0.,0.,1.));
#2668=DIRECTION('',(1.,0.,0.));
#2669=DIRECTION('',(0.,0.,-1.));
#2670=DIRECTION('',(-1.,0.,0.));
#2671=DIRECTION('',(1.,0.,0.));
#2672=DIRECTION('',(0.,1.,0.));
#2673=DIRECTION('',(0.,0.,1.));
#2674=DIRECTION('',(1.,0.,0.));
#2675=DIRECTION('',(0.,0.,1.));
#2676=DIRECTION('',(1.,0.,0.));
#2677=DIRECTION('',(1.,0.,0.));
#2678=DIRECTION('',(0.,1.,0.));
#2679=DIRECTION('',(0.,0.,1.));
#2680=DIRECTION('',(1.,0.,0.));
#2681=DIRECTION('',(0.,0.707106781186547,-0.707106781186548));
#2682=DIRECTION('',(0.,0.707106781186548,0.707106781186547));
#2683=DIRECTION('',(1.,0.,0.));
#2684=DIRECTION('',(0.,0.,-1.));
#2685=DIRECTION('',(-1.,0.,0.));
#2686=DIRECTION('',(1.,0.,0.));
#2687=DIRECTION('',(0.,-0.707106781186548,-0.707106781186548));
#2688=DIRECTION('',(0.,0.707106781186548,-0.707106781186548));
#2689=DIRECTION('',(1.,0.,0.));
#2690=DIRECTION('',(0.,-1.,0.));
#2691=DIRECTION('',(0.,0.,-1.));
#2692=DIRECTION('',(1.,0.,0.));
#2693=DIRECTION('',(0.,0.,1.));
#2694=DIRECTION('',(1.,0.,0.));
#2695=DIRECTION('',(1.,0.,0.));
#2696=DIRECTION('',(0.,-1.,0.));
#2697=DIRECTION('',(0.,0.,-1.));
#2698=DIRECTION('',(1.,0.,0.));
#2699=DIRECTION('',(0.,0.,-1.));
#2700=DIRECTION('',(-1.,0.,0.));
#2701=DIRECTION('',(1.,0.,0.));
#2702=DIRECTION('',(0.,-1.,0.));
#2703=DIRECTION('',(0.,0.,-1.));
#2704=DIRECTION('',(1.,0.,0.));
#2705=DIRECTION('',(0.,0.,-1.));
#2706=DIRECTION('',(-1.,0.,0.));
#2707=DIRECTION('',(1.,0.,0.));
#2708=DIRECTION('',(1.,0.,0.));
#2709=DIRECTION('',(0.,0.,-1.));
#2710=DIRECTION('',(1.,0.,0.));
#2711=DIRECTION('',(0.,0.,-1.));
#2712=DIRECTION('',(1.,0.,0.));
#2713=DIRECTION('',(0.,0.,1.));
#2714=DIRECTION('',(1.,0.,0.));
#2715=DIRECTION('',(1.,0.,0.));
#2716=DIRECTION('',(0.,-1.,0.));
#2717=DIRECTION('',(0.,0.,-1.));
#2718=DIRECTION('',(1.,0.,0.));
#2719=DIRECTION('',(0.,3.25260651745651E-16,1.));
#2720=DIRECTION('',(0.,-1.,3.25260651745651E-16));
#2721=DIRECTION('',(1.,0.,0.));
#2722=DIRECTION('',(0.,-1.,0.));
#2723=DIRECTION('',(0.,0.,-1.));
#2724=DIRECTION('',(1.,0.,0.));
#2725=DIRECTION('',(0.,0.,-1.));
#2726=DIRECTION('',(-1.,0.,0.));
#2727=DIRECTION('',(1.,0.,0.));
#2728=DIRECTION('',(0.,-1.,0.));
#2729=DIRECTION('',(0.,0.,-1.));
#2730=DIRECTION('',(1.,0.,0.));
#2731=DIRECTION('',(0.,-0.707106781186548,0.707106781186547));
#2732=DIRECTION('',(0.,-0.707106781186547,-0.707106781186548));
#2733=DIRECTION('',(1.,0.,0.));
#2734=DIRECTION('',(0.,0.,1.));
#2735=DIRECTION('',(1.,0.,0.));
#2736=DIRECTION('',(1.,0.,0.));
#2737=DIRECTION('',(0.,0.707106781186548,0.707106781186548));
#2738=DIRECTION('',(0.,-0.707106781186548,0.707106781186548));
#2739=DIRECTION('',(1.,0.,0.));
#2740=DIRECTION('',(0.,1.,0.));
#2741=DIRECTION('',(0.,0.,1.));
#2742=DIRECTION('',(1.,0.,0.));
#2743=DIRECTION('',(0.,0.,-1.));
#2744=DIRECTION('',(-1.,0.,0.));
#2745=DIRECTION('',(1.,0.,0.));
#2746=DIRECTION('',(0.,1.,0.));
#2747=DIRECTION('',(0.,0.,1.));
#2748=DIRECTION('',(1.,0.,0.));
#2749=DIRECTION('',(0.,-3.25260651745651E-16,1.));
#2750=DIRECTION('',(0.,-1.,-3.25260651745651E-16));
#2751=DIRECTION('',(1.,0.,0.));
#2752=DIRECTION('',(0.,1.,0.));
#2753=DIRECTION('',(0.,0.,1.));
#2754=DIRECTION('',(1.,0.,0.));
#2755=DIRECTION('',(0.,0.,1.));
#2756=DIRECTION('',(1.,0.,0.));
#2757=DIRECTION('',(1.,0.,0.));
#2758=DIRECTION('',(1.,0.,0.));
#2759=DIRECTION('',(0.,0.,-1.));
#2760=DIRECTION('',(1.,0.,0.));
#2761=DIRECTION('',(0.,-1.,2.28253088944317E-16));
#2762=DIRECTION('',(0.,-2.28253088944317E-16,-1.));
#2763=DIRECTION('',(1.,0.,0.));
#2764=DIRECTION('',(1.,0.,0.));
#2765=DIRECTION('',(1.,0.,0.));
#2766=DIRECTION('',(0.5,-1.97672973518047E-16,-0.866025403784438));
#2767=DIRECTION('',(0.,-1.,2.28253088944317E-16));
#2768=DIRECTION('',(0.,-2.28253088944317E-16,-1.));
#2769=DIRECTION('',(-0.5,-1.97672973518048E-16,-0.86602540378444));
#2770=DIRECTION('',(1.,0.,0.));
#2771=DIRECTION('',(0.,0.,-1.));
#2772=DIRECTION('',(0.866025403784438,0.,0.5));
#2773=DIRECTION('',(0.5,0.,-0.866025403784438));
#2774=DIRECTION('',(0.,-1.,0.));
#2775=DIRECTION('',(0.,-1.,0.));
#2776=DIRECTION('',(0.86602540378444,0.,-0.5));
#2777=DIRECTION('',(-0.5,0.,-0.86602540378444));
#2778=DIRECTION('',(0.,-1.,0.));
#2779=DIRECTION('',(0.,-1.,0.));
#2780=DIRECTION('',(0.,0.,-1.));
#2781=DIRECTION('',(-0.866025403784438,0.,-0.5));
#2782=DIRECTION('',(-0.5,0.,0.866025403784438));
#2783=DIRECTION('',(0.,1.,0.));
#2784=DIRECTION('',(0.,1.,0.));
#2785=DIRECTION('',(0.,1.,0.));
#2786=DIRECTION('',(0.,0.,1.));
#2787=DIRECTION('',(0.,1.,0.));
#2788=DIRECTION('',(-0.866025403784438,0.,0.5));
#2789=DIRECTION('',(0.5,0.,0.866025403784438));
#2790=DIRECTION('',(0.,0.,-1.));
#2791=DIRECTION('',(-1.,0.,0.));
#2792=DIRECTION('',(1.,0.,0.));
#2793=DIRECTION('',(1.,0.,0.));
#2794=DIRECTION('',(0.,0.707106781186547,-0.707106781186548));
#2795=DIRECTION('',(0.,0.707106781186548,0.707106781186547));
#2796=DIRECTION('',(1.,0.,0.));
#2797=DIRECTION('',(0.,1.,-5.98956387231825E-16));
#2798=DIRECTION('',(0.,5.98956387231825E-16,1.));
#2799=DIRECTION('',(1.,0.,0.));
#2800=DIRECTION('',(0.,0.707106781186548,0.707106781186547));
#2801=DIRECTION('',(0.,-0.707106781186547,0.707106781186548));
#2802=DIRECTION('',(1.,0.,0.));
#2803=DIRECTION('',(0.,0.,1.));
#2804=DIRECTION('',(1.,0.,0.));
#2805=DIRECTION('',(1.,0.,0.));
#2806=DIRECTION('',(0.,0.,1.));
#2807=DIRECTION('',(1.,0.,0.));
#2808=DIRECTION('',(1.,0.,0.));
#2809=DIRECTION('',(0.,0.,-1.));
#2810=DIRECTION('',(-1.,0.,0.));
#2811=DIRECTION('',(1.,0.,0.));
#2812=DIRECTION('',(0.,1.,0.));
#2813=DIRECTION('',(0.,0.,1.));
#2814=DIRECTION('',(1.,0.,0.));
#2815=DIRECTION('',(0.,0.,-1.));
#2816=DIRECTION('',(-1.,0.,0.));
#2817=DIRECTION('',(1.,0.,0.));
#2818=DIRECTION('',(0.,-1.,-4.03424064180652E-16));
#2819=DIRECTION('',(0.,4.03424064180652E-16,-1.));
#2820=DIRECTION('',(0.,-1.,0.));
#2821=DIRECTION('',(0.,0.,-1.));
#2822=DIRECTION('',(1.,0.,0.));
#2823=DIRECTION('',(0.,0.,1.));
#2824=DIRECTION('',(1.,0.,0.));
#2825=DIRECTION('',(1.,0.,0.));
#2826=DIRECTION('',(0.,1.,0.));
#2827=DIRECTION('',(0.,0.,1.));
#2828=DIRECTION('',(0.,0.,1.));
#2829=DIRECTION('',(1.,0.,0.));
#2830=DIRECTION('',(1.,0.,0.));
#2831=DIRECTION('',(0.,-1.,0.));
#2832=DIRECTION('',(0.,0.,-1.));
#2833=DIRECTION('',(1.,0.,0.));
#2834=DIRECTION('',(0.,0.,1.));
#2835=DIRECTION('',(1.,0.,0.));
#2836=DIRECTION('',(1.,0.,0.));
#2837=DIRECTION('',(0.,1.,-4.03424064180652E-16));
#2838=DIRECTION('',(0.,4.03424064180652E-16,1.));
#2839=DIRECTION('',(1.,0.,0.));
#2840=DIRECTION('',(0.,0.,1.));
#2841=DIRECTION('',(1.,0.,0.));
#2842=DIRECTION('',(1.,0.,0.));
#2843=DIRECTION('',(0.,-0.707106781186548,0.707106781186547));
#2844=DIRECTION('',(0.,-0.707106781186547,-0.707106781186548));
#2845=DIRECTION('',(1.,0.,0.));
#2846=DIRECTION('',(0.,-1.,-5.98956387231825E-16));
#2847=DIRECTION('',(0.,5.98956387231825E-16,-1.));
#2848=DIRECTION('',(1.,0.,0.));
#2849=DIRECTION('',(0.,-0.707106781186547,-0.707106781186548));
#2850=DIRECTION('',(0.,0.707106781186548,-0.707106781186547));
#2851=DIRECTION('',(1.,0.,0.));
#2852=DIRECTION('',(0.,0.,-1.));
#2853=DIRECTION('',(-1.,0.,0.));
#2854=DIRECTION('',(1.,0.,0.));
#2855=DIRECTION('',(0.,1.,-4.03424064180652E-16));
#2856=DIRECTION('',(0.,4.03424064180652E-16,1.));
#2857=DIRECTION('',(1.,0.,0.));
#2858=DIRECTION('',(0.,0.,-1.));
#2859=DIRECTION('',(-1.,0.,0.));
#2860=DIRECTION('',(1.,0.,0.));
#2861=DIRECTION('',(0.,-1.,0.));
#2862=DIRECTION('',(0.,0.,-1.));
#2863=DIRECTION('',(1.,0.,0.));
#2864=DIRECTION('',(0.,0.,-1.));
#2865=DIRECTION('',(-1.,0.,0.));
#2866=DIRECTION('',(0.866025403784438,0.5,0.));
#2867=DIRECTION('',(-0.5,0.866025403784438,0.));
#2868=DIRECTION('',(0.,0.,1.));
#2869=DIRECTION('',(-0.5,0.866025403784438,0.));
#2870=DIRECTION('',(0.,0.,1.));
#2871=DIRECTION('',(0.,0.,1.));
#2872=DIRECTION('',(1.,0.,0.));
#2873=DIRECTION('',(0.,0.,1.));
#2874=DIRECTION('',(0.,0.,1.));
#2875=DIRECTION('',(1.,0.,0.));
#2876=DIRECTION('',(0.86602540378444,-0.5,0.));
#2877=DIRECTION('',(0.5,0.86602540378444,0.));
#2878=DIRECTION('',(0.5,0.86602540378444,0.));
#2879=DIRECTION('',(0.,0.,1.));
#2880=DIRECTION('',(1.,0.,0.));
#2881=DIRECTION('',(0.,0.,1.));
#2882=DIRECTION('',(1.,0.,0.));
#2883=DIRECTION('',(0.,0.,1.));
#2884=DIRECTION('',(0.,0.,1.));
#2885=DIRECTION('',(1.,0.,0.));
#2886=DIRECTION('',(0.,0.,1.));
#2887=DIRECTION('',(0.866025403784437,-0.5,0.));
#2888=DIRECTION('',(0.5,0.866025403784437,0.));
#2889=DIRECTION('',(0.,0.,1.));
#2890=DIRECTION('',(0.5,0.866025403784437,0.));
#2891=DIRECTION('',(0.866025403784441,0.5,0.));
#2892=DIRECTION('',(-0.5,0.866025403784441,0.));
#2893=DIRECTION('',(-0.5,0.866025403784441,0.));
#2894=DIRECTION('',(0.,0.,1.));
#2895=DIRECTION('',(1.,0.,0.));
#2896=DIRECTION('',(-0.866025403784438,-0.5,0.));
#2897=DIRECTION('',(0.5,-0.866025403784438,0.));
#2898=DIRECTION('',(0.,0.,-1.));
#2899=DIRECTION('',(-0.5,0.866025403784438,0.));
#2900=DIRECTION('',(0.,0.,-1.));
#2901=DIRECTION('',(-0.86602540378444,0.5,0.));
#2902=DIRECTION('',(-0.5,-0.86602540378444,0.));
#2903=DIRECTION('',(0.,0.,-1.));
#2904=DIRECTION('',(0.5,0.86602540378444,0.));
#2905=DIRECTION('',(0.,0.,-1.));
#2906=DIRECTION('',(-1.,0.,0.));
#2907=DIRECTION('',(0.,0.,1.));
#2908=DIRECTION('',(1.,0.,0.));
#2909=DIRECTION('',(0.,0.,-1.));
#2910=DIRECTION('',(1.,0.,0.));
#2911=DIRECTION('',(0.,0.,-1.));
#2912=DIRECTION('',(-1.,0.,0.));
#2913=DIRECTION('',(0.,0.,-1.));
#2914=DIRECTION('',(0.,0.,1.));
#2915=DIRECTION('',(1.,0.,0.));
#2916=DIRECTION('',(0.,0.,-1.));
#2917=DIRECTION('',(-0.866025403784441,-0.5,0.));
#2918=DIRECTION('',(0.5,-0.866025403784441,0.));
#2919=DIRECTION('',(0.,0.,-1.));
#2920=DIRECTION('',(-0.5,0.866025403784441,0.));
#2921=DIRECTION('',(-0.866025403784437,0.5,0.));
#2922=DIRECTION('',(-0.5,-0.866025403784437,0.));
#2923=DIRECTION('',(0.5,0.866025403784437,0.));
#2924=DIRECTION('',(0.,0.,-1.));
#2925=DIRECTION('',(1.,0.,0.));
#2926=CARTESIAN_POINT('',(0.,0.,0.));
#2927=CARTESIAN_POINT('',(0.027,-0.025,-0.0302));
#2928=CARTESIAN_POINT('',(0.027,-0.025,-0.0233));
#2929=CARTESIAN_POINT('',(0.037,-0.0112522729151325,-0.0233));
#2930=CARTESIAN_POINT('',(0.0390415945787923,-0.013,-0.0233));
#2931=CARTESIAN_POINT('',(0.037,-0.0112522729151325,-0.0302));
#2932=CARTESIAN_POINT('',(0.037,-0.0112522729151325,-0.0302));
#2933=CARTESIAN_POINT('',(0.027,-0.025,-0.0302));
#2934=CARTESIAN_POINT('',(0.044,-0.025,-0.0302));
#2935=CARTESIAN_POINT('',(0.044,-0.025,-0.0302));
#2936=CARTESIAN_POINT('',(0.044,-0.025,0.));
#2937=CARTESIAN_POINT('',(0.027,-0.025,0.));
#2938=CARTESIAN_POINT('',(0.037,-0.0112522729151325,0.));
#2939=CARTESIAN_POINT('',(0.037,-0.0112522729151325,-0.0302));
#2940=CARTESIAN_POINT('',(0.037,-0.0112522729151325,-0.0069));
#2941=CARTESIAN_POINT('',(0.027,-0.025,-0.0069));
#2942=CARTESIAN_POINT('',(0.0390415945787923,-0.013,-0.0069));
#2943=CARTESIAN_POINT('',(0.0390415945787923,-0.013,-0.0302));
#2944=CARTESIAN_POINT('',(0.0390415945787923,-0.013,-0.0112));
#2945=CARTESIAN_POINT('',(0.027,-0.025,-0.0112));
#2946=CARTESIAN_POINT('',(0.0402905981806689,-0.0144,-0.0112));
#2947=CARTESIAN_POINT('',(0.0402905981806689,-0.0144,-0.0302));
#2948=CARTESIAN_POINT('',(0.0402905981806689,-0.0144,-0.0102));
#2949=CARTESIAN_POINT('',(0.027,-0.025,-0.0102));
#2950=CARTESIAN_POINT('',(0.0408910042833483,-0.0152,-0.0102));
#2951=CARTESIAN_POINT('',(0.0408910042833483,-0.0152,-0.0302));
#2952=CARTESIAN_POINT('',(0.0408910042833483,-0.0152,-0.02));
#2953=CARTESIAN_POINT('',(0.027,-0.025,-0.02));
#2954=CARTESIAN_POINT('',(0.0402905981806689,-0.0144,-0.02));
#2955=CARTESIAN_POINT('',(0.0402905981806689,-0.0144,-0.0302));
#2956=CARTESIAN_POINT('',(0.0402905981806689,-0.0144,-0.019));
#2957=CARTESIAN_POINT('',(0.027,-0.025,-0.019));
#2958=CARTESIAN_POINT('',(0.0390415945787923,-0.013,-0.019));
#2959=CARTESIAN_POINT('',(0.0390415945787923,-0.013,-0.0302));
#2960=CARTESIAN_POINT('',(0.037,1.04083408558608E-17,-0.0302));
#2961=CARTESIAN_POINT('',(0.037,1.04083408558608E-17,-0.0233));
#2962=CARTESIAN_POINT('',(0.037,-0.0097556349186104,-0.0233));
#2963=CARTESIAN_POINT('',(0.037,-0.0083278174593052,-0.0218721825406948));
#2964=CARTESIAN_POINT('',(0.037,-0.0059,-0.0194443650813896));
#2965=CARTESIAN_POINT('',(0.037,-0.0059,-0.0302));
#2966=CARTESIAN_POINT('',(0.037,-0.0059,-0.0107556349186104));
#2967=CARTESIAN_POINT('',(0.037,0.00677218254069481,-0.0234278174593052));
#2968=CARTESIAN_POINT('',(0.037,-0.0097556349186104,-0.0069));
#2969=CARTESIAN_POINT('',(0.037,1.04083408558608E-17,-0.0069));
#2970=CARTESIAN_POINT('',(0.037,1.04083408558608E-17,0.));
#2971=CARTESIAN_POINT('',(0.037,0.0112522729151325,0.));
#2972=CARTESIAN_POINT('',(0.037,0.0112522729151325,-0.0302));
#2973=CARTESIAN_POINT('',(0.037,0.0112522729151325,-0.0069));
#2974=CARTESIAN_POINT('',(0.037,1.04083408558608E-17,-0.0069));
#2975=CARTESIAN_POINT('',(0.037,0.0097556349186104,-0.0069));
#2976=CARTESIAN_POINT('',(0.037,-0.0067721825406948,-0.0234278174593052));
#2977=CARTESIAN_POINT('',(0.037,0.0059,-0.0107556349186104));
#2978=CARTESIAN_POINT('',(0.037,0.0059,-0.0302));
#2979=CARTESIAN_POINT('',(0.037,0.0059,-0.0194443650813896));
#2980=CARTESIAN_POINT('',(0.037,0.00832781745930521,-0.0218721825406948));
#2981=CARTESIAN_POINT('',(0.037,0.0097556349186104,-0.0233));
#2982=CARTESIAN_POINT('',(0.037,1.04083408558608E-17,-0.0233));
#2983=CARTESIAN_POINT('',(0.037,0.0112522729151325,-0.0233));
#2984=CARTESIAN_POINT('',(0.037,0.0112522729151325,-0.0302));
#2985=CARTESIAN_POINT('',(0.037,0.0112522729151325,-0.0302));
#2986=CARTESIAN_POINT('',(0.037,1.04083408558608E-17,-0.0302));
#2987=CARTESIAN_POINT('',(0.027,0.025,-0.0302));
#2988=CARTESIAN_POINT('',(0.0390415945787923,0.013,-0.0302));
#2989=CARTESIAN_POINT('',(0.0390415945787923,0.013,-0.0112));
#2990=CARTESIAN_POINT('',(0.0390415945787923,0.013,-0.0069));
#2991=CARTESIAN_POINT('',(0.027,0.025,-0.0069));
#2992=CARTESIAN_POINT('',(0.027,0.025,0.));
#2993=CARTESIAN_POINT('',(0.044,0.025,0.));
#2994=CARTESIAN_POINT('',(0.044,0.025,-0.0302));
#2995=CARTESIAN_POINT('',(0.044,0.025,-0.0302));
#2996=CARTESIAN_POINT('',(0.027,0.025,-0.0302));
#2997=CARTESIAN_POINT('',(0.027,0.025,-0.0233));
#2998=CARTESIAN_POINT('',(0.0390415945787923,0.013,-0.0233));
#2999=CARTESIAN_POINT('',(0.0390415945787923,0.013,-0.0302));
#3000=CARTESIAN_POINT('',(0.0390415945787923,0.013,-0.019));
#3001=CARTESIAN_POINT('',(0.027,0.025,-0.019));
#3002=CARTESIAN_POINT('',(0.0402905981806689,0.0144,-0.019));
#3003=CARTESIAN_POINT('',(0.0402905981806689,0.0144,-0.0302));
#3004=CARTESIAN_POINT('',(0.0402905981806689,0.0144,-0.02));
#3005=CARTESIAN_POINT('',(0.027,0.025,-0.02));
#3006=CARTESIAN_POINT('',(0.0408910042833482,0.0152,-0.02));
#3007=CARTESIAN_POINT('',(0.0408910042833482,0.0152,-0.0302));
#3008=CARTESIAN_POINT('',(0.0408910042833482,0.0152,-0.0102));
#3009=CARTESIAN_POINT('',(0.027,0.025,-0.0102));
#3010=CARTESIAN_POINT('',(0.0402905981806689,0.0144,-0.0102));
#3011=CARTESIAN_POINT('',(0.0402905981806689,0.0144,-0.0302));
#3012=CARTESIAN_POINT('',(0.0402905981806689,0.0144,-0.0112));
#3013=CARTESIAN_POINT('',(0.027,0.025,-0.0112));
#3014=CARTESIAN_POINT('',(0.0439,-3.46944695195361E-17,-0.0151));
#3015=CARTESIAN_POINT('',(0.0439,-0.0144,-0.0151));
#3016=CARTESIAN_POINT('',(0.0439,-0.0144,-0.019));
#3017=CARTESIAN_POINT('',(0.0439,-0.0144,-0.02));
#3018=CARTESIAN_POINT('',(0.0439,-3.46944695195361E-17,-0.02));
#3019=CARTESIAN_POINT('',(0.0439,-0.0152,-0.02));
#3020=CARTESIAN_POINT('',(0.0439,-0.0152,-0.0238));
#3021=CARTESIAN_POINT('',(0.0439,-0.0152,-0.0276));
#3022=CARTESIAN_POINT('',(0.0439,-0.0125,-0.0276));
#3023=CARTESIAN_POINT('',(0.0439,-0.0125,-0.0303));
#3024=CARTESIAN_POINT('',(0.0439,-0.0087,-0.0303));
#3025=CARTESIAN_POINT('',(0.0439,-0.0049,-0.0303));
#3026=CARTESIAN_POINT('',(0.0439,-0.0049,-0.0299));
#3027=CARTESIAN_POINT('',(0.0439,-0.0049,-0.0295));
#3028=CARTESIAN_POINT('',(0.0439,-0.0044,-0.0295));
#3029=CARTESIAN_POINT('',(0.0439,-0.0039,-0.0295));
#3030=CARTESIAN_POINT('',(0.0439,-0.0039,-0.0288));
#3031=CARTESIAN_POINT('',(0.0439,-0.0039,-0.0281));
#3032=CARTESIAN_POINT('',(0.0439,-0.00605,-0.0281));
#3033=CARTESIAN_POINT('',(0.0439,-0.0082,-0.0281));
#3034=CARTESIAN_POINT('',(0.0439,-0.0082,-0.0264778174593052));
#3035=CARTESIAN_POINT('',(0.0439,-0.0082,-0.0248556349186104));
#3036=CARTESIAN_POINT('',(0.0439,-0.0062721825406948,-0.0229278174593052));
#3037=CARTESIAN_POINT('',(0.0439,-0.00434436508138959,-0.021));
#3038=CARTESIAN_POINT('',(0.0439,-3.46944695195361E-18,-0.021));
#3039=CARTESIAN_POINT('',(0.0439,0.00434436508138958,-0.021));
#3040=CARTESIAN_POINT('',(0.0439,0.00627218254069479,-0.0229278174593052));
#3041=CARTESIAN_POINT('',(0.0439,0.0082,-0.0248556349186104));
#3042=CARTESIAN_POINT('',(0.0439,0.0082,-0.0264778174593052));
#3043=CARTESIAN_POINT('',(0.0439,0.0082,-0.0281));
#3044=CARTESIAN_POINT('',(0.0439,0.00605,-0.0281));
#3045=CARTESIAN_POINT('',(0.0439,0.0039,-0.0281));
#3046=CARTESIAN_POINT('',(0.0439,0.0039,-0.0288));
#3047=CARTESIAN_POINT('',(0.0439,0.0039,-0.0295));
#3048=CARTESIAN_POINT('',(0.0439,0.0044,-0.0295));
#3049=CARTESIAN_POINT('',(0.0439,0.0049,-0.0295));
#3050=CARTESIAN_POINT('',(0.0439,0.0049,-0.0299));
#3051=CARTESIAN_POINT('',(0.0439,0.0049,-0.0303));
#3052=CARTESIAN_POINT('',(0.0439,0.0087,-0.0303));
#3053=CARTESIAN_POINT('',(0.0439,0.0125,-0.0303));
#3054=CARTESIAN_POINT('',(0.0439,0.0125,-0.0276));
#3055=CARTESIAN_POINT('',(0.0439,0.0152,-0.0276));
#3056=CARTESIAN_POINT('',(0.0439,0.0152,-0.0064));
#3057=CARTESIAN_POINT('',(0.0439,0.0152,-0.02));
#3058=CARTESIAN_POINT('',(0.0439,-3.46944695195361E-17,-0.02));
#3059=CARTESIAN_POINT('',(0.0439,0.0144,-0.02));
#3060=CARTESIAN_POINT('',(0.0439,0.0144,-0.0151));
#3061=CARTESIAN_POINT('',(0.0439,0.0144,-0.019));
#3062=CARTESIAN_POINT('',(0.0439,-3.46944695195361E-17,-0.019));
#3063=CARTESIAN_POINT('',(0.0439,0.013,-0.019));
#3064=CARTESIAN_POINT('',(0.0439,0.013,-0.0151));
#3065=CARTESIAN_POINT('',(0.0439,0.013,-0.0233));
#3066=CARTESIAN_POINT('',(0.0439,-3.46944695195361E-17,-0.0233));
#3067=CARTESIAN_POINT('',(0.0439,0.0097556349186104,-0.0233));
#3068=CARTESIAN_POINT('',(0.0439,0.000777817459305185,-0.0143221825406948));
#3069=CARTESIAN_POINT('',(0.0439,0.0059,-0.0194443650813896));
#3070=CARTESIAN_POINT('',(0.0439,0.0059,-0.0151));
#3071=CARTESIAN_POINT('',(0.0439,0.0059,-0.0107556349186104));
#3072=CARTESIAN_POINT('',(0.0439,0.000777817459305174,-0.0158778174593052));
#3073=CARTESIAN_POINT('',(0.0439,0.0097556349186104,-0.0069));
#3074=CARTESIAN_POINT('',(0.0439,-3.46944695195361E-17,-0.0069));
#3075=CARTESIAN_POINT('',(0.0439,0.013,-0.0069));
#3076=CARTESIAN_POINT('',(0.0439,0.013,-0.0151));
#3077=CARTESIAN_POINT('',(0.0439,0.013,-0.0112));
#3078=CARTESIAN_POINT('',(0.0439,-3.46944695195361E-17,-0.0112));
#3079=CARTESIAN_POINT('',(0.0439,0.0144,-0.0112));
#3080=CARTESIAN_POINT('',(0.0439,0.0144,-0.0151));
#3081=CARTESIAN_POINT('',(0.0439,0.0144,-0.0102));
#3082=CARTESIAN_POINT('',(0.0439,-3.46944695195361E-17,-0.0102));
#3083=CARTESIAN_POINT('',(0.0439,0.0152,-0.0102));
#3084=CARTESIAN_POINT('',(0.0439,0.0152,-0.0064));
#3085=CARTESIAN_POINT('',(0.0439,0.0152,-0.0026));
#3086=CARTESIAN_POINT('',(0.0439,0.0125,-0.0026));
#3087=CARTESIAN_POINT('',(0.0439,0.0125,9.99999999999938E-5));
#3088=CARTESIAN_POINT('',(0.0439,0.0087,9.99999999999942E-5));
#3089=CARTESIAN_POINT('',(0.0439,0.0049,9.99999999999942E-5));
#3090=CARTESIAN_POINT('',(0.0439,0.0049,-0.000300000000000006));
#3091=CARTESIAN_POINT('',(0.0439,0.0049,-0.0007));
#3092=CARTESIAN_POINT('',(0.0439,0.0044,-0.0007));
#3093=CARTESIAN_POINT('',(0.0439,0.0039,-0.0007));
#3094=CARTESIAN_POINT('',(0.0439,0.0039,-0.0014));
#3095=CARTESIAN_POINT('',(0.0439,0.0039,-0.0021));
#3096=CARTESIAN_POINT('',(0.0439,0.00605,-0.0021));
#3097=CARTESIAN_POINT('',(0.0439,0.0082,-0.0021));
#3098=CARTESIAN_POINT('',(0.0439,0.0082,-0.0037221825406948));
#3099=CARTESIAN_POINT('',(0.0439,0.0082,-0.00534436508138959));
#3100=CARTESIAN_POINT('',(0.0439,0.0062721825406948,-0.0072721825406948));
#3101=CARTESIAN_POINT('',(0.0439,0.00434436508138959,-0.0092));
#3102=CARTESIAN_POINT('',(0.0439,0.,-0.0092));
#3103=CARTESIAN_POINT('',(0.0439,-0.00434436508138959,-0.0092));
#3104=CARTESIAN_POINT('',(0.0439,-0.0062721825406948,-0.0072721825406948));
#3105=CARTESIAN_POINT('',(0.0439,-0.0082,-0.0053443650813896));
#3106=CARTESIAN_POINT('',(0.0439,-0.0082,-0.0037221825406948));
#3107=CARTESIAN_POINT('',(0.0439,-0.0082,-0.0021));
#3108=CARTESIAN_POINT('',(0.0439,-0.00605,-0.0021));
#3109=CARTESIAN_POINT('',(0.0439,-0.0039,-0.0021));
#3110=CARTESIAN_POINT('',(0.0439,-0.0039,-0.0014));
#3111=CARTESIAN_POINT('',(0.0439,-0.0039,-0.0007));
#3112=CARTESIAN_POINT('',(0.0439,-0.0044,-0.0007));
#3113=CARTESIAN_POINT('',(0.0439,-0.0049,-0.0007));
#3114=CARTESIAN_POINT('',(0.0439,-0.0049,-0.000300000000000006));
#3115=CARTESIAN_POINT('',(0.0439,-0.0049,9.99999999999942E-5));
#3116=CARTESIAN_POINT('',(0.0439,-0.0087,9.99999999999942E-5));
#3117=CARTESIAN_POINT('',(0.0439,-0.0125,9.99999999999972E-5));
#3118=CARTESIAN_POINT('',(0.0439,-0.0125,-0.0026));
#3119=CARTESIAN_POINT('',(0.0439,-0.0152,-0.0026));
#3120=CARTESIAN_POINT('',(0.0439,-0.0152,-0.0238));
#3121=CARTESIAN_POINT('',(0.0439,-0.0152,-0.0102));
#3122=CARTESIAN_POINT('',(0.0439,-3.46944695195361E-17,-0.0102));
#3123=CARTESIAN_POINT('',(0.0439,-0.0144,-0.0102));
#3124=CARTESIAN_POINT('',(0.0439,-0.0144,-0.0151));
#3125=CARTESIAN_POINT('',(0.0439,-0.0144,-0.0112));
#3126=CARTESIAN_POINT('',(0.0439,-3.46944695195361E-17,-0.0112));
#3127=CARTESIAN_POINT('',(0.0439,-0.013,-0.0112));
#3128=CARTESIAN_POINT('',(0.0439,-0.013,-0.0151));
#3129=CARTESIAN_POINT('',(0.0439,-0.013,-0.0069));
#3130=CARTESIAN_POINT('',(0.0439,-3.46944695195361E-17,-0.0069));
#3131=CARTESIAN_POINT('',(0.0439,-0.0097556349186104,-0.0069));
#3132=CARTESIAN_POINT('',(0.0439,-0.00077781745930521,-0.0158778174593052));
#3133=CARTESIAN_POINT('',(0.0439,-0.0059,-0.0107556349186104));
#3134=CARTESIAN_POINT('',(0.0439,-0.0059,-0.0151));
#3135=CARTESIAN_POINT('',(0.0439,-0.0059,-0.0194443650813896));
#3136=CARTESIAN_POINT('',(0.0439,-0.000777817459305222,-0.0143221825406948));
#3137=CARTESIAN_POINT('',(0.0439,-0.0097556349186104,-0.0233));
#3138=CARTESIAN_POINT('',(0.0439,-3.46944695195361E-17,-0.0233));
#3139=CARTESIAN_POINT('',(0.0439,-0.013,-0.0233));
#3140=CARTESIAN_POINT('',(0.0439,-0.013,-0.0151));
#3141=CARTESIAN_POINT('',(0.0439,-0.013,-0.019));
#3142=CARTESIAN_POINT('',(0.0439,-3.46944695195361E-17,-0.019));
#3143=CARTESIAN_POINT('',(0.049,0.035,-0.0302));
#3144=CARTESIAN_POINT('',(0.049,0.035,0.));
#3145=CARTESIAN_POINT('',(0.054,0.035,0.));
#3146=CARTESIAN_POINT('',(0.044,0.035,0.));
#3147=CARTESIAN_POINT('',(0.054,0.035,-0.0302));
#3148=CARTESIAN_POINT('',(0.054,0.035,-0.0302));
#3149=CARTESIAN_POINT('',(0.049,0.035,-0.0302));
#3150=CARTESIAN_POINT('',(0.044,0.035,-0.0302));
#3151=CARTESIAN_POINT('',(0.044,0.035,-0.0302));
#3152=CARTESIAN_POINT('',(0.049,0.035,-0.0151));
#3153=CARTESIAN_POINT('',(0.0516846787517318,0.035,-0.01355));
#3154=CARTESIAN_POINT('',(0.0516846787517318,0.035,-0.01665));
#3155=CARTESIAN_POINT('',(0.0521321252103537,0.035,-0.015875));
#3156=CARTESIAN_POINT('',(0.0525795716689757,0.035,-0.0151));
#3157=CARTESIAN_POINT('',(0.0521321252103537,0.035,-0.014325));
#3158=CARTESIAN_POINT('',(0.0439,0.0152,-0.0064));
#3159=CARTESIAN_POINT('',(-0.0847598334324734,0.0152,-0.0102));
#3160=CARTESIAN_POINT('',(-0.0847598334324734,0.0152,-0.02));
#3161=CARTESIAN_POINT('',(0.0439,0.0152,-0.0276));
#3162=CARTESIAN_POINT('',(0.054,0.0152,-0.0276));
#3163=CARTESIAN_POINT('',(0.054,0.0152,-0.0064));
#3164=CARTESIAN_POINT('',(0.054,0.0152,-0.0026));
#3165=CARTESIAN_POINT('',(0.0439,0.0152,-0.0026));
#3166=CARTESIAN_POINT('',(0.0521321252103537,0.0152,-0.015875));
#3167=CARTESIAN_POINT('',(0.0525795716689757,0.0152,-0.0151));
#3168=CARTESIAN_POINT('',(0.0516846787517318,0.0152,-0.01665));
#3169=CARTESIAN_POINT('',(0.049,0.0152,-0.0151));
#3170=CARTESIAN_POINT('',(0.0516846787517318,0.0152,-0.01355));
#3171=CARTESIAN_POINT('',(0.0521321252103537,0.0152,-0.014325));
#3172=CARTESIAN_POINT('',(0.0085,2.77555756156289E-17,-0.0302));
#3173=CARTESIAN_POINT('',(0.0505155444566228,0.030375,-0.0302));
#3174=CARTESIAN_POINT('',(0.0507320508075689,0.03,-0.0302));
#3175=CARTESIAN_POINT('',(0.0502990381056767,0.03075,-0.0302));
#3176=CARTESIAN_POINT('',(0.049,0.03,-0.0302));
#3177=CARTESIAN_POINT('',(0.0502990381056767,0.02925,-0.0302));
#3178=CARTESIAN_POINT('',(0.0505155444566228,0.029625,-0.0302));
#3179=CARTESIAN_POINT('',(0.0505155444566228,-0.030375,-0.0302));
#3180=CARTESIAN_POINT('',(0.0502990381056767,-0.03075,-0.0302));
#3181=CARTESIAN_POINT('',(0.0507320508075689,-0.03,-0.0302));
#3182=CARTESIAN_POINT('',(0.0505155444566228,-0.029625,-0.0302));
#3183=CARTESIAN_POINT('',(0.0502990381056767,-0.02925,-0.0302));
#3184=CARTESIAN_POINT('',(0.049,-0.03,-0.0302));
#3185=CARTESIAN_POINT('',(0.054,-0.03,-0.0302));
#3186=CARTESIAN_POINT('',(0.054,0.0248,-0.0302));
#3187=CARTESIAN_POINT('',(0.0490994185849975,0.0248,-0.0302));
#3188=CARTESIAN_POINT('',(0.0441988371699949,0.0248,-0.0302));
#3189=CARTESIAN_POINT('',(0.027,0.025,-0.0302));
#3190=CARTESIAN_POINT('',(0.0372,0.0111508122981888,-0.0302));
#3191=CARTESIAN_POINT('',(0.0372,2.08166817117217E-17,-0.0302));
#3192=CARTESIAN_POINT('',(0.0372,-0.0111508122981887,-0.0302));
#3193=CARTESIAN_POINT('',(0.027,-0.025,-0.0302));
#3194=CARTESIAN_POINT('',(0.0441988371699949,-0.0248,-0.0302));
#3195=CARTESIAN_POINT('',(0.0490994185849975,-0.0248,-0.0302));
#3196=CARTESIAN_POINT('',(0.054,-0.0248,-0.0302));
#3197=CARTESIAN_POINT('',(0.054,-0.03,-0.0302));
#3198=CARTESIAN_POINT('',(0.054,-0.035,-0.0302));
#3199=CARTESIAN_POINT('',(0.049,-0.035,-0.0302));
#3200=CARTESIAN_POINT('',(0.044,-0.035,-0.0302));
#3201=CARTESIAN_POINT('',(0.044,-0.03,-0.0302));
#3202=CARTESIAN_POINT('',(0.044,0.03,-0.0302));
#3203=CARTESIAN_POINT('',(0.0085,2.77555756156289E-17,0.));
#3204=CARTESIAN_POINT('',(0.0505155444566228,0.029625,0.));
#3205=CARTESIAN_POINT('',(0.0502990381056767,0.02925,0.));
#3206=CARTESIAN_POINT('',(0.0507320508075689,0.03,0.));
#3207=CARTESIAN_POINT('',(0.049,0.03,0.));
#3208=CARTESIAN_POINT('',(0.0502990381056767,0.03075,0.));
#3209=CARTESIAN_POINT('',(0.0505155444566228,0.030375,0.));
#3210=CARTESIAN_POINT('',(0.049,-0.03,0.));
#3211=CARTESIAN_POINT('',(0.0502990381056767,-0.02925,0.));
#3212=CARTESIAN_POINT('',(0.0502990381056767,-0.03075,0.));
#3213=CARTESIAN_POINT('',(0.0505155444566228,-0.029625,0.));
#3214=CARTESIAN_POINT('',(0.0507320508075689,-0.03,0.));
#3215=CARTESIAN_POINT('',(0.0505155444566228,-0.030375,0.));
#3216=CARTESIAN_POINT('',(0.027,0.025,0.));
#3217=CARTESIAN_POINT('',(0.0372,0.0111508122981888,0.));
#3218=CARTESIAN_POINT('',(0.0441988371699949,0.0248,0.));
#3219=CARTESIAN_POINT('',(0.0490994185849975,0.0248,0.));
#3220=CARTESIAN_POINT('',(0.054,0.0248,0.));
#3221=CARTESIAN_POINT('',(0.054,-0.03,0.));
#3222=CARTESIAN_POINT('',(0.044,0.03,0.));
#3223=CARTESIAN_POINT('',(0.044,-0.03,0.));
#3224=CARTESIAN_POINT('',(0.044,-0.035,0.));
#3225=CARTESIAN_POINT('',(0.049,-0.035,0.));
#3226=CARTESIAN_POINT('',(0.054,-0.035,0.));
#3227=CARTESIAN_POINT('',(0.054,-0.03,0.));
#3228=CARTESIAN_POINT('',(0.054,-0.0248,0.));
#3229=CARTESIAN_POINT('',(0.0490994185849975,-0.0248,0.));
#3230=CARTESIAN_POINT('',(0.0441988371699949,-0.0248,0.));
#3231=CARTESIAN_POINT('',(0.027,-0.025,0.));
#3232=CARTESIAN_POINT('',(0.0372,-0.0111508122981887,0.));
#3233=CARTESIAN_POINT('',(0.0372,1.56125112837912E-17,0.));
#3234=CARTESIAN_POINT('',(0.044,-0.03,-0.0302));
#3235=CARTESIAN_POINT('',(0.044,-0.035,-0.0302));
#3236=CARTESIAN_POINT('',(0.044,0.03,-0.0302));
#3237=CARTESIAN_POINT('',(0.054,-0.03,-0.0302));
#3238=CARTESIAN_POINT('',(0.054,-0.0087,-0.0303));
#3239=CARTESIAN_POINT('',(0.054,-0.0125,-0.0303));
#3240=CARTESIAN_POINT('',(0.054,-0.0049,-0.0303));
#3241=CARTESIAN_POINT('',(0.054,-0.0125,-0.0276));
#3242=CARTESIAN_POINT('',(0.054,-0.0152,-0.0276));
#3243=CARTESIAN_POINT('',(0.054,-0.0152,-0.0238));
#3244=CARTESIAN_POINT('',(0.054,-0.0152,-0.0026));
#3245=CARTESIAN_POINT('',(0.054,-0.0125,-0.0026));
#3246=CARTESIAN_POINT('',(0.054,-0.0125,9.99999999999972E-5));
#3247=CARTESIAN_POINT('',(0.054,-0.0087,9.99999999999942E-5));
#3248=CARTESIAN_POINT('',(0.054,-0.0049,9.99999999999942E-5));
#3249=CARTESIAN_POINT('',(0.054,-0.0049,-0.000300000000000006));
#3250=CARTESIAN_POINT('',(0.054,-0.0049,-0.0007));
#3251=CARTESIAN_POINT('',(0.054,-0.0044,-0.0007));
#3252=CARTESIAN_POINT('',(0.054,-0.0039,-0.0007));
#3253=CARTESIAN_POINT('',(0.054,-0.0039,-0.0014));
#3254=CARTESIAN_POINT('',(0.054,-0.0039,-0.0021));
#3255=CARTESIAN_POINT('',(0.054,-0.00605,-0.0021));
#3256=CARTESIAN_POINT('',(0.054,-0.0082,-0.0021));
#3257=CARTESIAN_POINT('',(0.054,-0.0082,-0.0037221825406948));
#3258=CARTESIAN_POINT('',(0.054,-0.0082,-0.0053443650813896));
#3259=CARTESIAN_POINT('',(0.054,-0.0062721825406948,-0.0072721825406948));
#3260=CARTESIAN_POINT('',(0.054,-0.00434436508138959,-0.0092));
#3261=CARTESIAN_POINT('',(0.054,0.,-0.0092));
#3262=CARTESIAN_POINT('',(0.054,0.00434436508138959,-0.0092));
#3263=CARTESIAN_POINT('',(0.054,0.0062721825406948,-0.0072721825406948));
#3264=CARTESIAN_POINT('',(0.054,0.0082,-0.00534436508138959));
#3265=CARTESIAN_POINT('',(0.054,0.0082,-0.0037221825406948));
#3266=CARTESIAN_POINT('',(0.054,0.0082,-0.0021));
#3267=CARTESIAN_POINT('',(0.054,0.00605,-0.0021));
#3268=CARTESIAN_POINT('',(0.054,0.0039,-0.0021));
#3269=CARTESIAN_POINT('',(0.054,0.0039,-0.0014));
#3270=CARTESIAN_POINT('',(0.054,0.0039,-0.0007));
#3271=CARTESIAN_POINT('',(0.054,0.0044,-0.0007));
#3272=CARTESIAN_POINT('',(0.054,0.0049,-0.0007));
#3273=CARTESIAN_POINT('',(0.054,0.0049,-0.000300000000000006));
#3274=CARTESIAN_POINT('',(0.054,0.0049,9.99999999999942E-5));
#3275=CARTESIAN_POINT('',(0.054,0.0087,9.99999999999942E-5));
#3276=CARTESIAN_POINT('',(0.054,0.0125,9.99999999999938E-5));
#3277=CARTESIAN_POINT('',(0.054,0.0125,-0.0026));
#3278=CARTESIAN_POINT('',(0.054,0.0125,-0.0276));
#3279=CARTESIAN_POINT('',(0.054,0.0125,-0.0303));
#3280=CARTESIAN_POINT('',(0.054,0.0087,-0.0303));
#3281=CARTESIAN_POINT('',(0.054,0.0049,-0.0303));
#3282=CARTESIAN_POINT('',(0.054,0.0049,-0.0299));
#3283=CARTESIAN_POINT('',(0.054,0.0049,-0.0295));
#3284=CARTESIAN_POINT('',(0.054,0.0044,-0.0295));
#3285=CARTESIAN_POINT('',(0.054,0.0039,-0.0295));
#3286=CARTESIAN_POINT('',(0.054,0.0039,-0.0288));
#3287=CARTESIAN_POINT('',(0.054,0.0039,-0.0281));
#3288=CARTESIAN_POINT('',(0.054,0.00605,-0.0281));
#3289=CARTESIAN_POINT('',(0.054,0.0082,-0.0281));
#3290=CARTESIAN_POINT('',(0.054,0.0082,-0.0264778174593052));
#3291=CARTESIAN_POINT('',(0.054,0.0082,-0.0248556349186104));
#3292=CARTESIAN_POINT('',(0.054,0.00627218254069479,-0.0229278174593052));
#3293=CARTESIAN_POINT('',(0.054,0.00434436508138958,-0.021));
#3294=CARTESIAN_POINT('',(0.054,-3.46944695195361E-18,-0.021));
#3295=CARTESIAN_POINT('',(0.054,-0.00434436508138959,-0.021));
#3296=CARTESIAN_POINT('',(0.054,-0.0062721825406948,-0.0229278174593052));
#3297=CARTESIAN_POINT('',(0.054,-0.0082,-0.0248556349186104));
#3298=CARTESIAN_POINT('',(0.054,-0.0082,-0.0264778174593052));
#3299=CARTESIAN_POINT('',(0.054,-0.0082,-0.0281));
#3300=CARTESIAN_POINT('',(0.054,-0.00605,-0.0281));
#3301=CARTESIAN_POINT('',(0.054,-0.0039,-0.0281));
#3302=CARTESIAN_POINT('',(0.054,-0.0039,-0.0288));
#3303=CARTESIAN_POINT('',(0.054,-0.0039,-0.0295));
#3304=CARTESIAN_POINT('',(0.054,-0.0044,-0.0295));
#3305=CARTESIAN_POINT('',(0.054,-0.0049,-0.0295));
#3306=CARTESIAN_POINT('',(0.054,-0.0049,-0.0299));
#3307=CARTESIAN_POINT('',(0.054,-0.035,-0.0302));
#3308=CARTESIAN_POINT('',(0.054,-0.0248,-0.0372));
#3309=CARTESIAN_POINT('',(0.054,-0.0248,-0.0372));
#3310=CARTESIAN_POINT('',(0.054,-0.03,-0.0372));
#3311=CARTESIAN_POINT('',(0.054,0.0248,-0.0372));
#3312=CARTESIAN_POINT('',(0.054,0.0248,-0.0372));
#3313=CARTESIAN_POINT('',(0.054,0.0248,0.007002));
#3314=CARTESIAN_POINT('',(0.054,0.0248,0.007));
#3315=CARTESIAN_POINT('',(0.054,-0.03,0.007));
#3316=CARTESIAN_POINT('',(0.054,-0.0248,0.007));
#3317=CARTESIAN_POINT('',(0.054,-0.0248,0.007002));
#3318=CARTESIAN_POINT('',(0.049,-0.035,-0.0302));
#3319=CARTESIAN_POINT('',(0.0521321252103537,-0.035,-0.015875));
#3320=CARTESIAN_POINT('',(0.0516846787517318,-0.035,-0.01665));
#3321=CARTESIAN_POINT('',(0.0525795716689757,-0.035,-0.0151));
#3322=CARTESIAN_POINT('',(0.049,-0.035,-0.0151));
#3323=CARTESIAN_POINT('',(0.0516846787517318,-0.035,-0.01355));
#3324=CARTESIAN_POINT('',(0.0521321252103537,-0.035,-0.014325));
#3325=CARTESIAN_POINT('',(0.0490994185849975,0.0248,0.007002));
#3326=CARTESIAN_POINT('',(0.0441988371699949,0.0248,0.007002));
#3327=CARTESIAN_POINT('',(0.0441988371699949,0.0248,0.007));
#3328=CARTESIAN_POINT('',(0.0490994185849975,0.0248,0.007));
#3329=CARTESIAN_POINT('',(0.027,0.025,0.007002));
#3330=CARTESIAN_POINT('',(0.0372,0.0111508122981888,0.007002));
#3331=CARTESIAN_POINT('',(0.0372,0.0111508122981888,0.007));
#3332=CARTESIAN_POINT('',(0.027,0.025,0.007));
#3333=CARTESIAN_POINT('',(0.0372,1.56125112837912E-17,0.007002));
#3334=CARTESIAN_POINT('',(0.0372,-0.0111508122981887,0.007002));
#3335=CARTESIAN_POINT('',(0.0372,-0.0111508122981887,0.007));
#3336=CARTESIAN_POINT('',(0.0372,1.56125112837912E-17,0.007));
#3337=CARTESIAN_POINT('',(0.027,-0.025,0.007002));
#3338=CARTESIAN_POINT('',(0.0441988371699949,-0.0248,0.007002));
#3339=CARTESIAN_POINT('',(0.0441988371699949,-0.0248,0.007));
#3340=CARTESIAN_POINT('',(0.027,-0.025,0.007));
#3341=CARTESIAN_POINT('',(0.0490994185849975,-0.0248,0.007002));
#3342=CARTESIAN_POINT('',(0.0490994185849975,-0.0248,0.007));
#3343=CARTESIAN_POINT('',(0.006,0.,0.007));
#3344=CARTESIAN_POINT('',(0.0490994185849975,0.0248,-0.0372));
#3345=CARTESIAN_POINT('',(0.0490994185849975,0.0248,-0.0372));
#3346=CARTESIAN_POINT('',(0.0441988371699949,0.0248,-0.0372));
#3347=CARTESIAN_POINT('',(0.0441988371699949,0.0248,-0.0372));
#3348=CARTESIAN_POINT('',(0.0490994185849975,-0.0248,-0.0372));
#3349=CARTESIAN_POINT('',(0.0441988371699949,-0.0248,-0.0372));
#3350=CARTESIAN_POINT('',(0.0441988371699949,-0.0248,-0.0372));
#3351=CARTESIAN_POINT('',(0.0490994185849975,-0.0248,-0.0372));
#3352=CARTESIAN_POINT('',(0.027,-0.025,-0.0372));
#3353=CARTESIAN_POINT('',(0.0372,-0.0111508122981887,-0.0372));
#3354=CARTESIAN_POINT('',(0.0372,-0.0111508122981887,-0.0372));
#3355=CARTESIAN_POINT('',(0.027,-0.025,-0.0372));
#3356=CARTESIAN_POINT('',(0.0372,2.08166817117217E-17,-0.0372));
#3357=CARTESIAN_POINT('',(0.0372,0.0111508122981888,-0.0372));
#3358=CARTESIAN_POINT('',(0.0372,0.0111508122981888,-0.0372));
#3359=CARTESIAN_POINT('',(0.0372,2.08166817117217E-17,-0.0372));
#3360=CARTESIAN_POINT('',(0.027,0.025,-0.0372));
#3361=CARTESIAN_POINT('',(0.027,0.025,-0.0372));
#3362=CARTESIAN_POINT('',(0.0455000515388204,-3.46944695195361E-17,-0.0372));
#3363=CARTESIAN_POINT('',(0.0439,-0.0087,-0.0303));
#3364=CARTESIAN_POINT('',(0.0439,-0.0049,-0.0303));
#3365=CARTESIAN_POINT('',(0.0439,-0.0125,-0.0303));
#3366=CARTESIAN_POINT('',(0.0439,-0.0049,-0.0299));
#3367=CARTESIAN_POINT('',(0.0439,-0.0049,-0.0295));
#3368=CARTESIAN_POINT('',(0.0439,-0.0044,-0.0295));
#3369=CARTESIAN_POINT('',(0.0439,-0.0039,-0.0295));
#3370=CARTESIAN_POINT('',(0.0439,-0.0039,-0.0288));
#3371=CARTESIAN_POINT('',(0.0439,-0.0039,-0.0281));
#3372=CARTESIAN_POINT('',(0.0439,-0.00605,-0.0281));
#3373=CARTESIAN_POINT('',(0.0439,-0.0082,-0.0281));
#3374=CARTESIAN_POINT('',(0.0439,-0.0082,-0.0264778174593052));
#3375=CARTESIAN_POINT('',(0.0439,-0.0082,-0.0248556349186104));
#3376=CARTESIAN_POINT('',(0.0439,-0.0062721825406948,-0.0229278174593052));
#3377=CARTESIAN_POINT('',(0.0439,-0.00434436508138959,-0.021));
#3378=CARTESIAN_POINT('',(0.0439,-3.46944695195361E-18,-0.021));
#3379=CARTESIAN_POINT('',(0.0439,0.00434436508138958,-0.021));
#3380=CARTESIAN_POINT('',(0.0439,0.00627218254069479,-0.0229278174593052));
#3381=CARTESIAN_POINT('',(0.0439,0.0082,-0.0248556349186104));
#3382=CARTESIAN_POINT('',(0.0439,0.0082,-0.0264778174593052));
#3383=CARTESIAN_POINT('',(0.0439,0.0082,-0.0281));
#3384=CARTESIAN_POINT('',(0.0439,0.00605,-0.0281));
#3385=CARTESIAN_POINT('',(0.0439,0.0039,-0.0281));
#3386=CARTESIAN_POINT('',(0.0439,0.0039,-0.0288));
#3387=CARTESIAN_POINT('',(0.0439,0.0039,-0.0295));
#3388=CARTESIAN_POINT('',(0.0439,0.0044,-0.0295));
#3389=CARTESIAN_POINT('',(0.0439,0.0049,-0.0295));
#3390=CARTESIAN_POINT('',(0.0439,0.0049,-0.0299));
#3391=CARTESIAN_POINT('',(0.0439,0.0049,-0.0303));
#3392=CARTESIAN_POINT('',(0.0439,0.0087,-0.0303));
#3393=CARTESIAN_POINT('',(0.0439,0.0125,-0.0303));
#3394=CARTESIAN_POINT('',(0.0439,0.0125,-0.0276));
#3395=CARTESIAN_POINT('',(0.0439,0.0125,-0.0026));
#3396=CARTESIAN_POINT('',(0.0439,0.0125,9.99999999999938E-5));
#3397=CARTESIAN_POINT('',(0.0439,0.0087,9.99999999999942E-5));
#3398=CARTESIAN_POINT('',(0.0439,0.0049,9.99999999999942E-5));
#3399=CARTESIAN_POINT('',(0.0439,0.0049,-0.000300000000000006));
#3400=CARTESIAN_POINT('',(0.0439,0.0049,-0.0007));
#3401=CARTESIAN_POINT('',(0.0439,0.0044,-0.0007));
#3402=CARTESIAN_POINT('',(0.0439,0.0039,-0.0007));
#3403=CARTESIAN_POINT('',(0.0439,0.0039,-0.0014));
#3404=CARTESIAN_POINT('',(0.0439,0.0039,-0.0021));
#3405=CARTESIAN_POINT('',(0.0439,0.00605,-0.0021));
#3406=CARTESIAN_POINT('',(0.0439,0.0082,-0.0021));
#3407=CARTESIAN_POINT('',(0.0439,0.0082,-0.0037221825406948));
#3408=CARTESIAN_POINT('',(0.0439,0.0082,-0.00534436508138959));
#3409=CARTESIAN_POINT('',(0.0439,0.0062721825406948,-0.0072721825406948));
#3410=CARTESIAN_POINT('',(0.0439,0.00434436508138959,-0.0092));
#3411=CARTESIAN_POINT('',(0.0439,0.,-0.0092));
#3412=CARTESIAN_POINT('',(0.0439,-0.00434436508138959,-0.0092));
#3413=CARTESIAN_POINT('',(0.0439,-0.0062721825406948,-0.0072721825406948));
#3414=CARTESIAN_POINT('',(0.0439,-0.0082,-0.0053443650813896));
#3415=CARTESIAN_POINT('',(0.0439,-0.0082,-0.0037221825406948));
#3416=CARTESIAN_POINT('',(0.0439,-0.0082,-0.0021));
#3417=CARTESIAN_POINT('',(0.0439,-0.00605,-0.0021));
#3418=CARTESIAN_POINT('',(0.0439,-0.0039,-0.0021));
#3419=CARTESIAN_POINT('',(0.0439,-0.0039,-0.0014));
#3420=CARTESIAN_POINT('',(0.0439,-0.0039,-0.0007));
#3421=CARTESIAN_POINT('',(0.0439,-0.0044,-0.0007));
#3422=CARTESIAN_POINT('',(0.0439,-0.0049,-0.0007));
#3423=CARTESIAN_POINT('',(0.0439,-0.0049,-0.000300000000000006));
#3424=CARTESIAN_POINT('',(0.0439,-0.0049,9.99999999999942E-5));
#3425=CARTESIAN_POINT('',(0.0439,-0.0087,9.99999999999942E-5));
#3426=CARTESIAN_POINT('',(0.0439,-0.0125,9.99999999999972E-5));
#3427=CARTESIAN_POINT('',(0.0439,-0.0125,-0.0026));
#3428=CARTESIAN_POINT('',(0.0439,-0.0152,-0.0026));
#3429=CARTESIAN_POINT('',(0.0439,-0.0152,-0.0238));
#3430=CARTESIAN_POINT('',(-0.0847598334324734,-0.0152,-0.02));
#3431=CARTESIAN_POINT('',(-0.0847598334324734,-0.0152,-0.0102));
#3432=CARTESIAN_POINT('',(0.0439,-0.0152,-0.0276));
#3433=CARTESIAN_POINT('',(0.0521321252103537,-0.0152,-0.014325));
#3434=CARTESIAN_POINT('',(0.0516846787517318,-0.0152,-0.01355));
#3435=CARTESIAN_POINT('',(0.0525795716689757,-0.0152,-0.0151));
#3436=CARTESIAN_POINT('',(0.049,-0.0152,-0.0151));
#3437=CARTESIAN_POINT('',(0.0516846787517318,-0.0152,-0.01665));
#3438=CARTESIAN_POINT('',(0.0521321252103537,-0.0152,-0.015875));
#3439=CARTESIAN_POINT('',(0.0439,-0.0125,-0.0276));
#3440=CARTESIAN_POINT('',(0.0521321252103537,-0.015198,-0.014325));
#3441=CARTESIAN_POINT('',(0.0525795716689757,-0.015198,-0.0151));
#3442=CARTESIAN_POINT('',(0.0516846787517318,-0.015198,-0.01355));
#3443=CARTESIAN_POINT('',(0.0521321252103537,-0.015198,-0.015875));
#3444=CARTESIAN_POINT('',(0.0516846787517318,-0.015198,-0.01665));
#3445=CARTESIAN_POINT('',(0.049,-0.015198,-0.0151));
#3446=CARTESIAN_POINT('',(0.0521321252103537,0.015198,-0.014325));
#3447=CARTESIAN_POINT('',(0.0516846787517318,0.015198,-0.01355));
#3448=CARTESIAN_POINT('',(0.0525795716689757,0.015198,-0.0151));
#3449=CARTESIAN_POINT('',(0.049,0.015198,-0.0151));
#3450=CARTESIAN_POINT('',(0.0516846787517318,0.015198,-0.01665));
#3451=CARTESIAN_POINT('',(0.0521321252103537,0.015198,-0.015875));
#3452=CARTESIAN_POINT('',(-0.0847598334324734,0.0113778174593052,-0.0069));
#3453=CARTESIAN_POINT('',(-0.0847598334324734,0.013,-0.0069));
#3454=CARTESIAN_POINT('',(-0.0847598334324734,0.0097556349186104,-0.0069));
#3455=CARTESIAN_POINT('',(-0.0847598334324734,0.0078278174593052,-0.0088278174593052));
#3456=CARTESIAN_POINT('',(-0.0847598334324734,0.0059,-0.0107556349186104));
#3457=CARTESIAN_POINT('',(-0.0847598334324734,0.0059,-0.0151));
#3458=CARTESIAN_POINT('',(-0.0847598334324734,0.0059,-0.0194443650813896));
#3459=CARTESIAN_POINT('',(-0.0847598334324734,0.0078278174593052,-0.0213721825406948));
#3460=CARTESIAN_POINT('',(-0.0847598334324734,0.0097556349186104,-0.0233));
#3461=CARTESIAN_POINT('',(-0.0847598334324734,0.0113778174593052,-0.0233));
#3462=CARTESIAN_POINT('',(-0.0847598334324734,0.013,-0.0233));
#3463=CARTESIAN_POINT('',(-0.0847598334324734,0.0148,-0.02));
#3464=CARTESIAN_POINT('',(-0.0847598334324734,0.0144,-0.02));
#3465=CARTESIAN_POINT('',(-0.0847598334324734,0.0148,-0.0102));
#3466=CARTESIAN_POINT('',(-0.0847598334324734,0.0144,-0.0102));
#3467=CARTESIAN_POINT('',(-0.0847598334324734,0.0144,-0.0107));
#3468=CARTESIAN_POINT('',(-0.0847598334324734,0.0144,-0.0112));
#3469=CARTESIAN_POINT('',(-0.0847598334324734,0.0137,-0.0112));
#3470=CARTESIAN_POINT('',(-0.0847598334324734,0.013,-0.0112));
#3471=CARTESIAN_POINT('',(-0.0847598334324734,0.013,-0.00905));
#3472=CARTESIAN_POINT('',(-0.0847598334324734,0.013,-0.02115));
#3473=CARTESIAN_POINT('',(-0.0847598334324734,0.013,-0.019));
#3474=CARTESIAN_POINT('',(-0.0847598334324734,0.0137,-0.019));
#3475=CARTESIAN_POINT('',(-0.0847598334324734,0.0144,-0.019));
#3476=CARTESIAN_POINT('',(-0.0847598334324734,0.0144,-0.0195));
#3477=CARTESIAN_POINT('',(-0.0847598334324734,-0.0148,-0.02));
#3478=CARTESIAN_POINT('',(-0.0847598334324734,-0.0144,-0.02));
#3479=CARTESIAN_POINT('',(-0.0847598334324734,-0.0144,-0.0195));
#3480=CARTESIAN_POINT('',(-0.0847598334324734,-0.0144,-0.019));
#3481=CARTESIAN_POINT('',(-0.0847598334324734,-0.0137,-0.019));
#3482=CARTESIAN_POINT('',(-0.0847598334324734,-0.013,-0.019));
#3483=CARTESIAN_POINT('',(-0.0847598334324734,-0.013,-0.02115));
#3484=CARTESIAN_POINT('',(-0.0847598334324734,-0.013,-0.0233));
#3485=CARTESIAN_POINT('',(-0.0847598334324734,-0.0113778174593052,-0.0233));
#3486=CARTESIAN_POINT('',(-0.0847598334324734,-0.0097556349186104,-0.0233));
#3487=CARTESIAN_POINT('',(-0.0847598334324734,-0.0078278174593052,-0.0213721825406948));
#3488=CARTESIAN_POINT('',(-0.0847598334324734,-0.0059,-0.0194443650813896));
#3489=CARTESIAN_POINT('',(-0.0847598334324734,-0.0059,-0.0151));
#3490=CARTESIAN_POINT('',(-0.0847598334324734,-0.0059,-0.0107556349186104));
#3491=CARTESIAN_POINT('',(-0.0847598334324734,-0.0078278174593052,-0.0088278174593052));
#3492=CARTESIAN_POINT('',(-0.0847598334324734,-0.0097556349186104,-0.0069));
#3493=CARTESIAN_POINT('',(-0.0847598334324734,-0.0113778174593052,-0.0069));
#3494=CARTESIAN_POINT('',(-0.0847598334324734,-0.013,-0.0069));
#3495=CARTESIAN_POINT('',(-0.0847598334324734,-0.013,-0.00905));
#3496=CARTESIAN_POINT('',(-0.0847598334324734,-0.013,-0.0112));
#3497=CARTESIAN_POINT('',(-0.0847598334324734,-0.0137,-0.0112));
#3498=CARTESIAN_POINT('',(-0.0847598334324734,-0.0144,-0.0112));
#3499=CARTESIAN_POINT('',(-0.0847598334324734,-0.0144,-0.0107));
#3500=CARTESIAN_POINT('',(-0.0847598334324734,-0.0144,-0.0102));
#3501=CARTESIAN_POINT('',(-0.0847598334324734,-0.0148,-0.0102));
#3502=CARTESIAN_POINT('',(0.0505155444566228,-0.029625,-0.01));
#3503=CARTESIAN_POINT('',(0.0502990381056767,-0.02925,-0.01));
#3504=CARTESIAN_POINT('',(0.0502990381056767,-0.02925,-0.01));
#3505=CARTESIAN_POINT('',(0.0505155444566228,-0.029625,-0.01));
#3506=CARTESIAN_POINT('',(0.0507320508075689,-0.03,-0.01));
#3507=CARTESIAN_POINT('',(0.0507320508075689,-0.03,-0.01));
#3508=CARTESIAN_POINT('',(0.049,-0.03,-0.01));
#3509=CARTESIAN_POINT('',(0.0502990381056767,-0.03075,-0.01));
#3510=CARTESIAN_POINT('',(0.0502990381056767,-0.03075,-0.01));
#3511=CARTESIAN_POINT('',(0.049,-0.03,-0.01));
#3512=CARTESIAN_POINT('',(0.0505155444566228,-0.030375,-0.01));
#3513=CARTESIAN_POINT('',(0.0505155444566228,-0.030375,-0.01));
#3514=CARTESIAN_POINT('',(0.0455000515388204,-3.46944695195361E-17,-0.01));
#3515=CARTESIAN_POINT('',(0.049,0.03,-0.01));
#3516=CARTESIAN_POINT('',(0.0502990381056767,0.02925,-0.01));
#3517=CARTESIAN_POINT('',(0.0502990381056767,0.02925,-0.01));
#3518=CARTESIAN_POINT('',(0.049,0.03,-0.01));
#3519=CARTESIAN_POINT('',(0.0502990381056767,0.03075,-0.01));
#3520=CARTESIAN_POINT('',(0.0502990381056767,0.03075,-0.01));
#3521=CARTESIAN_POINT('',(0.0505155444566228,0.029625,-0.01));
#3522=CARTESIAN_POINT('',(0.0507320508075689,0.03,-0.01));
#3523=CARTESIAN_POINT('',(0.0507320508075689,0.03,-0.01));
#3524=CARTESIAN_POINT('',(0.0505155444566228,0.029625,-0.01));
#3525=CARTESIAN_POINT('',(0.0505155444566228,0.030375,-0.01));
#3526=CARTESIAN_POINT('',(0.0505155444566228,0.030375,-0.01));
#3527=CARTESIAN_POINT('',(0.0455000515388204,-3.46944695195361E-17,-0.01));
#3528=CARTESIAN_POINT('',(0.0505155444566228,-0.029625,-0.0202));
#3529=CARTESIAN_POINT('',(0.0507320508075689,-0.03,-0.0202));
#3530=CARTESIAN_POINT('',(0.0507320508075689,-0.03,-0.0202));
#3531=CARTESIAN_POINT('',(0.0505155444566228,-0.029625,-0.0202));
#3532=CARTESIAN_POINT('',(0.0502990381056767,-0.02925,-0.0202));
#3533=CARTESIAN_POINT('',(0.0502990381056767,-0.02925,-0.0202));
#3534=CARTESIAN_POINT('',(0.0505155444566228,-0.030375,-0.0202));
#3535=CARTESIAN_POINT('',(0.0502990381056767,-0.03075,-0.0202));
#3536=CARTESIAN_POINT('',(0.0502990381056767,-0.03075,-0.0202));
#3537=CARTESIAN_POINT('',(0.0505155444566228,-0.030375,-0.0202));
#3538=CARTESIAN_POINT('',(0.049,-0.03,-0.0202));
#3539=CARTESIAN_POINT('',(0.049,-0.03,-0.0202));
#3540=CARTESIAN_POINT('',(0.0455000515388204,-3.46944695195361E-17,-0.0202));
#3541=CARTESIAN_POINT('',(0.049,0.03,-0.0202));
#3542=CARTESIAN_POINT('',(0.0502990381056767,0.03075,-0.0202));
#3543=CARTESIAN_POINT('',(0.0502990381056767,0.03075,-0.0202));
#3544=CARTESIAN_POINT('',(0.049,0.03,-0.0202));
#3545=CARTESIAN_POINT('',(0.0502990381056767,0.02925,-0.0202));
#3546=CARTESIAN_POINT('',(0.0502990381056767,0.02925,-0.0202));
#3547=CARTESIAN_POINT('',(0.0505155444566228,0.030375,-0.0202));
#3548=CARTESIAN_POINT('',(0.0507320508075689,0.03,-0.0202));
#3549=CARTESIAN_POINT('',(0.0507320508075689,0.03,-0.0202));
#3550=CARTESIAN_POINT('',(0.0505155444566228,0.030375,-0.0202));
#3551=CARTESIAN_POINT('',(0.0505155444566228,0.029625,-0.0202));
#3552=CARTESIAN_POINT('',(0.0505155444566228,0.029625,-0.0202));
#3553=CARTESIAN_POINT('',(0.0455000515388204,-3.46944695195361E-17,-0.0202));
#3554=MECHANICAL_DESIGN_GEOMETRIC_PRESENTATION_REPRESENTATION('',(#2191),
#3555);
#3555=(
GEOMETRIC_REPRESENTATION_CONTEXT(3)
GLOBAL_UNCERTAINTY_ASSIGNED_CONTEXT((#3556))
GLOBAL_UNIT_ASSIGNED_CONTEXT((#3559,#3558,#3557))
REPRESENTATION_CONTEXT('Cart Cart Plate','TOP_LEVEL_ASSEMBLY_PART')
);
#3556=UNCERTAINTY_MEASURE_WITH_UNIT(LENGTH_MEASURE(4.12310562862818E-8),
#3559,'DISTANCE_ACCURACY_VALUE','Maximum Tolerance applied to model');
#3557=(
NAMED_UNIT(*)
SI_UNIT($,.STERADIAN.)
SOLID_ANGLE_UNIT()
);
#3558=(
NAMED_UNIT(*)
PLANE_ANGLE_UNIT()
SI_UNIT($,.RADIAN.)
);
#3559=(
LENGTH_UNIT()
NAMED_UNIT(*)
SI_UNIT($,.METRE.)
);
#3560=PRODUCT_DEFINITION_SHAPE('','',#3561);
#3561=PRODUCT_DEFINITION('','',#3563,#3562);
#3562=PRODUCT_DEFINITION_CONTEXT('',#3569,'design');
#3563=PRODUCT_DEFINITION_FORMATION_WITH_SPECIFIED_SOURCE('','',#3565,
 .NOT_KNOWN.);
#3564=PRODUCT_RELATED_PRODUCT_CATEGORY('','',(#3565));
#3565=PRODUCT('Cart Cart Plate','Cart Cart Plate','Cart Cart Plate',(#3567));
#3566=PRODUCT_CATEGORY('','');
#3567=PRODUCT_CONTEXT('',#3569,'mechanical');
#3568=APPLICATION_PROTOCOL_DEFINITION('international standard',
'automotive_design',2010,#3569);
#3569=APPLICATION_CONTEXT(
'core data for automotive mechanical design processes');
ENDSEC;
END-ISO-10303-21;
