ISO-10303-21;
HEADER;
/* Generated by software containing ST-Developer
 * from STEP Tools, Inc. (www.steptools.com) 
 */
/* OPTION: using custom renumber hook */

FILE_DESCRIPTION(
/* description */ ('STEP AP214',
'CAx-IF Rec.Pracs.---User Defined Attributes---1.5---2016-08-15'),
/* implementation_level */ '2;1');

FILE_NAME(
/* name */ '6a95d9fcd62aea1f5976097d',
/* time_stamp */ '2026-08-31T19:46:04Z',
/* author */ (''),
/* organization */ (''),
/* preprocessor_version */ 'ST-DEVELOPER v20',
/* originating_system */ 'ONSHAPE BY PTC INC, 1.220',
/* authorisation */ '  ');

FILE_SCHEMA (('AUTOMOTIVE_DESIGN {1 0 10303 214 3 1 1}'));
ENDSEC;

DATA;
#10=PROPERTY_DEFINITION_REPRESENTATION(#14,#12);
#11=PROPERTY_DEFINITION_REPRESENTATION(#15,#13);
#12=REPRESENTATION('',(#16),#2401);
#13=REPRESENTATION('',(#17),#2401);
#14=PROPERTY_DEFINITION('pmi validation property','',#2406);
#15=PROPERTY_DEFINITION('pmi validation property','',#2406);
#16=VALUE_REPRESENTATION_ITEM('number of annotations',COUNT_MEASURE(0.));
#17=VALUE_REPRESENTATION_ITEM('number of views',COUNT_MEASURE(0.));
#18=SHAPE_REPRESENTATION_RELATIONSHIP('','',#1516,#19);
#19=ADVANCED_BREP_SHAPE_REPRESENTATION('',(#1514),#2401);
#20=CYLINDRICAL_SURFACE('',#1573,0.01115);
#21=CYLINDRICAL_SURFACE('',#1576,0.0018);
#22=CYLINDRICAL_SURFACE('',#1580,0.0018);
#23=CYLINDRICAL_SURFACE('',#1583,0.0018);
#24=CYLINDRICAL_SURFACE('',#1586,0.0018);
#25=CYLINDRICAL_SURFACE('',#1596,0.0031);
#26=CYLINDRICAL_SURFACE('',#1599,0.0031);
#27=CYLINDRICAL_SURFACE('',#1603,0.0031);
#28=CYLINDRICAL_SURFACE('',#1605,0.0031);
#29=CYLINDRICAL_SURFACE('',#1606,0.0031);
#30=CYLINDRICAL_SURFACE('',#1607,0.0031);
#31=CYLINDRICAL_SURFACE('',#1608,0.0031);
#32=CYLINDRICAL_SURFACE('',#1611,0.0031);
#33=CIRCLE('',#1523,0.0031);
#34=CIRCLE('',#1527,0.0031);
#35=CIRCLE('',#1529,0.0031);
#36=CIRCLE('',#1530,0.0031);
#37=CIRCLE('',#1533,0.0031);
#38=CIRCLE('',#1534,0.0031);
#39=CIRCLE('',#1535,0.0031);
#40=CIRCLE('',#1537,0.0031);
#41=CIRCLE('',#1538,0.0031);
#42=CIRCLE('',#1539,0.0031);
#43=CIRCLE('',#1547,0.0031);
#44=CIRCLE('',#1548,0.0031);
#45=CIRCLE('',#1549,0.0031);
#46=CIRCLE('',#1551,0.0031);
#47=CIRCLE('',#1552,0.0031);
#48=CIRCLE('',#1553,0.0031);
#49=CIRCLE('',#1559,0.0018);
#50=CIRCLE('',#1560,0.0018);
#51=CIRCLE('',#1561,0.0018);
#52=CIRCLE('',#1562,0.0018);
#53=CIRCLE('',#1563,0.01115);
#54=CIRCLE('',#1567,0.0018);
#55=CIRCLE('',#1568,0.0018);
#56=CIRCLE('',#1569,0.0018);
#57=CIRCLE('',#1570,0.0018);
#58=CIRCLE('',#1571,0.01115);
#59=ORIENTED_EDGE('',*,*,#471,.T.);
#60=ORIENTED_EDGE('',*,*,#472,.T.);
#61=ORIENTED_EDGE('',*,*,#473,.T.);
#62=ORIENTED_EDGE('',*,*,#474,.T.);
#63=ORIENTED_EDGE('',*,*,#475,.F.);
#64=ORIENTED_EDGE('',*,*,#476,.F.);
#65=ORIENTED_EDGE('',*,*,#477,.F.);
#66=ORIENTED_EDGE('',*,*,#478,.F.);
#67=ORIENTED_EDGE('',*,*,#479,.F.);
#68=ORIENTED_EDGE('',*,*,#480,.F.);
#69=ORIENTED_EDGE('',*,*,#481,.T.);
#70=ORIENTED_EDGE('',*,*,#473,.F.);
#71=ORIENTED_EDGE('',*,*,#482,.F.);
#72=ORIENTED_EDGE('',*,*,#483,.T.);
#73=ORIENTED_EDGE('',*,*,#484,.T.);
#74=ORIENTED_EDGE('',*,*,#485,.F.);
#75=ORIENTED_EDGE('',*,*,#486,.F.);
#76=ORIENTED_EDGE('',*,*,#487,.F.);
#77=ORIENTED_EDGE('',*,*,#488,.F.);
#78=ORIENTED_EDGE('',*,*,#489,.T.);
#79=ORIENTED_EDGE('',*,*,#490,.F.);
#80=ORIENTED_EDGE('',*,*,#491,.F.);
#81=ORIENTED_EDGE('',*,*,#492,.F.);
#82=ORIENTED_EDGE('',*,*,#493,.F.);
#83=ORIENTED_EDGE('',*,*,#494,.F.);
#84=ORIENTED_EDGE('',*,*,#495,.T.);
#85=ORIENTED_EDGE('',*,*,#496,.T.);
#86=ORIENTED_EDGE('',*,*,#497,.F.);
#87=ORIENTED_EDGE('',*,*,#498,.T.);
#88=ORIENTED_EDGE('',*,*,#499,.T.);
#89=ORIENTED_EDGE('',*,*,#500,.T.);
#90=ORIENTED_EDGE('',*,*,#501,.T.);
#91=ORIENTED_EDGE('',*,*,#502,.F.);
#92=ORIENTED_EDGE('',*,*,#503,.F.);
#93=ORIENTED_EDGE('',*,*,#504,.T.);
#94=ORIENTED_EDGE('',*,*,#505,.F.);
#95=ORIENTED_EDGE('',*,*,#506,.F.);
#96=ORIENTED_EDGE('',*,*,#476,.T.);
#97=ORIENTED_EDGE('',*,*,#507,.T.);
#98=ORIENTED_EDGE('',*,*,#503,.T.);
#99=ORIENTED_EDGE('',*,*,#508,.F.);
#100=ORIENTED_EDGE('',*,*,#509,.F.);
#101=ORIENTED_EDGE('',*,*,#510,.F.);
#102=ORIENTED_EDGE('',*,*,#511,.T.);
#103=ORIENTED_EDGE('',*,*,#512,.F.);
#104=ORIENTED_EDGE('',*,*,#513,.T.);
#105=ORIENTED_EDGE('',*,*,#493,.T.);
#106=ORIENTED_EDGE('',*,*,#514,.T.);
#107=ORIENTED_EDGE('',*,*,#515,.F.);
#108=ORIENTED_EDGE('',*,*,#516,.F.);
#109=ORIENTED_EDGE('',*,*,#517,.F.);
#110=ORIENTED_EDGE('',*,*,#518,.F.);
#111=ORIENTED_EDGE('',*,*,#519,.T.);
#112=ORIENTED_EDGE('',*,*,#509,.T.);
#113=ORIENTED_EDGE('',*,*,#520,.T.);
#114=ORIENTED_EDGE('',*,*,#521,.T.);
#115=ORIENTED_EDGE('',*,*,#522,.T.);
#116=ORIENTED_EDGE('',*,*,#523,.T.);
#117=ORIENTED_EDGE('',*,*,#524,.T.);
#118=ORIENTED_EDGE('',*,*,#525,.T.);
#119=ORIENTED_EDGE('',*,*,#526,.T.);
#120=ORIENTED_EDGE('',*,*,#483,.F.);
#121=ORIENTED_EDGE('',*,*,#527,.F.);
#122=ORIENTED_EDGE('',*,*,#505,.T.);
#123=ORIENTED_EDGE('',*,*,#528,.T.);
#124=ORIENTED_EDGE('',*,*,#529,.F.);
#125=ORIENTED_EDGE('',*,*,#489,.F.);
#126=ORIENTED_EDGE('',*,*,#530,.F.);
#127=ORIENTED_EDGE('',*,*,#531,.T.);
#128=ORIENTED_EDGE('',*,*,#532,.T.);
#129=ORIENTED_EDGE('',*,*,#533,.F.);
#130=ORIENTED_EDGE('',*,*,#534,.F.);
#131=ORIENTED_EDGE('',*,*,#535,.T.);
#132=ORIENTED_EDGE('',*,*,#485,.T.);
#133=ORIENTED_EDGE('',*,*,#536,.T.);
#134=ORIENTED_EDGE('',*,*,#537,.T.);
#135=ORIENTED_EDGE('',*,*,#538,.T.);
#136=ORIENTED_EDGE('',*,*,#539,.T.);
#137=ORIENTED_EDGE('',*,*,#540,.T.);
#138=ORIENTED_EDGE('',*,*,#541,.T.);
#139=ORIENTED_EDGE('',*,*,#542,.T.);
#140=ORIENTED_EDGE('',*,*,#543,.T.);
#141=ORIENTED_EDGE('',*,*,#544,.T.);
#142=ORIENTED_EDGE('',*,*,#545,.T.);
#143=ORIENTED_EDGE('',*,*,#546,.T.);
#144=ORIENTED_EDGE('',*,*,#534,.T.);
#145=ORIENTED_EDGE('',*,*,#547,.F.);
#146=ORIENTED_EDGE('',*,*,#532,.F.);
#147=ORIENTED_EDGE('',*,*,#548,.F.);
#148=ORIENTED_EDGE('',*,*,#549,.F.);
#149=ORIENTED_EDGE('',*,*,#550,.T.);
#150=ORIENTED_EDGE('',*,*,#551,.F.);
#151=ORIENTED_EDGE('',*,*,#552,.F.);
#152=ORIENTED_EDGE('',*,*,#499,.F.);
#153=ORIENTED_EDGE('',*,*,#553,.F.);
#154=ORIENTED_EDGE('',*,*,#554,.F.);
#155=ORIENTED_EDGE('',*,*,#555,.F.);
#156=ORIENTED_EDGE('',*,*,#556,.F.);
#157=ORIENTED_EDGE('',*,*,#557,.F.);
#158=ORIENTED_EDGE('',*,*,#558,.F.);
#159=ORIENTED_EDGE('',*,*,#559,.F.);
#160=ORIENTED_EDGE('',*,*,#560,.F.);
#161=ORIENTED_EDGE('',*,*,#561,.F.);
#162=ORIENTED_EDGE('',*,*,#562,.T.);
#163=ORIENTED_EDGE('',*,*,#501,.F.);
#164=ORIENTED_EDGE('',*,*,#563,.F.);
#165=ORIENTED_EDGE('',*,*,#564,.T.);
#166=ORIENTED_EDGE('',*,*,#565,.T.);
#167=ORIENTED_EDGE('',*,*,#566,.T.);
#168=ORIENTED_EDGE('',*,*,#518,.T.);
#169=ORIENTED_EDGE('',*,*,#533,.T.);
#170=ORIENTED_EDGE('',*,*,#547,.T.);
#171=ORIENTED_EDGE('',*,*,#536,.F.);
#172=ORIENTED_EDGE('',*,*,#484,.F.);
#173=ORIENTED_EDGE('',*,*,#502,.T.);
#174=ORIENTED_EDGE('',*,*,#562,.F.);
#175=ORIENTED_EDGE('',*,*,#520,.F.);
#176=ORIENTED_EDGE('',*,*,#508,.T.);
#177=ORIENTED_EDGE('',*,*,#567,.F.);
#178=ORIENTED_EDGE('',*,*,#504,.F.);
#179=ORIENTED_EDGE('',*,*,#568,.F.);
#180=ORIENTED_EDGE('',*,*,#569,.T.);
#181=ORIENTED_EDGE('',*,*,#563,.T.);
#182=ORIENTED_EDGE('',*,*,#500,.F.);
#183=ORIENTED_EDGE('',*,*,#552,.T.);
#184=ORIENTED_EDGE('',*,*,#570,.T.);
#185=ORIENTED_EDGE('',*,*,#528,.F.);
#186=ORIENTED_EDGE('',*,*,#514,.F.);
#187=ORIENTED_EDGE('',*,*,#496,.F.);
#188=ORIENTED_EDGE('',*,*,#571,.T.);
#189=ORIENTED_EDGE('',*,*,#572,.T.);
#190=ORIENTED_EDGE('',*,*,#507,.F.);
#191=ORIENTED_EDGE('',*,*,#475,.T.);
#192=ORIENTED_EDGE('',*,*,#573,.T.);
#193=ORIENTED_EDGE('',*,*,#574,.T.);
#194=ORIENTED_EDGE('',*,*,#575,.T.);
#195=ORIENTED_EDGE('',*,*,#576,.F.);
#196=ORIENTED_EDGE('',*,*,#577,.F.);
#197=ORIENTED_EDGE('',*,*,#576,.T.);
#198=ORIENTED_EDGE('',*,*,#578,.T.);
#199=ORIENTED_EDGE('',*,*,#550,.F.);
#200=ORIENTED_EDGE('',*,*,#579,.F.);
#201=ORIENTED_EDGE('',*,*,#580,.F.);
#202=ORIENTED_EDGE('',*,*,#581,.F.);
#203=ORIENTED_EDGE('',*,*,#582,.F.);
#204=ORIENTED_EDGE('',*,*,#583,.T.);
#205=ORIENTED_EDGE('',*,*,#568,.T.);
#206=ORIENTED_EDGE('',*,*,#584,.F.);
#207=ORIENTED_EDGE('',*,*,#479,.T.);
#208=ORIENTED_EDGE('',*,*,#585,.T.);
#209=ORIENTED_EDGE('',*,*,#586,.F.);
#210=ORIENTED_EDGE('',*,*,#587,.F.);
#211=ORIENTED_EDGE('',*,*,#588,.F.);
#212=ORIENTED_EDGE('',*,*,#582,.T.);
#213=ORIENTED_EDGE('',*,*,#589,.F.);
#214=ORIENTED_EDGE('',*,*,#590,.T.);
#215=ORIENTED_EDGE('',*,*,#494,.T.);
#216=ORIENTED_EDGE('',*,*,#513,.F.);
#217=ORIENTED_EDGE('',*,*,#591,.T.);
#218=ORIENTED_EDGE('',*,*,#592,.F.);
#219=ORIENTED_EDGE('',*,*,#593,.T.);
#220=ORIENTED_EDGE('',*,*,#594,.T.);
#221=ORIENTED_EDGE('',*,*,#595,.F.);
#222=ORIENTED_EDGE('',*,*,#565,.F.);
#223=ORIENTED_EDGE('',*,*,#596,.T.);
#224=ORIENTED_EDGE('',*,*,#597,.F.);
#225=ORIENTED_EDGE('',*,*,#598,.F.);
#226=ORIENTED_EDGE('',*,*,#599,.F.);
#227=ORIENTED_EDGE('',*,*,#548,.T.);
#228=ORIENTED_EDGE('',*,*,#531,.F.);
#229=ORIENTED_EDGE('',*,*,#600,.F.);
#230=ORIENTED_EDGE('',*,*,#601,.T.);
#231=ORIENTED_EDGE('',*,*,#602,.F.);
#232=ORIENTED_EDGE('',*,*,#603,.T.);
#233=ORIENTED_EDGE('',*,*,#580,.T.);
#234=ORIENTED_EDGE('',*,*,#604,.T.);
#235=ORIENTED_EDGE('',*,*,#574,.F.);
#236=ORIENTED_EDGE('',*,*,#605,.F.);
#237=ORIENTED_EDGE('',*,*,#564,.F.);
#238=ORIENTED_EDGE('',*,*,#569,.F.);
#239=ORIENTED_EDGE('',*,*,#583,.F.);
#240=ORIENTED_EDGE('',*,*,#596,.F.);
#241=ORIENTED_EDGE('',*,*,#577,.T.);
#242=ORIENTED_EDGE('',*,*,#579,.T.);
#243=ORIENTED_EDGE('',*,*,#549,.T.);
#244=ORIENTED_EDGE('',*,*,#605,.T.);
#245=ORIENTED_EDGE('',*,*,#487,.T.);
#246=ORIENTED_EDGE('',*,*,#606,.T.);
#247=ORIENTED_EDGE('',*,*,#601,.F.);
#248=ORIENTED_EDGE('',*,*,#607,.F.);
#249=ORIENTED_EDGE('',*,*,#603,.F.);
#250=ORIENTED_EDGE('',*,*,#608,.T.);
#251=ORIENTED_EDGE('',*,*,#480,.T.);
#252=ORIENTED_EDGE('',*,*,#584,.T.);
#253=ORIENTED_EDGE('',*,*,#572,.F.);
#254=ORIENTED_EDGE('',*,*,#609,.T.);
#255=ORIENTED_EDGE('',*,*,#589,.T.);
#256=ORIENTED_EDGE('',*,*,#581,.T.);
#257=ORIENTED_EDGE('',*,*,#488,.T.);
#258=ORIENTED_EDGE('',*,*,#607,.T.);
#259=ORIENTED_EDGE('',*,*,#600,.T.);
#260=ORIENTED_EDGE('',*,*,#530,.T.);
#261=ORIENTED_EDGE('',*,*,#495,.F.);
#262=ORIENTED_EDGE('',*,*,#590,.F.);
#263=ORIENTED_EDGE('',*,*,#609,.F.);
#264=ORIENTED_EDGE('',*,*,#571,.F.);
#265=ORIENTED_EDGE('',*,*,#610,.F.);
#266=ORIENTED_EDGE('',*,*,#611,.T.);
#267=ORIENTED_EDGE('',*,*,#612,.F.);
#268=ORIENTED_EDGE('',*,*,#613,.F.);
#269=ORIENTED_EDGE('',*,*,#614,.F.);
#270=ORIENTED_EDGE('',*,*,#615,.F.);
#271=ORIENTED_EDGE('',*,*,#616,.F.);
#272=ORIENTED_EDGE('',*,*,#617,.T.);
#273=ORIENTED_EDGE('',*,*,#618,.F.);
#274=ORIENTED_EDGE('',*,*,#619,.F.);
#275=ORIENTED_EDGE('',*,*,#620,.F.);
#276=ORIENTED_EDGE('',*,*,#621,.F.);
#277=ORIENTED_EDGE('',*,*,#622,.F.);
#278=ORIENTED_EDGE('',*,*,#623,.F.);
#279=ORIENTED_EDGE('',*,*,#594,.F.);
#280=ORIENTED_EDGE('',*,*,#624,.T.);
#281=ORIENTED_EDGE('',*,*,#625,.T.);
#282=ORIENTED_EDGE('',*,*,#626,.F.);
#283=ORIENTED_EDGE('',*,*,#591,.F.);
#284=ORIENTED_EDGE('',*,*,#512,.T.);
#285=ORIENTED_EDGE('',*,*,#627,.F.);
#286=ORIENTED_EDGE('',*,*,#566,.F.);
#287=ORIENTED_EDGE('',*,*,#595,.T.);
#288=ORIENTED_EDGE('',*,*,#623,.T.);
#289=ORIENTED_EDGE('',*,*,#628,.T.);
#290=ORIENTED_EDGE('',*,*,#629,.T.);
#291=ORIENTED_EDGE('',*,*,#630,.F.);
#292=ORIENTED_EDGE('',*,*,#631,.F.);
#293=ORIENTED_EDGE('',*,*,#632,.F.);
#294=ORIENTED_EDGE('',*,*,#633,.F.);
#295=ORIENTED_EDGE('',*,*,#634,.F.);
#296=ORIENTED_EDGE('',*,*,#635,.T.);
#297=ORIENTED_EDGE('',*,*,#636,.F.);
#298=ORIENTED_EDGE('',*,*,#637,.F.);
#299=ORIENTED_EDGE('',*,*,#638,.F.);
#300=ORIENTED_EDGE('',*,*,#639,.F.);
#301=ORIENTED_EDGE('',*,*,#640,.F.);
#302=ORIENTED_EDGE('',*,*,#641,.F.);
#303=ORIENTED_EDGE('',*,*,#626,.T.);
#304=ORIENTED_EDGE('',*,*,#642,.F.);
#305=ORIENTED_EDGE('',*,*,#643,.F.);
#306=ORIENTED_EDGE('',*,*,#592,.T.);
#307=ORIENTED_EDGE('',*,*,#593,.F.);
#308=ORIENTED_EDGE('',*,*,#643,.T.);
#309=ORIENTED_EDGE('',*,*,#644,.F.);
#310=ORIENTED_EDGE('',*,*,#645,.F.);
#311=ORIENTED_EDGE('',*,*,#624,.F.);
#312=ORIENTED_EDGE('',*,*,#641,.T.);
#313=ORIENTED_EDGE('',*,*,#622,.T.);
#314=ORIENTED_EDGE('',*,*,#644,.T.);
#315=ORIENTED_EDGE('',*,*,#646,.T.);
#316=ORIENTED_EDGE('',*,*,#511,.F.);
#317=ORIENTED_EDGE('',*,*,#647,.F.);
#318=ORIENTED_EDGE('',*,*,#645,.T.);
#319=ORIENTED_EDGE('',*,*,#647,.T.);
#320=ORIENTED_EDGE('',*,*,#510,.T.);
#321=ORIENTED_EDGE('',*,*,#519,.F.);
#322=ORIENTED_EDGE('',*,*,#628,.F.);
#323=ORIENTED_EDGE('',*,*,#625,.F.);
#324=ORIENTED_EDGE('',*,*,#639,.T.);
#325=ORIENTED_EDGE('',*,*,#648,.T.);
#326=ORIENTED_EDGE('',*,*,#619,.T.);
#327=ORIENTED_EDGE('',*,*,#649,.F.);
#328=ORIENTED_EDGE('',*,*,#638,.T.);
#329=ORIENTED_EDGE('',*,*,#650,.T.);
#330=ORIENTED_EDGE('',*,*,#620,.T.);
#331=ORIENTED_EDGE('',*,*,#648,.F.);
#332=ORIENTED_EDGE('',*,*,#640,.T.);
#333=ORIENTED_EDGE('',*,*,#649,.T.);
#334=ORIENTED_EDGE('',*,*,#621,.T.);
#335=ORIENTED_EDGE('',*,*,#650,.F.);
#336=ORIENTED_EDGE('',*,*,#636,.T.);
#337=ORIENTED_EDGE('',*,*,#651,.T.);
#338=ORIENTED_EDGE('',*,*,#616,.T.);
#339=ORIENTED_EDGE('',*,*,#652,.F.);
#340=ORIENTED_EDGE('',*,*,#653,.T.);
#341=ORIENTED_EDGE('',*,*,#617,.F.);
#342=ORIENTED_EDGE('',*,*,#651,.F.);
#343=ORIENTED_EDGE('',*,*,#635,.F.);
#344=ORIENTED_EDGE('',*,*,#637,.T.);
#345=ORIENTED_EDGE('',*,*,#652,.T.);
#346=ORIENTED_EDGE('',*,*,#618,.T.);
#347=ORIENTED_EDGE('',*,*,#653,.F.);
#348=ORIENTED_EDGE('',*,*,#633,.T.);
#349=ORIENTED_EDGE('',*,*,#654,.T.);
#350=ORIENTED_EDGE('',*,*,#613,.T.);
#351=ORIENTED_EDGE('',*,*,#655,.F.);
#352=ORIENTED_EDGE('',*,*,#632,.T.);
#353=ORIENTED_EDGE('',*,*,#656,.T.);
#354=ORIENTED_EDGE('',*,*,#614,.T.);
#355=ORIENTED_EDGE('',*,*,#654,.F.);
#356=ORIENTED_EDGE('',*,*,#634,.T.);
#357=ORIENTED_EDGE('',*,*,#655,.T.);
#358=ORIENTED_EDGE('',*,*,#615,.T.);
#359=ORIENTED_EDGE('',*,*,#656,.F.);
#360=ORIENTED_EDGE('',*,*,#630,.T.);
#361=ORIENTED_EDGE('',*,*,#657,.T.);
#362=ORIENTED_EDGE('',*,*,#610,.T.);
#363=ORIENTED_EDGE('',*,*,#658,.F.);
#364=ORIENTED_EDGE('',*,*,#659,.T.);
#365=ORIENTED_EDGE('',*,*,#611,.F.);
#366=ORIENTED_EDGE('',*,*,#657,.F.);
#367=ORIENTED_EDGE('',*,*,#629,.F.);
#368=ORIENTED_EDGE('',*,*,#631,.T.);
#369=ORIENTED_EDGE('',*,*,#658,.T.);
#370=ORIENTED_EDGE('',*,*,#612,.T.);
#371=ORIENTED_EDGE('',*,*,#659,.F.);
#372=ORIENTED_EDGE('',*,*,#478,.T.);
#373=ORIENTED_EDGE('',*,*,#575,.F.);
#374=ORIENTED_EDGE('',*,*,#604,.F.);
#375=ORIENTED_EDGE('',*,*,#585,.F.);
#376=ORIENTED_EDGE('',*,*,#602,.T.);
#377=ORIENTED_EDGE('',*,*,#606,.F.);
#378=ORIENTED_EDGE('',*,*,#481,.F.);
#379=ORIENTED_EDGE('',*,*,#608,.F.);
#380=ORIENTED_EDGE('',*,*,#506,.T.);
#381=ORIENTED_EDGE('',*,*,#527,.T.);
#382=ORIENTED_EDGE('',*,*,#482,.T.);
#383=ORIENTED_EDGE('',*,*,#471,.F.);
#384=ORIENTED_EDGE('',*,*,#474,.F.);
#385=ORIENTED_EDGE('',*,*,#486,.T.);
#386=ORIENTED_EDGE('',*,*,#529,.T.);
#387=ORIENTED_EDGE('',*,*,#573,.F.);
#388=ORIENTED_EDGE('',*,*,#551,.T.);
#389=ORIENTED_EDGE('',*,*,#578,.F.);
#390=ORIENTED_EDGE('',*,*,#660,.F.);
#391=ORIENTED_EDGE('',*,*,#570,.F.);
#392=ORIENTED_EDGE('',*,*,#497,.T.);
#393=ORIENTED_EDGE('',*,*,#567,.T.);
#394=ORIENTED_EDGE('',*,*,#660,.T.);
#395=ORIENTED_EDGE('',*,*,#477,.T.);
#396=ORIENTED_EDGE('',*,*,#472,.F.);
#397=ORIENTED_EDGE('',*,*,#661,.F.);
#398=ORIENTED_EDGE('',*,*,#661,.T.);
#399=ORIENTED_EDGE('',*,*,#535,.F.);
#400=ORIENTED_EDGE('',*,*,#546,.F.);
#401=ORIENTED_EDGE('',*,*,#498,.F.);
#402=ORIENTED_EDGE('',*,*,#646,.F.);
#403=ORIENTED_EDGE('',*,*,#642,.T.);
#404=ORIENTED_EDGE('',*,*,#627,.T.);
#405=ORIENTED_EDGE('',*,*,#662,.T.);
#406=ORIENTED_EDGE('',*,*,#560,.T.);
#407=ORIENTED_EDGE('',*,*,#663,.F.);
#408=ORIENTED_EDGE('',*,*,#543,.F.);
#409=ORIENTED_EDGE('',*,*,#663,.T.);
#410=ORIENTED_EDGE('',*,*,#559,.T.);
#411=ORIENTED_EDGE('',*,*,#664,.F.);
#412=ORIENTED_EDGE('',*,*,#544,.F.);
#413=ORIENTED_EDGE('',*,*,#664,.T.);
#414=ORIENTED_EDGE('',*,*,#561,.T.);
#415=ORIENTED_EDGE('',*,*,#662,.F.);
#416=ORIENTED_EDGE('',*,*,#545,.F.);
#417=ORIENTED_EDGE('',*,*,#665,.T.);
#418=ORIENTED_EDGE('',*,*,#557,.T.);
#419=ORIENTED_EDGE('',*,*,#666,.F.);
#420=ORIENTED_EDGE('',*,*,#540,.F.);
#421=ORIENTED_EDGE('',*,*,#666,.T.);
#422=ORIENTED_EDGE('',*,*,#556,.T.);
#423=ORIENTED_EDGE('',*,*,#667,.F.);
#424=ORIENTED_EDGE('',*,*,#541,.F.);
#425=ORIENTED_EDGE('',*,*,#667,.T.);
#426=ORIENTED_EDGE('',*,*,#558,.T.);
#427=ORIENTED_EDGE('',*,*,#665,.F.);
#428=ORIENTED_EDGE('',*,*,#542,.F.);
#429=ORIENTED_EDGE('',*,*,#668,.T.);
#430=ORIENTED_EDGE('',*,*,#554,.T.);
#431=ORIENTED_EDGE('',*,*,#669,.F.);
#432=ORIENTED_EDGE('',*,*,#537,.F.);
#433=ORIENTED_EDGE('',*,*,#669,.T.);
#434=ORIENTED_EDGE('',*,*,#553,.T.);
#435=ORIENTED_EDGE('',*,*,#670,.F.);
#436=ORIENTED_EDGE('',*,*,#538,.F.);
#437=ORIENTED_EDGE('',*,*,#670,.T.);
#438=ORIENTED_EDGE('',*,*,#555,.T.);
#439=ORIENTED_EDGE('',*,*,#668,.F.);
#440=ORIENTED_EDGE('',*,*,#539,.F.);
#441=ORIENTED_EDGE('',*,*,#599,.T.);
#442=ORIENTED_EDGE('',*,*,#588,.T.);
#443=ORIENTED_EDGE('',*,*,#598,.T.);
#444=ORIENTED_EDGE('',*,*,#587,.T.);
#445=ORIENTED_EDGE('',*,*,#597,.T.);
#446=ORIENTED_EDGE('',*,*,#586,.T.);
#447=ORIENTED_EDGE('',*,*,#671,.T.);
#448=ORIENTED_EDGE('',*,*,#516,.T.);
#449=ORIENTED_EDGE('',*,*,#672,.F.);
#450=ORIENTED_EDGE('',*,*,#524,.F.);
#451=ORIENTED_EDGE('',*,*,#672,.T.);
#452=ORIENTED_EDGE('',*,*,#515,.T.);
#453=ORIENTED_EDGE('',*,*,#673,.F.);
#454=ORIENTED_EDGE('',*,*,#525,.F.);
#455=ORIENTED_EDGE('',*,*,#673,.T.);
#456=ORIENTED_EDGE('',*,*,#517,.T.);
#457=ORIENTED_EDGE('',*,*,#671,.F.);
#458=ORIENTED_EDGE('',*,*,#526,.F.);
#459=ORIENTED_EDGE('',*,*,#674,.T.);
#460=ORIENTED_EDGE('',*,*,#491,.T.);
#461=ORIENTED_EDGE('',*,*,#675,.F.);
#462=ORIENTED_EDGE('',*,*,#521,.F.);
#463=ORIENTED_EDGE('',*,*,#675,.T.);
#464=ORIENTED_EDGE('',*,*,#490,.T.);
#465=ORIENTED_EDGE('',*,*,#676,.F.);
#466=ORIENTED_EDGE('',*,*,#522,.F.);
#467=ORIENTED_EDGE('',*,*,#676,.T.);
#468=ORIENTED_EDGE('',*,*,#492,.T.);
#469=ORIENTED_EDGE('',*,*,#674,.F.);
#470=ORIENTED_EDGE('',*,*,#523,.F.);
#471=EDGE_CURVE('',#677,#678,#812,.T.);
#472=EDGE_CURVE('',#678,#679,#813,.T.);
#473=EDGE_CURVE('',#679,#680,#814,.T.);
#474=EDGE_CURVE('',#680,#681,#815,.T.);
#475=EDGE_CURVE('',#682,#681,#816,.T.);
#476=EDGE_CURVE('',#677,#682,#817,.T.);
#477=EDGE_CURVE('',#683,#679,#818,.T.);
#478=EDGE_CURVE('',#684,#683,#819,.T.);
#479=EDGE_CURVE('',#685,#684,#820,.T.);
#480=EDGE_CURVE('',#686,#685,#821,.T.);
#481=EDGE_CURVE('',#686,#680,#822,.T.);
#482=EDGE_CURVE('',#687,#678,#823,.T.);
#483=EDGE_CURVE('',#687,#688,#824,.T.);
#484=EDGE_CURVE('',#688,#689,#825,.T.);
#485=EDGE_CURVE('',#678,#689,#826,.T.);
#486=EDGE_CURVE('',#680,#690,#827,.T.);
#487=EDGE_CURVE('',#691,#680,#828,.T.);
#488=EDGE_CURVE('',#692,#691,#829,.T.);
#489=EDGE_CURVE('',#692,#690,#830,.T.);
#490=EDGE_CURVE('',#693,#694,#831,.T.);
#491=EDGE_CURVE('',#695,#693,#33,.T.);
#492=EDGE_CURVE('',#694,#695,#832,.T.);
#493=EDGE_CURVE('',#696,#697,#833,.T.);
#494=EDGE_CURVE('',#698,#696,#834,.T.);
#495=EDGE_CURVE('',#698,#699,#835,.T.);
#496=EDGE_CURVE('',#699,#697,#836,.T.);
#497=EDGE_CURVE('',#700,#701,#837,.T.);
#498=EDGE_CURVE('',#700,#702,#838,.T.);
#499=EDGE_CURVE('',#702,#703,#839,.T.);
#500=EDGE_CURVE('',#703,#704,#840,.T.);
#501=EDGE_CURVE('',#704,#705,#841,.T.);
#502=EDGE_CURVE('',#706,#705,#842,.T.);
#503=EDGE_CURVE('',#707,#706,#843,.T.);
#504=EDGE_CURVE('',#707,#701,#844,.T.);
#505=EDGE_CURVE('',#708,#709,#845,.T.);
#506=EDGE_CURVE('',#677,#708,#846,.T.);
#507=EDGE_CURVE('',#682,#707,#847,.T.);
#508=EDGE_CURVE('',#710,#706,#848,.T.);
#509=EDGE_CURVE('',#711,#710,#849,.T.);
#510=EDGE_CURVE('',#712,#711,#850,.T.);
#511=EDGE_CURVE('',#712,#713,#851,.T.);
#512=EDGE_CURVE('',#714,#713,#852,.T.);
#513=EDGE_CURVE('',#714,#696,#853,.T.);
#514=EDGE_CURVE('',#697,#709,#854,.T.);
#515=EDGE_CURVE('',#715,#716,#855,.T.);
#516=EDGE_CURVE('',#717,#715,#34,.T.);
#517=EDGE_CURVE('',#716,#717,#856,.T.);
#518=EDGE_CURVE('',#718,#719,#857,.T.);
#519=EDGE_CURVE('',#718,#711,#858,.T.);
#520=EDGE_CURVE('',#710,#719,#859,.T.);
#521=EDGE_CURVE('',#720,#721,#35,.F.);
#522=EDGE_CURVE('',#721,#722,#860,.T.);
#523=EDGE_CURVE('',#722,#720,#861,.T.);
#524=EDGE_CURVE('',#723,#724,#36,.F.);
#525=EDGE_CURVE('',#724,#725,#862,.T.);
#526=EDGE_CURVE('',#725,#723,#863,.T.);
#527=EDGE_CURVE('',#708,#687,#864,.T.);
#528=EDGE_CURVE('',#709,#726,#865,.T.);
#529=EDGE_CURVE('',#690,#726,#866,.T.);
#530=EDGE_CURVE('',#727,#692,#867,.T.);
#531=EDGE_CURVE('',#727,#728,#868,.T.);
#532=EDGE_CURVE('',#728,#729,#869,.T.);
#533=EDGE_CURVE('',#688,#729,#870,.T.);
#534=EDGE_CURVE('',#730,#731,#871,.T.);
#535=EDGE_CURVE('',#730,#678,#872,.T.);
#536=EDGE_CURVE('',#689,#731,#873,.T.);
#537=EDGE_CURVE('',#732,#733,#874,.T.);
#538=EDGE_CURVE('',#733,#734,#37,.F.);
#539=EDGE_CURVE('',#734,#732,#875,.T.);
#540=EDGE_CURVE('',#735,#736,#38,.F.);
#541=EDGE_CURVE('',#736,#737,#876,.T.);
#542=EDGE_CURVE('',#737,#735,#877,.T.);
#543=EDGE_CURVE('',#738,#739,#39,.F.);
#544=EDGE_CURVE('',#739,#740,#878,.T.);
#545=EDGE_CURVE('',#740,#738,#879,.T.);
#546=EDGE_CURVE('',#702,#730,#880,.T.);
#547=EDGE_CURVE('',#729,#731,#881,.T.);
#548=EDGE_CURVE('',#741,#728,#882,.T.);
#549=EDGE_CURVE('',#742,#741,#883,.T.);
#550=EDGE_CURVE('',#742,#743,#884,.T.);
#551=EDGE_CURVE('',#744,#743,#885,.T.);
#552=EDGE_CURVE('',#703,#744,#886,.T.);
#553=EDGE_CURVE('',#745,#746,#40,.T.);
#554=EDGE_CURVE('',#747,#745,#887,.T.);
#555=EDGE_CURVE('',#746,#747,#888,.T.);
#556=EDGE_CURVE('',#748,#749,#889,.T.);
#557=EDGE_CURVE('',#750,#748,#41,.T.);
#558=EDGE_CURVE('',#749,#750,#890,.T.);
#559=EDGE_CURVE('',#751,#752,#891,.T.);
#560=EDGE_CURVE('',#753,#751,#42,.T.);
#561=EDGE_CURVE('',#752,#753,#892,.T.);
#562=EDGE_CURVE('',#719,#705,#893,.T.);
#563=EDGE_CURVE('',#754,#704,#894,.T.);
#564=EDGE_CURVE('',#754,#755,#895,.T.);
#565=EDGE_CURVE('',#755,#756,#896,.T.);
#566=EDGE_CURVE('',#756,#718,#897,.T.);
#567=EDGE_CURVE('',#701,#757,#898,.T.);
#568=EDGE_CURVE('',#758,#707,#899,.T.);
#569=EDGE_CURVE('',#758,#754,#900,.T.);
#570=EDGE_CURVE('',#744,#757,#901,.T.);
#571=EDGE_CURVE('',#699,#759,#902,.T.);
#572=EDGE_CURVE('',#759,#707,#903,.T.);
#573=EDGE_CURVE('',#681,#726,#904,.T.);
#574=EDGE_CURVE('',#760,#761,#905,.T.);
#575=EDGE_CURVE('',#761,#683,#906,.T.);
#576=EDGE_CURVE('',#762,#683,#907,.T.);
#577=EDGE_CURVE('',#760,#762,#908,.T.);
#578=EDGE_CURVE('',#683,#743,#909,.T.);
#579=EDGE_CURVE('',#762,#742,#910,.T.);
#580=EDGE_CURVE('',#763,#764,#911,.T.);
#581=EDGE_CURVE('',#765,#763,#912,.T.);
#582=EDGE_CURVE('',#766,#765,#913,.T.);
#583=EDGE_CURVE('',#766,#758,#914,.T.);
#584=EDGE_CURVE('',#685,#707,#915,.T.);
#585=EDGE_CURVE('',#684,#764,#916,.T.);
#586=EDGE_CURVE('',#767,#767,#43,.T.);
#587=EDGE_CURVE('',#768,#768,#44,.T.);
#588=EDGE_CURVE('',#769,#769,#45,.T.);
#589=EDGE_CURVE('',#770,#765,#917,.T.);
#590=EDGE_CURVE('',#770,#698,#918,.T.);
#591=EDGE_CURVE('',#714,#771,#919,.T.);
#592=EDGE_CURVE('',#772,#771,#920,.T.);
#593=EDGE_CURVE('',#772,#773,#921,.T.);
#594=EDGE_CURVE('',#773,#774,#922,.T.);
#595=EDGE_CURVE('',#756,#774,#923,.T.);
#596=EDGE_CURVE('',#755,#766,#924,.T.);
#597=EDGE_CURVE('',#775,#775,#46,.F.);
#598=EDGE_CURVE('',#776,#776,#47,.F.);
#599=EDGE_CURVE('',#777,#777,#48,.F.);
#600=EDGE_CURVE('',#778,#727,#925,.T.);
#601=EDGE_CURVE('',#778,#779,#926,.T.);
#602=EDGE_CURVE('',#780,#779,#927,.T.);
#603=EDGE_CURVE('',#780,#763,#928,.T.);
#604=EDGE_CURVE('',#764,#761,#929,.T.);
#605=EDGE_CURVE('',#741,#760,#930,.T.);
#606=EDGE_CURVE('',#680,#779,#931,.T.);
#607=EDGE_CURVE('',#691,#778,#932,.T.);
#608=EDGE_CURVE('',#780,#686,#933,.T.);
#609=EDGE_CURVE('',#759,#770,#934,.T.);
#610=EDGE_CURVE('',#781,#782,#935,.T.);
#611=EDGE_CURVE('',#781,#783,#49,.T.);
#612=EDGE_CURVE('',#782,#783,#936,.T.);
#613=EDGE_CURVE('',#784,#785,#937,.T.);
#614=EDGE_CURVE('',#786,#784,#50,.T.);
#615=EDGE_CURVE('',#785,#786,#938,.T.);
#616=EDGE_CURVE('',#787,#788,#939,.T.);
#617=EDGE_CURVE('',#787,#789,#51,.T.);
#618=EDGE_CURVE('',#788,#789,#940,.T.);
#619=EDGE_CURVE('',#790,#791,#52,.T.);
#620=EDGE_CURVE('',#792,#790,#941,.T.);
#621=EDGE_CURVE('',#791,#792,#942,.T.);
#622=EDGE_CURVE('',#793,#793,#53,.T.);
#623=EDGE_CURVE('',#774,#794,#943,.T.);
#624=EDGE_CURVE('',#773,#795,#944,.T.);
#625=EDGE_CURVE('',#795,#794,#945,.T.);
#626=EDGE_CURVE('',#771,#796,#946,.T.);
#627=EDGE_CURVE('',#796,#713,#947,.T.);
#628=EDGE_CURVE('',#794,#718,#948,.T.);
#629=EDGE_CURVE('',#797,#798,#54,.T.);
#630=EDGE_CURVE('',#799,#798,#949,.T.);
#631=EDGE_CURVE('',#797,#799,#950,.T.);
#632=EDGE_CURVE('',#800,#801,#55,.F.);
#633=EDGE_CURVE('',#802,#800,#951,.T.);
#634=EDGE_CURVE('',#801,#802,#952,.T.);
#635=EDGE_CURVE('',#803,#804,#56,.T.);
#636=EDGE_CURVE('',#805,#804,#953,.T.);
#637=EDGE_CURVE('',#803,#805,#954,.T.);
#638=EDGE_CURVE('',#806,#807,#955,.T.);
#639=EDGE_CURVE('',#808,#806,#57,.F.);
#640=EDGE_CURVE('',#807,#808,#956,.T.);
#641=EDGE_CURVE('',#809,#809,#58,.F.);
#642=EDGE_CURVE('',#810,#796,#957,.T.);
#643=EDGE_CURVE('',#772,#810,#958,.T.);
#644=EDGE_CURVE('',#811,#810,#959,.T.);
#645=EDGE_CURVE('',#795,#811,#960,.T.);
#646=EDGE_CURVE('',#810,#713,#961,.T.);
#647=EDGE_CURVE('',#811,#712,#962,.T.);
#648=EDGE_CURVE('',#806,#790,#963,.T.);
#649=EDGE_CURVE('',#808,#791,#964,.T.);
#650=EDGE_CURVE('',#807,#792,#965,.T.);
#651=EDGE_CURVE('',#804,#787,#966,.T.);
#652=EDGE_CURVE('',#805,#788,#967,.T.);
#653=EDGE_CURVE('',#803,#789,#968,.T.);
#654=EDGE_CURVE('',#800,#784,#969,.T.);
#655=EDGE_CURVE('',#802,#785,#970,.T.);
#656=EDGE_CURVE('',#801,#786,#971,.T.);
#657=EDGE_CURVE('',#798,#781,#972,.T.);
#658=EDGE_CURVE('',#799,#782,#973,.T.);
#659=EDGE_CURVE('',#797,#783,#974,.T.);
#660=EDGE_CURVE('',#757,#683,#975,.T.);
#661=EDGE_CURVE('',#700,#678,#976,.T.);
#662=EDGE_CURVE('',#738,#753,#977,.T.);
#663=EDGE_CURVE('',#739,#751,#978,.T.);
#664=EDGE_CURVE('',#740,#752,#979,.T.);
#665=EDGE_CURVE('',#735,#750,#980,.T.);
#666=EDGE_CURVE('',#736,#748,#981,.T.);
#667=EDGE_CURVE('',#737,#749,#982,.T.);
#668=EDGE_CURVE('',#732,#747,#983,.T.);
#669=EDGE_CURVE('',#733,#745,#984,.T.);
#670=EDGE_CURVE('',#734,#746,#985,.T.);
#671=EDGE_CURVE('',#723,#717,#986,.T.);
#672=EDGE_CURVE('',#724,#715,#987,.T.);
#673=EDGE_CURVE('',#725,#716,#988,.T.);
#674=EDGE_CURVE('',#720,#695,#989,.T.);
#675=EDGE_CURVE('',#721,#693,#990,.T.);
#676=EDGE_CURVE('',#722,#694,#991,.T.);
#677=VERTEX_POINT('',#1991);
#678=VERTEX_POINT('',#1992);
#679=VERTEX_POINT('',#1994);
#680=VERTEX_POINT('',#1996);
#681=VERTEX_POINT('',#1998);
#682=VERTEX_POINT('',#2000);
#683=VERTEX_POINT('',#2004);
#684=VERTEX_POINT('',#2006);
#685=VERTEX_POINT('',#2008);
#686=VERTEX_POINT('',#2010);
#687=VERTEX_POINT('',#2014);
#688=VERTEX_POINT('',#2016);
#689=VERTEX_POINT('',#2018);
#690=VERTEX_POINT('',#2022);
#691=VERTEX_POINT('',#2024);
#692=VERTEX_POINT('',#2026);
#693=VERTEX_POINT('',#2030);
#694=VERTEX_POINT('',#2031);
#695=VERTEX_POINT('',#2033);
#696=VERTEX_POINT('',#2036);
#697=VERTEX_POINT('',#2037);
#698=VERTEX_POINT('',#2039);
#699=VERTEX_POINT('',#2041);
#700=VERTEX_POINT('',#2045);
#701=VERTEX_POINT('',#2046);
#702=VERTEX_POINT('',#2048);
#703=VERTEX_POINT('',#2050);
#704=VERTEX_POINT('',#2052);
#705=VERTEX_POINT('',#2054);
#706=VERTEX_POINT('',#2056);
#707=VERTEX_POINT('',#2058);
#708=VERTEX_POINT('',#2062);
#709=VERTEX_POINT('',#2063);
#710=VERTEX_POINT('',#2067);
#711=VERTEX_POINT('',#2069);
#712=VERTEX_POINT('',#2071);
#713=VERTEX_POINT('',#2073);
#714=VERTEX_POINT('',#2075);
#715=VERTEX_POINT('',#2080);
#716=VERTEX_POINT('',#2081);
#717=VERTEX_POINT('',#2083);
#718=VERTEX_POINT('',#2086);
#719=VERTEX_POINT('',#2087);
#720=VERTEX_POINT('',#2092);
#721=VERTEX_POINT('',#2093);
#722=VERTEX_POINT('',#2095);
#723=VERTEX_POINT('',#2098);
#724=VERTEX_POINT('',#2099);
#725=VERTEX_POINT('',#2101);
#726=VERTEX_POINT('',#2105);
#727=VERTEX_POINT('',#2108);
#728=VERTEX_POINT('',#2110);
#729=VERTEX_POINT('',#2112);
#730=VERTEX_POINT('',#2116);
#731=VERTEX_POINT('',#2117);
#732=VERTEX_POINT('',#2122);
#733=VERTEX_POINT('',#2123);
#734=VERTEX_POINT('',#2125);
#735=VERTEX_POINT('',#2128);
#736=VERTEX_POINT('',#2129);
#737=VERTEX_POINT('',#2131);
#738=VERTEX_POINT('',#2134);
#739=VERTEX_POINT('',#2135);
#740=VERTEX_POINT('',#2137);
#741=VERTEX_POINT('',#2142);
#742=VERTEX_POINT('',#2144);
#743=VERTEX_POINT('',#2146);
#744=VERTEX_POINT('',#2148);
#745=VERTEX_POINT('',#2152);
#746=VERTEX_POINT('',#2153);
#747=VERTEX_POINT('',#2155);
#748=VERTEX_POINT('',#2158);
#749=VERTEX_POINT('',#2159);
#750=VERTEX_POINT('',#2161);
#751=VERTEX_POINT('',#2164);
#752=VERTEX_POINT('',#2165);
#753=VERTEX_POINT('',#2167);
#754=VERTEX_POINT('',#2171);
#755=VERTEX_POINT('',#2173);
#756=VERTEX_POINT('',#2175);
#757=VERTEX_POINT('',#2180);
#758=VERTEX_POINT('',#2182);
#759=VERTEX_POINT('',#2187);
#760=VERTEX_POINT('',#2192);
#761=VERTEX_POINT('',#2193);
#762=VERTEX_POINT('',#2196);
#763=VERTEX_POINT('',#2203);
#764=VERTEX_POINT('',#2204);
#765=VERTEX_POINT('',#2206);
#766=VERTEX_POINT('',#2208);
#767=VERTEX_POINT('',#2214);
#768=VERTEX_POINT('',#2216);
#769=VERTEX_POINT('',#2218);
#770=VERTEX_POINT('',#2220);
#771=VERTEX_POINT('',#2223);
#772=VERTEX_POINT('',#2225);
#773=VERTEX_POINT('',#2227);
#774=VERTEX_POINT('',#2229);
#775=VERTEX_POINT('',#2234);
#776=VERTEX_POINT('',#2236);
#777=VERTEX_POINT('',#2238);
#778=VERTEX_POINT('',#2240);
#779=VERTEX_POINT('',#2242);
#780=VERTEX_POINT('',#2244);
#781=VERTEX_POINT('',#2258);
#782=VERTEX_POINT('',#2259);
#783=VERTEX_POINT('',#2261);
#784=VERTEX_POINT('',#2264);
#785=VERTEX_POINT('',#2265);
#786=VERTEX_POINT('',#2267);
#787=VERTEX_POINT('',#2270);
#788=VERTEX_POINT('',#2271);
#789=VERTEX_POINT('',#2273);
#790=VERTEX_POINT('',#2276);
#791=VERTEX_POINT('',#2277);
#792=VERTEX_POINT('',#2279);
#793=VERTEX_POINT('',#2282);
#794=VERTEX_POINT('',#2284);
#795=VERTEX_POINT('',#2286);
#796=VERTEX_POINT('',#2290);
#797=VERTEX_POINT('',#2296);
#798=VERTEX_POINT('',#2297);
#799=VERTEX_POINT('',#2299);
#800=VERTEX_POINT('',#2302);
#801=VERTEX_POINT('',#2303);
#802=VERTEX_POINT('',#2305);
#803=VERTEX_POINT('',#2308);
#804=VERTEX_POINT('',#2309);
#805=VERTEX_POINT('',#2311);
#806=VERTEX_POINT('',#2314);
#807=VERTEX_POINT('',#2315);
#808=VERTEX_POINT('',#2317);
#809=VERTEX_POINT('',#2320);
#810=VERTEX_POINT('',#2322);
#811=VERTEX_POINT('',#2326);
#812=LINE('',#1990,#992);
#813=LINE('',#1993,#993);
#814=LINE('',#1995,#994);
#815=LINE('',#1997,#995);
#816=LINE('',#1999,#996);
#817=LINE('',#2001,#997);
#818=LINE('',#2003,#998);
#819=LINE('',#2005,#999);
#820=LINE('',#2007,#1000);
#821=LINE('',#2009,#1001);
#822=LINE('',#2011,#1002);
#823=LINE('',#2013,#1003);
#824=LINE('',#2015,#1004);
#825=LINE('',#2017,#1005);
#826=LINE('',#2019,#1006);
#827=LINE('',#2021,#1007);
#828=LINE('',#2023,#1008);
#829=LINE('',#2025,#1009);
#830=LINE('',#2027,#1010);
#831=LINE('',#2029,#1011);
#832=LINE('',#2034,#1012);
#833=LINE('',#2035,#1013);
#834=LINE('',#2038,#1014);
#835=LINE('',#2040,#1015);
#836=LINE('',#2042,#1016);
#837=LINE('',#2044,#1017);
#838=LINE('',#2047,#1018);
#839=LINE('',#2049,#1019);
#840=LINE('',#2051,#1020);
#841=LINE('',#2053,#1021);
#842=LINE('',#2055,#1022);
#843=LINE('',#2057,#1023);
#844=LINE('',#2059,#1024);
#845=LINE('',#2061,#1025);
#846=LINE('',#2064,#1026);
#847=LINE('',#2065,#1027);
#848=LINE('',#2066,#1028);
#849=LINE('',#2068,#1029);
#850=LINE('',#2070,#1030);
#851=LINE('',#2072,#1031);
#852=LINE('',#2074,#1032);
#853=LINE('',#2076,#1033);
#854=LINE('',#2077,#1034);
#855=LINE('',#2079,#1035);
#856=LINE('',#2084,#1036);
#857=LINE('',#2085,#1037);
#858=LINE('',#2088,#1038);
#859=LINE('',#2089,#1039);
#860=LINE('',#2094,#1040);
#861=LINE('',#2096,#1041);
#862=LINE('',#2100,#1042);
#863=LINE('',#2102,#1043);
#864=LINE('',#2103,#1044);
#865=LINE('',#2104,#1045);
#866=LINE('',#2106,#1046);
#867=LINE('',#2107,#1047);
#868=LINE('',#2109,#1048);
#869=LINE('',#2111,#1049);
#870=LINE('',#2113,#1050);
#871=LINE('',#2115,#1051);
#872=LINE('',#2118,#1052);
#873=LINE('',#2119,#1053);
#874=LINE('',#2121,#1054);
#875=LINE('',#2126,#1055);
#876=LINE('',#2130,#1056);
#877=LINE('',#2132,#1057);
#878=LINE('',#2136,#1058);
#879=LINE('',#2138,#1059);
#880=LINE('',#2139,#1060);
#881=LINE('',#2140,#1061);
#882=LINE('',#2141,#1062);
#883=LINE('',#2143,#1063);
#884=LINE('',#2145,#1064);
#885=LINE('',#2147,#1065);
#886=LINE('',#2149,#1066);
#887=LINE('',#2154,#1067);
#888=LINE('',#2156,#1068);
#889=LINE('',#2157,#1069);
#890=LINE('',#2162,#1070);
#891=LINE('',#2163,#1071);
#892=LINE('',#2168,#1072);
#893=LINE('',#2169,#1073);
#894=LINE('',#2170,#1074);
#895=LINE('',#2172,#1075);
#896=LINE('',#2174,#1076);
#897=LINE('',#2176,#1077);
#898=LINE('',#2179,#1078);
#899=LINE('',#2181,#1079);
#900=LINE('',#2183,#1080);
#901=LINE('',#2184,#1081);
#902=LINE('',#2186,#1082);
#903=LINE('',#2188,#1083);
#904=LINE('',#2189,#1084);
#905=LINE('',#2191,#1085);
#906=LINE('',#2194,#1086);
#907=LINE('',#2195,#1087);
#908=LINE('',#2197,#1088);
#909=LINE('',#2199,#1089);
#910=LINE('',#2200,#1090);
#911=LINE('',#2202,#1091);
#912=LINE('',#2205,#1092);
#913=LINE('',#2207,#1093);
#914=LINE('',#2209,#1094);
#915=LINE('',#2210,#1095);
#916=LINE('',#2211,#1096);
#917=LINE('',#2219,#1097);
#918=LINE('',#2221,#1098);
#919=LINE('',#2222,#1099);
#920=LINE('',#2224,#1100);
#921=LINE('',#2226,#1101);
#922=LINE('',#2228,#1102);
#923=LINE('',#2230,#1103);
#924=LINE('',#2231,#1104);
#925=LINE('',#2239,#1105);
#926=LINE('',#2241,#1106);
#927=LINE('',#2243,#1107);
#928=LINE('',#2245,#1108);
#929=LINE('',#2246,#1109);
#930=LINE('',#2247,#1110);
#931=LINE('',#2250,#1111);
#932=LINE('',#2251,#1112);
#933=LINE('',#2253,#1113);
#934=LINE('',#2254,#1114);
#935=LINE('',#2257,#1115);
#936=LINE('',#2262,#1116);
#937=LINE('',#2263,#1117);
#938=LINE('',#2268,#1118);
#939=LINE('',#2269,#1119);
#940=LINE('',#2274,#1120);
#941=LINE('',#2278,#1121);
#942=LINE('',#2280,#1122);
#943=LINE('',#2283,#1123);
#944=LINE('',#2285,#1124);
#945=LINE('',#2287,#1125);
#946=LINE('',#2289,#1126);
#947=LINE('',#2291,#1127);
#948=LINE('',#2293,#1128);
#949=LINE('',#2298,#1129);
#950=LINE('',#2300,#1130);
#951=LINE('',#2304,#1131);
#952=LINE('',#2306,#1132);
#953=LINE('',#2310,#1133);
#954=LINE('',#2312,#1134);
#955=LINE('',#2313,#1135);
#956=LINE('',#2318,#1136);
#957=LINE('',#2321,#1137);
#958=LINE('',#2323,#1138);
#959=LINE('',#2325,#1139);
#960=LINE('',#2327,#1140);
#961=LINE('',#2330,#1141);
#962=LINE('',#2331,#1142);
#963=LINE('',#2334,#1143);
#964=LINE('',#2335,#1144);
#965=LINE('',#2337,#1145);
#966=LINE('',#2340,#1146);
#967=LINE('',#2341,#1147);
#968=LINE('',#2343,#1148);
#969=LINE('',#2346,#1149);
#970=LINE('',#2347,#1150);
#971=LINE('',#2349,#1151);
#972=LINE('',#2352,#1152);
#973=LINE('',#2353,#1153);
#974=LINE('',#2355,#1154);
#975=LINE('',#2362,#1155);
#976=LINE('',#2364,#1156);
#977=LINE('',#2368,#1157);
#978=LINE('',#2369,#1158);
#979=LINE('',#2371,#1159);
#980=LINE('',#2374,#1160);
#981=LINE('',#2375,#1161);
#982=LINE('',#2377,#1162);
#983=LINE('',#2380,#1163);
#984=LINE('',#2381,#1164);
#985=LINE('',#2383,#1165);
#986=LINE('',#2389,#1166);
#987=LINE('',#2390,#1167);
#988=LINE('',#2392,#1168);
#989=LINE('',#2395,#1169);
#990=LINE('',#2396,#1170);
#991=LINE('',#2398,#1171);
#992=VECTOR('',#1618,1.);
#993=VECTOR('',#1619,1.);
#994=VECTOR('',#1620,1.);
#995=VECTOR('',#1621,1.);
#996=VECTOR('',#1622,1.);
#997=VECTOR('',#1623,1.);
#998=VECTOR('',#1626,1.);
#999=VECTOR('',#1627,1.);
#1000=VECTOR('',#1628,1.);
#1001=VECTOR('',#1629,1.);
#1002=VECTOR('',#1630,1.);
#1003=VECTOR('',#1633,1.);
#1004=VECTOR('',#1634,1.);
#1005=VECTOR('',#1635,1.);
#1006=VECTOR('',#1636,1.);
#1007=VECTOR('',#1639,1.);
#1008=VECTOR('',#1640,1.);
#1009=VECTOR('',#1641,1.);
#1010=VECTOR('',#1642,1.);
#1011=VECTOR('',#1645,1.);
#1012=VECTOR('',#1648,1.);
#1013=VECTOR('',#1649,1.);
#1014=VECTOR('',#1650,1.);
#1015=VECTOR('',#1651,1.);
#1016=VECTOR('',#1652,1.);
#1017=VECTOR('',#1655,1.);
#1018=VECTOR('',#1656,1.);
#1019=VECTOR('',#1657,1.);
#1020=VECTOR('',#1658,1.);
#1021=VECTOR('',#1659,1.);
#1022=VECTOR('',#1660,1.);
#1023=VECTOR('',#1661,1.);
#1024=VECTOR('',#1662,1.);
#1025=VECTOR('',#1665,1.);
#1026=VECTOR('',#1666,1.);
#1027=VECTOR('',#1667,1.);
#1028=VECTOR('',#1668,1.);
#1029=VECTOR('',#1669,1.);
#1030=VECTOR('',#1670,1.);
#1031=VECTOR('',#1671,1.);
#1032=VECTOR('',#1672,1.);
#1033=VECTOR('',#1673,1.);
#1034=VECTOR('',#1674,1.);
#1035=VECTOR('',#1677,1.);
#1036=VECTOR('',#1680,1.);
#1037=VECTOR('',#1681,1.);
#1038=VECTOR('',#1682,1.);
#1039=VECTOR('',#1683,1.);
#1040=VECTOR('',#1688,1.);
#1041=VECTOR('',#1689,1.);
#1042=VECTOR('',#1692,1.);
#1043=VECTOR('',#1693,1.);
#1044=VECTOR('',#1694,1.);
#1045=VECTOR('',#1695,1.);
#1046=VECTOR('',#1696,1.);
#1047=VECTOR('',#1697,1.);
#1048=VECTOR('',#1698,1.);
#1049=VECTOR('',#1699,1.);
#1050=VECTOR('',#1700,1.);
#1051=VECTOR('',#1703,1.);
#1052=VECTOR('',#1704,1.);
#1053=VECTOR('',#1705,1.);
#1054=VECTOR('',#1708,1.);
#1055=VECTOR('',#1711,1.);
#1056=VECTOR('',#1714,1.);
#1057=VECTOR('',#1715,1.);
#1058=VECTOR('',#1718,1.);
#1059=VECTOR('',#1719,1.);
#1060=VECTOR('',#1720,1.);
#1061=VECTOR('',#1721,1.);
#1062=VECTOR('',#1722,1.);
#1063=VECTOR('',#1723,1.);
#1064=VECTOR('',#1724,1.);
#1065=VECTOR('',#1725,1.);
#1066=VECTOR('',#1726,1.);
#1067=VECTOR('',#1731,1.);
#1068=VECTOR('',#1732,1.);
#1069=VECTOR('',#1733,1.);
#1070=VECTOR('',#1736,1.);
#1071=VECTOR('',#1737,1.);
#1072=VECTOR('',#1740,1.);
#1073=VECTOR('',#1741,1.);
#1074=VECTOR('',#1742,1.);
#1075=VECTOR('',#1743,1.);
#1076=VECTOR('',#1744,1.);
#1077=VECTOR('',#1745,1.);
#1078=VECTOR('',#1750,1.);
#1079=VECTOR('',#1751,1.);
#1080=VECTOR('',#1752,1.);
#1081=VECTOR('',#1753,1.);
#1082=VECTOR('',#1756,1.);
#1083=VECTOR('',#1757,1.);
#1084=VECTOR('',#1758,1.);
#1085=VECTOR('',#1761,1.);
#1086=VECTOR('',#1762,1.);
#1087=VECTOR('',#1763,1.);
#1088=VECTOR('',#1764,1.);
#1089=VECTOR('',#1767,1.);
#1090=VECTOR('',#1768,1.);
#1091=VECTOR('',#1771,1.);
#1092=VECTOR('',#1772,1.);
#1093=VECTOR('',#1773,1.);
#1094=VECTOR('',#1774,1.);
#1095=VECTOR('',#1775,1.);
#1096=VECTOR('',#1776,1.);
#1097=VECTOR('',#1785,1.);
#1098=VECTOR('',#1786,1.);
#1099=VECTOR('',#1787,1.);
#1100=VECTOR('',#1788,1.);
#1101=VECTOR('',#1789,1.);
#1102=VECTOR('',#1790,1.);
#1103=VECTOR('',#1791,1.);
#1104=VECTOR('',#1792,1.);
#1105=VECTOR('',#1801,1.);
#1106=VECTOR('',#1802,1.);
#1107=VECTOR('',#1803,1.);
#1108=VECTOR('',#1804,1.);
#1109=VECTOR('',#1805,1.);
#1110=VECTOR('',#1806,1.);
#1111=VECTOR('',#1811,1.);
#1112=VECTOR('',#1812,1.);
#1113=VECTOR('',#1815,1.);
#1114=VECTOR('',#1816,1.);
#1115=VECTOR('',#1821,1.);
#1116=VECTOR('',#1824,1.);
#1117=VECTOR('',#1825,1.);
#1118=VECTOR('',#1828,1.);
#1119=VECTOR('',#1829,1.);
#1120=VECTOR('',#1832,1.);
#1121=VECTOR('',#1835,1.);
#1122=VECTOR('',#1836,1.);
#1123=VECTOR('',#1839,1.);
#1124=VECTOR('',#1840,1.);
#1125=VECTOR('',#1841,1.);
#1126=VECTOR('',#1844,1.);
#1127=VECTOR('',#1845,1.);
#1128=VECTOR('',#1848,1.);
#1129=VECTOR('',#1853,1.);
#1130=VECTOR('',#1854,1.);
#1131=VECTOR('',#1857,1.);
#1132=VECTOR('',#1858,1.);
#1133=VECTOR('',#1861,1.);
#1134=VECTOR('',#1862,1.);
#1135=VECTOR('',#1863,1.);
#1136=VECTOR('',#1866,1.);
#1137=VECTOR('',#1869,1.);
#1138=VECTOR('',#1870,1.);
#1139=VECTOR('',#1873,1.);
#1140=VECTOR('',#1874,1.);
#1141=VECTOR('',#1879,1.);
#1142=VECTOR('',#1880,1.);
#1143=VECTOR('',#1885,1.);
#1144=VECTOR('',#1886,1.);
#1145=VECTOR('',#1889,1.);
#1146=VECTOR('',#1894,1.);
#1147=VECTOR('',#1895,1.);
#1148=VECTOR('',#1898,1.);
#1149=VECTOR('',#1903,1.);
#1150=VECTOR('',#1904,1.);
#1151=VECTOR('',#1907,1.);
#1152=VECTOR('',#1912,1.);
#1153=VECTOR('',#1913,1.);
#1154=VECTOR('',#1916,1.);
#1155=VECTOR('',#1929,1.);
#1156=VECTOR('',#1932,1.);
#1157=VECTOR('',#1939,1.);
#1158=VECTOR('',#1940,1.);
#1159=VECTOR('',#1943,1.);
#1160=VECTOR('',#1948,1.);
#1161=VECTOR('',#1949,1.);
#1162=VECTOR('',#1952,1.);
#1163=VECTOR('',#1957,1.);
#1164=VECTOR('',#1958,1.);
#1165=VECTOR('',#1961,1.);
#1166=VECTOR('',#1972,1.);
#1167=VECTOR('',#1973,1.);
#1168=VECTOR('',#1976,1.);
#1169=VECTOR('',#1981,1.);
#1170=VECTOR('',#1982,1.);
#1171=VECTOR('',#1985,1.);
#1172=EDGE_LOOP('',(#59,#60,#61,#62,#63,#64));
#1173=EDGE_LOOP('',(#65,#66,#67,#68,#69,#70));
#1174=EDGE_LOOP('',(#71,#72,#73,#74));
#1175=EDGE_LOOP('',(#75,#76,#77,#78));
#1176=EDGE_LOOP('',(#79,#80,#81));
#1177=EDGE_LOOP('',(#82,#83,#84,#85));
#1178=EDGE_LOOP('',(#86,#87,#88,#89,#90,#91,#92,#93));
#1179=EDGE_LOOP('',(#94,#95,#96,#97,#98,#99,#100,#101,#102,#103,#104,#105,
#106));
#1180=EDGE_LOOP('',(#107,#108,#109));
#1181=EDGE_LOOP('',(#110,#111,#112,#113));
#1182=EDGE_LOOP('',(#114,#115,#116));
#1183=EDGE_LOOP('',(#117,#118,#119));
#1184=EDGE_LOOP('',(#120,#121,#122,#123,#124,#125,#126,#127,#128,#129));
#1185=EDGE_LOOP('',(#130,#131,#132,#133));
#1186=EDGE_LOOP('',(#134,#135,#136));
#1187=EDGE_LOOP('',(#137,#138,#139));
#1188=EDGE_LOOP('',(#140,#141,#142));
#1189=EDGE_LOOP('',(#143,#144,#145,#146,#147,#148,#149,#150,#151,#152));
#1190=EDGE_LOOP('',(#153,#154,#155));
#1191=EDGE_LOOP('',(#156,#157,#158));
#1192=EDGE_LOOP('',(#159,#160,#161));
#1193=EDGE_LOOP('',(#162,#163,#164,#165,#166,#167,#168));
#1194=EDGE_LOOP('',(#169,#170,#171,#172));
#1195=EDGE_LOOP('',(#173,#174,#175,#176));
#1196=EDGE_LOOP('',(#177,#178,#179,#180,#181,#182,#183,#184));
#1197=EDGE_LOOP('',(#185,#186,#187,#188,#189,#190,#191,#192));
#1198=EDGE_LOOP('',(#193,#194,#195,#196));
#1199=EDGE_LOOP('',(#197,#198,#199,#200));
#1200=EDGE_LOOP('',(#201,#202,#203,#204,#205,#206,#207,#208));
#1201=EDGE_LOOP('',(#209));
#1202=EDGE_LOOP('',(#210));
#1203=EDGE_LOOP('',(#211));
#1204=EDGE_LOOP('',(#212,#213,#214,#215,#216,#217,#218,#219,#220,#221,#222,
#223));
#1205=EDGE_LOOP('',(#224));
#1206=EDGE_LOOP('',(#225));
#1207=EDGE_LOOP('',(#226));
#1208=EDGE_LOOP('',(#227,#228,#229,#230,#231,#232,#233,#234,#235,#236));
#1209=EDGE_LOOP('',(#237,#238,#239,#240));
#1210=EDGE_LOOP('',(#241,#242,#243,#244));
#1211=EDGE_LOOP('',(#245,#246,#247,#248));
#1212=EDGE_LOOP('',(#249,#250,#251,#252,#253,#254,#255,#256));
#1213=EDGE_LOOP('',(#257,#258,#259,#260));
#1214=EDGE_LOOP('',(#261,#262,#263,#264));
#1215=EDGE_LOOP('',(#265,#266,#267));
#1216=EDGE_LOOP('',(#268,#269,#270));
#1217=EDGE_LOOP('',(#271,#272,#273));
#1218=EDGE_LOOP('',(#274,#275,#276));
#1219=EDGE_LOOP('',(#277));
#1220=EDGE_LOOP('',(#278,#279,#280,#281));
#1221=EDGE_LOOP('',(#282,#283,#284,#285));
#1222=EDGE_LOOP('',(#286,#287,#288,#289));
#1223=EDGE_LOOP('',(#290,#291,#292));
#1224=EDGE_LOOP('',(#293,#294,#295));
#1225=EDGE_LOOP('',(#296,#297,#298));
#1226=EDGE_LOOP('',(#299,#300,#301));
#1227=EDGE_LOOP('',(#302));
#1228=EDGE_LOOP('',(#303,#304,#305,#306));
#1229=EDGE_LOOP('',(#307,#308,#309,#310,#311));
#1230=EDGE_LOOP('',(#312));
#1231=EDGE_LOOP('',(#313));
#1232=EDGE_LOOP('',(#314,#315,#316,#317));
#1233=EDGE_LOOP('',(#318,#319,#320,#321,#322,#323));
#1234=EDGE_LOOP('',(#324,#325,#326,#327));
#1235=EDGE_LOOP('',(#328,#329,#330,#331));
#1236=EDGE_LOOP('',(#332,#333,#334,#335));
#1237=EDGE_LOOP('',(#336,#337,#338,#339));
#1238=EDGE_LOOP('',(#340,#341,#342,#343));
#1239=EDGE_LOOP('',(#344,#345,#346,#347));
#1240=EDGE_LOOP('',(#348,#349,#350,#351));
#1241=EDGE_LOOP('',(#352,#353,#354,#355));
#1242=EDGE_LOOP('',(#356,#357,#358,#359));
#1243=EDGE_LOOP('',(#360,#361,#362,#363));
#1244=EDGE_LOOP('',(#364,#365,#366,#367));
#1245=EDGE_LOOP('',(#368,#369,#370,#371));
#1246=EDGE_LOOP('',(#372,#373,#374,#375));
#1247=EDGE_LOOP('',(#376,#377,#378,#379));
#1248=EDGE_LOOP('',(#380,#381,#382,#383));
#1249=EDGE_LOOP('',(#384,#385,#386,#387));
#1250=EDGE_LOOP('',(#388,#389,#390,#391));
#1251=EDGE_LOOP('',(#392,#393,#394,#395,#396,#397));
#1252=EDGE_LOOP('',(#398,#399,#400,#401));
#1253=EDGE_LOOP('',(#402,#403,#404));
#1254=EDGE_LOOP('',(#405,#406,#407,#408));
#1255=EDGE_LOOP('',(#409,#410,#411,#412));
#1256=EDGE_LOOP('',(#413,#414,#415,#416));
#1257=EDGE_LOOP('',(#417,#418,#419,#420));
#1258=EDGE_LOOP('',(#421,#422,#423,#424));
#1259=EDGE_LOOP('',(#425,#426,#427,#428));
#1260=EDGE_LOOP('',(#429,#430,#431,#432));
#1261=EDGE_LOOP('',(#433,#434,#435,#436));
#1262=EDGE_LOOP('',(#437,#438,#439,#440));
#1263=EDGE_LOOP('',(#441));
#1264=EDGE_LOOP('',(#442));
#1265=EDGE_LOOP('',(#443));
#1266=EDGE_LOOP('',(#444));
#1267=EDGE_LOOP('',(#445));
#1268=EDGE_LOOP('',(#446));
#1269=EDGE_LOOP('',(#447,#448,#449,#450));
#1270=EDGE_LOOP('',(#451,#452,#453,#454));
#1271=EDGE_LOOP('',(#455,#456,#457,#458));
#1272=EDGE_LOOP('',(#459,#460,#461,#462));
#1273=EDGE_LOOP('',(#463,#464,#465,#466));
#1274=EDGE_LOOP('',(#467,#468,#469,#470));
#1275=FACE_BOUND('',#1172,.T.);
#1276=FACE_BOUND('',#1173,.T.);
#1277=FACE_BOUND('',#1174,.T.);
#1278=FACE_BOUND('',#1175,.T.);
#1279=FACE_BOUND('',#1176,.T.);
#1280=FACE_BOUND('',#1177,.T.);
#1281=FACE_BOUND('',#1178,.T.);
#1282=FACE_BOUND('',#1179,.T.);
#1283=FACE_BOUND('',#1180,.T.);
#1284=FACE_BOUND('',#1181,.T.);
#1285=FACE_BOUND('',#1182,.T.);
#1286=FACE_BOUND('',#1183,.T.);
#1287=FACE_BOUND('',#1184,.T.);
#1288=FACE_BOUND('',#1185,.T.);
#1289=FACE_BOUND('',#1186,.T.);
#1290=FACE_BOUND('',#1187,.T.);
#1291=FACE_BOUND('',#1188,.T.);
#1292=FACE_BOUND('',#1189,.T.);
#1293=FACE_BOUND('',#1190,.T.);
#1294=FACE_BOUND('',#1191,.T.);
#1295=FACE_BOUND('',#1192,.T.);
#1296=FACE_BOUND('',#1193,.T.);
#1297=FACE_BOUND('',#1194,.T.);
#1298=FACE_BOUND('',#1195,.T.);
#1299=FACE_BOUND('',#1196,.T.);
#1300=FACE_BOUND('',#1197,.T.);
#1301=FACE_BOUND('',#1198,.T.);
#1302=FACE_BOUND('',#1199,.T.);
#1303=FACE_BOUND('',#1200,.T.);
#1304=FACE_BOUND('',#1201,.T.);
#1305=FACE_BOUND('',#1202,.T.);
#1306=FACE_BOUND('',#1203,.T.);
#1307=FACE_BOUND('',#1204,.T.);
#1308=FACE_BOUND('',#1205,.T.);
#1309=FACE_BOUND('',#1206,.T.);
#1310=FACE_BOUND('',#1207,.T.);
#1311=FACE_BOUND('',#1208,.T.);
#1312=FACE_BOUND('',#1209,.T.);
#1313=FACE_BOUND('',#1210,.T.);
#1314=FACE_BOUND('',#1211,.T.);
#1315=FACE_BOUND('',#1212,.T.);
#1316=FACE_BOUND('',#1213,.T.);
#1317=FACE_BOUND('',#1214,.T.);
#1318=FACE_BOUND('',#1215,.T.);
#1319=FACE_BOUND('',#1216,.T.);
#1320=FACE_BOUND('',#1217,.T.);
#1321=FACE_BOUND('',#1218,.T.);
#1322=FACE_BOUND('',#1219,.T.);
#1323=FACE_BOUND('',#1220,.T.);
#1324=FACE_BOUND('',#1221,.T.);
#1325=FACE_BOUND('',#1222,.T.);
#1326=FACE_BOUND('',#1223,.T.);
#1327=FACE_BOUND('',#1224,.T.);
#1328=FACE_BOUND('',#1225,.T.);
#1329=FACE_BOUND('',#1226,.T.);
#1330=FACE_BOUND('',#1227,.T.);
#1331=FACE_BOUND('',#1228,.T.);
#1332=FACE_BOUND('',#1229,.T.);
#1333=FACE_BOUND('',#1230,.T.);
#1334=FACE_BOUND('',#1231,.T.);
#1335=FACE_BOUND('',#1232,.T.);
#1336=FACE_BOUND('',#1233,.T.);
#1337=FACE_BOUND('',#1234,.T.);
#1338=FACE_BOUND('',#1235,.T.);
#1339=FACE_BOUND('',#1236,.T.);
#1340=FACE_BOUND('',#1237,.T.);
#1341=FACE_BOUND('',#1238,.T.);
#1342=FACE_BOUND('',#1239,.T.);
#1343=FACE_BOUND('',#1240,.T.);
#1344=FACE_BOUND('',#1241,.T.);
#1345=FACE_BOUND('',#1242,.T.);
#1346=FACE_BOUND('',#1243,.T.);
#1347=FACE_BOUND('',#1244,.T.);
#1348=FACE_BOUND('',#1245,.T.);
#1349=FACE_BOUND('',#1246,.T.);
#1350=FACE_BOUND('',#1247,.T.);
#1351=FACE_BOUND('',#1248,.T.);
#1352=FACE_BOUND('',#1249,.T.);
#1353=FACE_BOUND('',#1250,.T.);
#1354=FACE_BOUND('',#1251,.T.);
#1355=FACE_BOUND('',#1252,.T.);
#1356=FACE_BOUND('',#1253,.T.);
#1357=FACE_BOUND('',#1254,.T.);
#1358=FACE_BOUND('',#1255,.T.);
#1359=FACE_BOUND('',#1256,.T.);
#1360=FACE_BOUND('',#1257,.T.);
#1361=FACE_BOUND('',#1258,.T.);
#1362=FACE_BOUND('',#1259,.T.);
#1363=FACE_BOUND('',#1260,.T.);
#1364=FACE_BOUND('',#1261,.T.);
#1365=FACE_BOUND('',#1262,.T.);
#1366=FACE_BOUND('',#1263,.T.);
#1367=FACE_BOUND('',#1264,.T.);
#1368=FACE_BOUND('',#1265,.T.);
#1369=FACE_BOUND('',#1266,.T.);
#1370=FACE_BOUND('',#1267,.T.);
#1371=FACE_BOUND('',#1268,.T.);
#1372=FACE_BOUND('',#1269,.T.);
#1373=FACE_BOUND('',#1270,.T.);
#1374=FACE_BOUND('',#1271,.T.);
#1375=FACE_BOUND('',#1272,.T.);
#1376=FACE_BOUND('',#1273,.T.);
#1377=FACE_BOUND('',#1274,.T.);
#1378=PLANE('',#1518);
#1379=PLANE('',#1519);
#1380=PLANE('',#1520);
#1381=PLANE('',#1521);
#1382=PLANE('',#1522);
#1383=PLANE('',#1524);
#1384=PLANE('',#1525);
#1385=PLANE('',#1526);
#1386=PLANE('',#1528);
#1387=PLANE('',#1531);
#1388=PLANE('',#1532);
#1389=PLANE('',#1536);
#1390=PLANE('',#1540);
#1391=PLANE('',#1541);
#1392=PLANE('',#1542);
#1393=PLANE('',#1543);
#1394=PLANE('',#1544);
#1395=PLANE('',#1545);
#1396=PLANE('',#1546);
#1397=PLANE('',#1550);
#1398=PLANE('',#1554);
#1399=PLANE('',#1555);
#1400=PLANE('',#1556);
#1401=PLANE('',#1557);
#1402=PLANE('',#1558);
#1403=PLANE('',#1564);
#1404=PLANE('',#1565);
#1405=PLANE('',#1566);
#1406=PLANE('',#1572);
#1407=PLANE('',#1574);
#1408=PLANE('',#1575);
#1409=PLANE('',#1577);
#1410=PLANE('',#1578);
#1411=PLANE('',#1579);
#1412=PLANE('',#1581);
#1413=PLANE('',#1582);
#1414=PLANE('',#1584);
#1415=PLANE('',#1585);
#1416=PLANE('',#1587);
#1417=PLANE('',#1588);
#1418=PLANE('',#1589);
#1419=PLANE('',#1590);
#1420=PLANE('',#1591);
#1421=PLANE('',#1592);
#1422=PLANE('',#1593);
#1423=PLANE('',#1594);
#1424=PLANE('',#1595);
#1425=PLANE('',#1597);
#1426=PLANE('',#1598);
#1427=PLANE('',#1600);
#1428=PLANE('',#1601);
#1429=PLANE('',#1602);
#1430=PLANE('',#1604);
#1431=PLANE('',#1609);
#1432=PLANE('',#1610);
#1433=PLANE('',#1612);
#1434=PLANE('',#1613);
#1435=ADVANCED_FACE('',(#1275),#1378,.F.);
#1436=ADVANCED_FACE('',(#1276),#1379,.F.);
#1437=ADVANCED_FACE('',(#1277),#1380,.F.);
#1438=ADVANCED_FACE('',(#1278),#1381,.F.);
#1439=ADVANCED_FACE('',(#1279,#1280),#1382,.F.);
#1440=ADVANCED_FACE('',(#1281),#1383,.T.);
#1441=ADVANCED_FACE('',(#1282),#1384,.T.);
#1442=ADVANCED_FACE('',(#1283,#1284),#1385,.F.);
#1443=ADVANCED_FACE('',(#1285,#1286,#1287),#1386,.T.);
#1444=ADVANCED_FACE('',(#1288),#1387,.F.);
#1445=ADVANCED_FACE('',(#1289,#1290,#1291,#1292),#1388,.T.);
#1446=ADVANCED_FACE('',(#1293,#1294,#1295,#1296),#1389,.F.);
#1447=ADVANCED_FACE('',(#1297,#1298),#1390,.F.);
#1448=ADVANCED_FACE('',(#1299),#1391,.T.);
#1449=ADVANCED_FACE('',(#1300),#1392,.T.);
#1450=ADVANCED_FACE('',(#1301),#1393,.F.);
#1451=ADVANCED_FACE('',(#1302),#1394,.F.);
#1452=ADVANCED_FACE('',(#1303),#1395,.T.);
#1453=ADVANCED_FACE('',(#1304,#1305,#1306,#1307),#1396,.T.);
#1454=ADVANCED_FACE('',(#1308,#1309,#1310,#1311),#1397,.F.);
#1455=ADVANCED_FACE('',(#1312,#1313),#1398,.T.);
#1456=ADVANCED_FACE('',(#1314),#1399,.F.);
#1457=ADVANCED_FACE('',(#1315),#1400,.T.);
#1458=ADVANCED_FACE('',(#1316,#1317),#1401,.F.);
#1459=ADVANCED_FACE('',(#1318,#1319,#1320,#1321,#1322,#1323),#1402,.T.);
#1460=ADVANCED_FACE('',(#1324),#1403,.T.);
#1461=ADVANCED_FACE('',(#1325),#1404,.F.);
#1462=ADVANCED_FACE('',(#1326,#1327,#1328,#1329,#1330,#1331),#1405,.F.);
#1463=ADVANCED_FACE('',(#1332),#1406,.T.);
#1464=ADVANCED_FACE('',(#1333,#1334),#20,.F.);
#1465=ADVANCED_FACE('',(#1335),#1407,.F.);
#1466=ADVANCED_FACE('',(#1336),#1408,.T.);
#1467=ADVANCED_FACE('',(#1337),#21,.F.);
#1468=ADVANCED_FACE('',(#1338),#1409,.F.);
#1469=ADVANCED_FACE('',(#1339),#1410,.F.);
#1470=ADVANCED_FACE('',(#1340),#1411,.F.);
#1471=ADVANCED_FACE('',(#1341),#22,.F.);
#1472=ADVANCED_FACE('',(#1342),#1412,.F.);
#1473=ADVANCED_FACE('',(#1343),#1413,.F.);
#1474=ADVANCED_FACE('',(#1344),#23,.F.);
#1475=ADVANCED_FACE('',(#1345),#1414,.F.);
#1476=ADVANCED_FACE('',(#1346),#1415,.F.);
#1477=ADVANCED_FACE('',(#1347),#24,.F.);
#1478=ADVANCED_FACE('',(#1348),#1416,.F.);
#1479=ADVANCED_FACE('',(#1349),#1417,.T.);
#1480=ADVANCED_FACE('',(#1350),#1418,.T.);
#1481=ADVANCED_FACE('',(#1351),#1419,.F.);
#1482=ADVANCED_FACE('',(#1352),#1420,.T.);
#1483=ADVANCED_FACE('',(#1353),#1421,.T.);
#1484=ADVANCED_FACE('',(#1354),#1422,.F.);
#1485=ADVANCED_FACE('',(#1355),#1423,.T.);
#1486=ADVANCED_FACE('',(#1356),#1424,.F.);
#1487=ADVANCED_FACE('',(#1357),#25,.F.);
#1488=ADVANCED_FACE('',(#1358),#1425,.F.);
#1489=ADVANCED_FACE('',(#1359),#1426,.F.);
#1490=ADVANCED_FACE('',(#1360),#26,.F.);
#1491=ADVANCED_FACE('',(#1361),#1427,.F.);
#1492=ADVANCED_FACE('',(#1362),#1428,.F.);
#1493=ADVANCED_FACE('',(#1363),#1429,.F.);
#1494=ADVANCED_FACE('',(#1364),#27,.F.);
#1495=ADVANCED_FACE('',(#1365),#1430,.F.);
#1496=ADVANCED_FACE('',(#1366,#1367),#28,.F.);
#1497=ADVANCED_FACE('',(#1368,#1369),#29,.F.);
#1498=ADVANCED_FACE('',(#1370,#1371),#30,.F.);
#1499=ADVANCED_FACE('',(#1372),#31,.F.);
#1500=ADVANCED_FACE('',(#1373),#1431,.F.);
#1501=ADVANCED_FACE('',(#1374),#1432,.F.);
#1502=ADVANCED_FACE('',(#1375),#32,.F.);
#1503=ADVANCED_FACE('',(#1376),#1433,.F.);
#1504=ADVANCED_FACE('',(#1377),#1434,.F.);
#1505=CLOSED_SHELL('',(#1435,#1436,#1437,#1438,#1439,#1440,#1441,#1442,
#1443,#1444,#1445,#1446,#1447,#1448,#1449,#1450,#1451,#1452,#1453,#1454,
#1455,#1456,#1457,#1458,#1459,#1460,#1461,#1462,#1463,#1464,#1465,#1466,
#1467,#1468,#1469,#1470,#1471,#1472,#1473,#1474,#1475,#1476,#1477,#1478,
#1479,#1480,#1481,#1482,#1483,#1484,#1485,#1486,#1487,#1488,#1489,#1490,
#1491,#1492,#1493,#1494,#1495,#1496,#1497,#1498,#1499,#1500,#1501,#1502,
#1503,#1504));
#1506=STYLED_ITEM('',(#1507),#1514);
#1507=PRESENTATION_STYLE_ASSIGNMENT((#1508));
#1508=SURFACE_STYLE_USAGE(.BOTH.,#1509);
#1509=SURFACE_SIDE_STYLE('',(#1510));
#1510=SURFACE_STYLE_FILL_AREA(#1511);
#1511=FILL_AREA_STYLE('',(#1512));
#1512=FILL_AREA_STYLE_COLOUR('',#1513);
#1513=COLOUR_RGB('',0.901960784313726,0.87843137254902,0.811764705882353);
#1514=MANIFOLD_SOLID_BREP('Left Corner Bracket',#1505);
#1515=SHAPE_DEFINITION_REPRESENTATION(#2406,#1516);
#1516=SHAPE_REPRESENTATION('Left Corner Bracket',(#1517),#2401);
#1517=AXIS2_PLACEMENT_3D('',#1988,#1614,#1615);
#1518=AXIS2_PLACEMENT_3D('',#1989,#1616,#1617);
#1519=AXIS2_PLACEMENT_3D('',#2002,#1624,#1625);
#1520=AXIS2_PLACEMENT_3D('',#2012,#1631,#1632);
#1521=AXIS2_PLACEMENT_3D('',#2020,#1637,#1638);
#1522=AXIS2_PLACEMENT_3D('',#2028,#1643,#1644);
#1523=AXIS2_PLACEMENT_3D('',#2032,#1646,#1647);
#1524=AXIS2_PLACEMENT_3D('',#2043,#1653,#1654);
#1525=AXIS2_PLACEMENT_3D('',#2060,#1663,#1664);
#1526=AXIS2_PLACEMENT_3D('',#2078,#1675,#1676);
#1527=AXIS2_PLACEMENT_3D('',#2082,#1678,#1679);
#1528=AXIS2_PLACEMENT_3D('',#2090,#1684,#1685);
#1529=AXIS2_PLACEMENT_3D('',#2091,#1686,#1687);
#1530=AXIS2_PLACEMENT_3D('',#2097,#1690,#1691);
#1531=AXIS2_PLACEMENT_3D('',#2114,#1701,#1702);
#1532=AXIS2_PLACEMENT_3D('',#2120,#1706,#1707);
#1533=AXIS2_PLACEMENT_3D('',#2124,#1709,#1710);
#1534=AXIS2_PLACEMENT_3D('',#2127,#1712,#1713);
#1535=AXIS2_PLACEMENT_3D('',#2133,#1716,#1717);
#1536=AXIS2_PLACEMENT_3D('',#2150,#1727,#1728);
#1537=AXIS2_PLACEMENT_3D('',#2151,#1729,#1730);
#1538=AXIS2_PLACEMENT_3D('',#2160,#1734,#1735);
#1539=AXIS2_PLACEMENT_3D('',#2166,#1738,#1739);
#1540=AXIS2_PLACEMENT_3D('',#2177,#1746,#1747);
#1541=AXIS2_PLACEMENT_3D('',#2178,#1748,#1749);
#1542=AXIS2_PLACEMENT_3D('',#2185,#1754,#1755);
#1543=AXIS2_PLACEMENT_3D('',#2190,#1759,#1760);
#1544=AXIS2_PLACEMENT_3D('',#2198,#1765,#1766);
#1545=AXIS2_PLACEMENT_3D('',#2201,#1769,#1770);
#1546=AXIS2_PLACEMENT_3D('',#2212,#1777,#1778);
#1547=AXIS2_PLACEMENT_3D('',#2213,#1779,#1780);
#1548=AXIS2_PLACEMENT_3D('',#2215,#1781,#1782);
#1549=AXIS2_PLACEMENT_3D('',#2217,#1783,#1784);
#1550=AXIS2_PLACEMENT_3D('',#2232,#1793,#1794);
#1551=AXIS2_PLACEMENT_3D('',#2233,#1795,#1796);
#1552=AXIS2_PLACEMENT_3D('',#2235,#1797,#1798);
#1553=AXIS2_PLACEMENT_3D('',#2237,#1799,#1800);
#1554=AXIS2_PLACEMENT_3D('',#2248,#1807,#1808);
#1555=AXIS2_PLACEMENT_3D('',#2249,#1809,#1810);
#1556=AXIS2_PLACEMENT_3D('',#2252,#1813,#1814);
#1557=AXIS2_PLACEMENT_3D('',#2255,#1817,#1818);
#1558=AXIS2_PLACEMENT_3D('',#2256,#1819,#1820);
#1559=AXIS2_PLACEMENT_3D('',#2260,#1822,#1823);
#1560=AXIS2_PLACEMENT_3D('',#2266,#1826,#1827);
#1561=AXIS2_PLACEMENT_3D('',#2272,#1830,#1831);
#1562=AXIS2_PLACEMENT_3D('',#2275,#1833,#1834);
#1563=AXIS2_PLACEMENT_3D('',#2281,#1837,#1838);
#1564=AXIS2_PLACEMENT_3D('',#2288,#1842,#1843);
#1565=AXIS2_PLACEMENT_3D('',#2292,#1846,#1847);
#1566=AXIS2_PLACEMENT_3D('',#2294,#1849,#1850);
#1567=AXIS2_PLACEMENT_3D('',#2295,#1851,#1852);
#1568=AXIS2_PLACEMENT_3D('',#2301,#1855,#1856);
#1569=AXIS2_PLACEMENT_3D('',#2307,#1859,#1860);
#1570=AXIS2_PLACEMENT_3D('',#2316,#1864,#1865);
#1571=AXIS2_PLACEMENT_3D('',#2319,#1867,#1868);
#1572=AXIS2_PLACEMENT_3D('',#2324,#1871,#1872);
#1573=AXIS2_PLACEMENT_3D('',#2328,#1875,#1876);
#1574=AXIS2_PLACEMENT_3D('',#2329,#1877,#1878);
#1575=AXIS2_PLACEMENT_3D('',#2332,#1881,#1882);
#1576=AXIS2_PLACEMENT_3D('',#2333,#1883,#1884);
#1577=AXIS2_PLACEMENT_3D('',#2336,#1887,#1888);
#1578=AXIS2_PLACEMENT_3D('',#2338,#1890,#1891);
#1579=AXIS2_PLACEMENT_3D('',#2339,#1892,#1893);
#1580=AXIS2_PLACEMENT_3D('',#2342,#1896,#1897);
#1581=AXIS2_PLACEMENT_3D('',#2344,#1899,#1900);
#1582=AXIS2_PLACEMENT_3D('',#2345,#1901,#1902);
#1583=AXIS2_PLACEMENT_3D('',#2348,#1905,#1906);
#1584=AXIS2_PLACEMENT_3D('',#2350,#1908,#1909);
#1585=AXIS2_PLACEMENT_3D('',#2351,#1910,#1911);
#1586=AXIS2_PLACEMENT_3D('',#2354,#1914,#1915);
#1587=AXIS2_PLACEMENT_3D('',#2356,#1917,#1918);
#1588=AXIS2_PLACEMENT_3D('',#2357,#1919,#1920);
#1589=AXIS2_PLACEMENT_3D('',#2358,#1921,#1922);
#1590=AXIS2_PLACEMENT_3D('',#2359,#1923,#1924);
#1591=AXIS2_PLACEMENT_3D('',#2360,#1925,#1926);
#1592=AXIS2_PLACEMENT_3D('',#2361,#1927,#1928);
#1593=AXIS2_PLACEMENT_3D('',#2363,#1930,#1931);
#1594=AXIS2_PLACEMENT_3D('',#2365,#1933,#1934);
#1595=AXIS2_PLACEMENT_3D('',#2366,#1935,#1936);
#1596=AXIS2_PLACEMENT_3D('',#2367,#1937,#1938);
#1597=AXIS2_PLACEMENT_3D('',#2370,#1941,#1942);
#1598=AXIS2_PLACEMENT_3D('',#2372,#1944,#1945);
#1599=AXIS2_PLACEMENT_3D('',#2373,#1946,#1947);
#1600=AXIS2_PLACEMENT_3D('',#2376,#1950,#1951);
#1601=AXIS2_PLACEMENT_3D('',#2378,#1953,#1954);
#1602=AXIS2_PLACEMENT_3D('',#2379,#1955,#1956);
#1603=AXIS2_PLACEMENT_3D('',#2382,#1959,#1960);
#1604=AXIS2_PLACEMENT_3D('',#2384,#1962,#1963);
#1605=AXIS2_PLACEMENT_3D('',#2385,#1964,#1965);
#1606=AXIS2_PLACEMENT_3D('',#2386,#1966,#1967);
#1607=AXIS2_PLACEMENT_3D('',#2387,#1968,#1969);
#1608=AXIS2_PLACEMENT_3D('',#2388,#1970,#1971);
#1609=AXIS2_PLACEMENT_3D('',#2391,#1974,#1975);
#1610=AXIS2_PLACEMENT_3D('',#2393,#1977,#1978);
#1611=AXIS2_PLACEMENT_3D('',#2394,#1979,#1980);
#1612=AXIS2_PLACEMENT_3D('',#2397,#1983,#1984);
#1613=AXIS2_PLACEMENT_3D('',#2399,#1986,#1987);
#1614=DIRECTION('',(0.,0.,1.));
#1615=DIRECTION('',(1.,0.,0.));
#1616=DIRECTION('',(1.,0.,-1.72323524103656E-16));
#1617=DIRECTION('',(-1.72323524103656E-16,0.,-1.));
#1618=DIRECTION('',(0.,0.,-1.));
#1619=DIRECTION('',(0.,-1.,0.));
#1620=DIRECTION('',(2.29764698804875E-16,-8.63046505461098E-17,1.));
#1621=DIRECTION('',(0.,1.,0.));
#1622=DIRECTION('',(0.,0.,1.));
#1623=DIRECTION('',(0.,-1.,0.));
#1624=DIRECTION('',(0.,1.,0.));
#1625=DIRECTION('',(0.,0.,1.));
#1626=DIRECTION('',(-1.,0.,-1.96013952087775E-16));
#1627=DIRECTION('',(-1.72609301092219E-16,2.29764698804875E-16,-1.));
#1628=DIRECTION('',(1.,-5.47382212626882E-48,-1.72609301092219E-16));
#1629=DIRECTION('',(-1.72609301092219E-16,2.29764698804875E-16,-1.));
#1630=DIRECTION('',(-1.,0.,1.72609301092219E-16));
#1631=DIRECTION('',(0.,0.,1.));
#1632=DIRECTION('',(1.,0.,0.));
#1633=DIRECTION('',(1.,-2.29764698804875E-16,0.));
#1634=DIRECTION('',(0.,1.,0.));
#1635=DIRECTION('',(1.,0.,0.));
#1636=DIRECTION('',(0.,1.,0.));
#1637=DIRECTION('',(0.,1.,0.));
#1638=DIRECTION('',(0.,0.,1.));
#1639=DIRECTION('',(-1.,1.98297620381869E-32,1.71140068311823E-48));
#1640=DIRECTION('',(-1.72609301092219E-16,8.63046505461098E-17,-1.));
#1641=DIRECTION('',(1.,-4.93277662641466E-33,-1.72609301092219E-16));
#1642=DIRECTION('',(-1.72609301092219E-16,8.63046505461098E-17,-1.));
#1643=DIRECTION('',(1.,0.,-1.72609301092219E-16));
#1644=DIRECTION('',(-1.72609301092219E-16,0.,-1.));
#1645=DIRECTION('',(-1.49484039675339E-16,0.5,-0.866025403784437));
#1646=DIRECTION('',(-1.,0.,1.72609301092219E-16));
#1647=DIRECTION('',(1.72609301092219E-16,0.,1.));
#1648=DIRECTION('',(-1.4948403967534E-16,-0.499999999999993,-0.866025403784443));
#1649=DIRECTION('',(-2.97939708235445E-32,1.,-1.72609301092219E-16));
#1650=DIRECTION('',(-1.72609301092219E-16,8.63046505461098E-17,-1.));
#1651=DIRECTION('',(3.45218602184439E-16,1.,8.63046505461098E-17));
#1652=DIRECTION('',(-1.72609301092219E-16,8.63046505461098E-17,-1.));
#1653=DIRECTION('',(1.,0.,-1.72609301092219E-16));
#1654=DIRECTION('',(-1.72609301092219E-16,0.,-1.));
#1655=DIRECTION('',(0.,-1.,0.));
#1656=DIRECTION('',(-1.72609301092219E-16,0.,-1.));
#1657=DIRECTION('',(0.,-1.,0.));
#1658=DIRECTION('',(-1.72609301092219E-16,0.,-1.));
#1659=DIRECTION('',(0.,1.,0.));
#1660=DIRECTION('',(-1.72609301092219E-16,0.,-1.));
#1661=DIRECTION('',(0.,1.,0.));
#1662=DIRECTION('',(-1.72609301092219E-16,0.,-1.));
#1663=DIRECTION('',(0.,0.,1.));
#1664=DIRECTION('',(1.,0.,0.));
#1665=DIRECTION('',(0.,-1.,0.));
#1666=DIRECTION('',(-1.,2.29764698804875E-16,0.));
#1667=DIRECTION('',(1.,0.,0.));
#1668=DIRECTION('',(1.,0.,0.));
#1669=DIRECTION('',(0.,1.,0.));
#1670=DIRECTION('',(1.,0.,-1.72609301092219E-16));
#1671=DIRECTION('',(4.96978268508917E-32,-1.,2.87920908875819E-16));
#1672=DIRECTION('',(-2.97939708235445E-32,1.,-1.72609301092219E-16));
#1673=DIRECTION('',(1.,0.,-1.72609301092219E-16));
#1674=DIRECTION('',(1.,0.,0.));
#1675=DIRECTION('',(1.,0.,-1.72609301092219E-16));
#1676=DIRECTION('',(-1.72609301092219E-16,0.,-1.));
#1677=DIRECTION('',(-1.49484039675339E-16,0.5,-0.866025403784439));
#1678=DIRECTION('',(-1.,0.,1.72609301092219E-16));
#1679=DIRECTION('',(1.72609301092219E-16,0.,1.));
#1680=DIRECTION('',(-1.49484039675339E-16,-0.5,-0.866025403784439));
#1681=DIRECTION('',(0.,1.,0.));
#1682=DIRECTION('',(1.72609301092219E-16,2.87920908875819E-16,1.));
#1683=DIRECTION('',(-1.72609301092219E-16,0.,-1.));
#1684=DIRECTION('',(1.,0.,-1.72323524103656E-16));
#1685=DIRECTION('',(-1.72323524103656E-16,0.,-1.));
#1686=DIRECTION('',(1.,0.,-1.72323524103656E-16));
#1687=DIRECTION('',(-1.72323524103656E-16,0.,-1.));
#1688=DIRECTION('',(-1.49236549543426E-16,0.5,-0.866025403784437));
#1689=DIRECTION('',(-1.49236549543427E-16,-0.499999999999993,-0.866025403784443));
#1690=DIRECTION('',(1.,0.,-1.72323524103656E-16));
#1691=DIRECTION('',(-1.72323524103656E-16,0.,-1.));
#1692=DIRECTION('',(-1.49236549543426E-16,0.5,-0.866025403784439));
#1693=DIRECTION('',(-1.49236549543426E-16,-0.5,-0.866025403784439));
#1694=DIRECTION('',(0.,0.,-1.));
#1695=DIRECTION('',(0.,0.,1.));
#1696=DIRECTION('',(0.,1.,0.));
#1697=DIRECTION('',(3.44647048207313E-16,1.,8.63046505461098E-17));
#1698=DIRECTION('',(-1.72609301092219E-16,8.63046505461098E-17,-1.));
#1699=DIRECTION('',(0.,1.,0.));
#1700=DIRECTION('',(-1.72323524103656E-16,0.,-1.));
#1701=DIRECTION('',(1.,0.,-1.72323524103656E-16));
#1702=DIRECTION('',(-1.72323524103656E-16,0.,-1.));
#1703=DIRECTION('',(0.,1.,0.));
#1704=DIRECTION('',(2.29764698804875E-16,-8.63046505461098E-17,1.));
#1705=DIRECTION('',(-1.72323524103656E-16,0.,-1.));
#1706=DIRECTION('',(0.,0.,1.));
#1707=DIRECTION('',(1.,0.,0.));
#1708=DIRECTION('',(0.866025403784441,-0.5,0.));
#1709=DIRECTION('',(0.,0.,1.));
#1710=DIRECTION('',(1.,0.,0.));
#1711=DIRECTION('',(0.866025403784437,0.5,0.));
#1712=DIRECTION('',(0.,0.,1.));
#1713=DIRECTION('',(1.,0.,0.));
#1714=DIRECTION('',(0.866025403784439,0.5,0.));
#1715=DIRECTION('',(0.866025403784439,-0.5,0.));
#1716=DIRECTION('',(0.,0.,1.));
#1717=DIRECTION('',(1.,0.,0.));
#1718=DIRECTION('',(0.866025403784437,0.5,0.));
#1719=DIRECTION('',(0.866025403784441,-0.5,0.));
#1720=DIRECTION('',(-1.,0.,1.72609301092219E-16));
#1721=DIRECTION('',(1.,0.,0.));
#1722=DIRECTION('',(-1.,0.,1.72609301092219E-16));
#1723=DIRECTION('',(-9.91488101909346E-33,-1.,-5.74411747012188E-17));
#1724=DIRECTION('',(-1.,0.,1.72609301092219E-16));
#1725=DIRECTION('',(0.,-1.,0.));
#1726=DIRECTION('',(1.,0.,-1.72609301092219E-16));
#1727=DIRECTION('',(0.,0.,1.));
#1728=DIRECTION('',(1.,0.,0.));
#1729=DIRECTION('',(0.,0.,-1.));
#1730=DIRECTION('',(-1.,0.,0.));
#1731=DIRECTION('',(0.866025403784441,-0.5,0.));
#1732=DIRECTION('',(0.866025403784437,0.5,0.));
#1733=DIRECTION('',(0.866025403784439,0.5,0.));
#1734=DIRECTION('',(0.,0.,-1.));
#1735=DIRECTION('',(-1.,0.,0.));
#1736=DIRECTION('',(0.866025403784439,-0.5,0.));
#1737=DIRECTION('',(0.866025403784437,0.5,0.));
#1738=DIRECTION('',(0.,0.,-1.));
#1739=DIRECTION('',(-1.,0.,0.));
#1740=DIRECTION('',(0.866025403784441,-0.5,0.));
#1741=DIRECTION('',(1.,0.,0.));
#1742=DIRECTION('',(-1.,0.,1.72609301092219E-16));
#1743=DIRECTION('',(-1.48969854117723E-32,-1.,-8.63046505461098E-17));
#1744=DIRECTION('',(-1.,0.,1.72609301092219E-16));
#1745=DIRECTION('',(0.,1.,0.));
#1746=DIRECTION('',(0.,-1.,0.));
#1747=DIRECTION('',(1.,0.,0.));
#1748=DIRECTION('',(0.,1.,0.));
#1749=DIRECTION('',(0.,0.,1.));
#1750=DIRECTION('',(1.,0.,1.96013952087775E-16));
#1751=DIRECTION('',(-1.,0.,1.72609301092219E-16));
#1752=DIRECTION('',(-1.72609301092219E-16,0.,-1.));
#1753=DIRECTION('',(0.,0.,1.));
#1754=DIRECTION('',(0.,1.,0.));
#1755=DIRECTION('',(0.,0.,1.));
#1756=DIRECTION('',(1.,0.,-1.72609301092219E-16));
#1757=DIRECTION('',(-1.72609301092219E-16,8.63046505461098E-17,-1.));
#1758=DIRECTION('',(-1.,0.,0.));
#1759=DIRECTION('',(1.72609301092219E-16,-2.29764698804875E-16,1.));
#1760=DIRECTION('',(0.,-1.,-2.29764698804875E-16));
#1761=DIRECTION('',(-1.,0.,1.72609301092219E-16));
#1762=DIRECTION('',(-8.51029559432341E-48,1.,2.29764698804875E-16));
#1763=DIRECTION('',(-1.,0.,1.72609301092219E-16));
#1764=DIRECTION('',(3.96595240763738E-32,1.,2.29764698804875E-16));
#1765=DIRECTION('',(0.,1.,0.));
#1766=DIRECTION('',(0.,0.,1.));
#1767=DIRECTION('',(0.,0.,-1.));
#1768=DIRECTION('',(-1.72609301092219E-16,0.,-1.));
#1769=DIRECTION('',(1.72609301092219E-16,-2.58913951638329E-16,1.));
#1770=DIRECTION('',(0.,-1.,-2.58913951638329E-16));
#1771=DIRECTION('',(1.,-5.47382212626882E-48,-1.72609301092219E-16));
#1772=DIRECTION('',(4.46909562353168E-32,1.,2.58913951638329E-16));
#1773=DIRECTION('',(-1.,0.,1.72609301092219E-16));
#1774=DIRECTION('',(4.46909562353168E-32,1.,2.58913951638329E-16));
#1775=DIRECTION('',(4.46909562353168E-32,1.,2.58913951638329E-16));
#1776=DIRECTION('',(-5.03143215894294E-33,-1.,-2.58913951638329E-16));
#1777=DIRECTION('',(0.,-1.,0.));
#1778=DIRECTION('',(0.,0.,-1.));
#1779=DIRECTION('',(0.,-1.,0.));
#1780=DIRECTION('',(0.,0.,-1.));
#1781=DIRECTION('',(0.,-1.,0.));
#1782=DIRECTION('',(0.,0.,-1.));
#1783=DIRECTION('',(0.,-1.,0.));
#1784=DIRECTION('',(0.,0.,-1.));
#1785=DIRECTION('',(-1.72609301092219E-16,8.63046505461098E-17,-1.));
#1786=DIRECTION('',(-1.,-2.12757389858085E-48,1.72609301092219E-16));
#1787=DIRECTION('',(-1.72609301092219E-16,8.63046505461098E-17,-1.));
#1788=DIRECTION('',(1.,0.,-1.72609301092219E-16));
#1789=DIRECTION('',(-1.72609301092219E-16,8.63046505461098E-17,-1.));
#1790=DIRECTION('',(1.,0.,-1.72609301092219E-16));
#1791=DIRECTION('',(-1.72609301092219E-16,8.63046505461098E-17,-1.));
#1792=DIRECTION('',(1.72609301092219E-16,0.,1.));
#1793=DIRECTION('',(0.,-1.,0.));
#1794=DIRECTION('',(0.,0.,-1.));
#1795=DIRECTION('',(0.,-1.,0.));
#1796=DIRECTION('',(0.,0.,-1.));
#1797=DIRECTION('',(0.,-1.,0.));
#1798=DIRECTION('',(0.,0.,-1.));
#1799=DIRECTION('',(0.,-1.,0.));
#1800=DIRECTION('',(0.,0.,-1.));
#1801=DIRECTION('',(-1.,4.93277662641466E-33,1.72609301092219E-16));
#1802=DIRECTION('',(-1.72609301092219E-16,8.63046505461098E-17,-1.));
#1803=DIRECTION('',(-1.,0.,1.72609301092219E-16));
#1804=DIRECTION('',(-1.72609301092219E-16,2.29764698804875E-16,-1.));
#1805=DIRECTION('',(-1.72609301092219E-16,2.29764698804875E-16,-1.));
#1806=DIRECTION('',(1.72609301092219E-16,0.,1.));
#1807=DIRECTION('',(1.,0.,-1.72609301092219E-16));
#1808=DIRECTION('',(0.,1.,0.));
#1809=DIRECTION('',(1.,-2.29764698804875E-16,-1.72609301092219E-16));
#1810=DIRECTION('',(2.29764698804876E-16,1.,0.));
#1811=DIRECTION('',(-2.29764698804876E-16,-1.,-2.29764698804875E-16));
#1812=DIRECTION('',(-2.29764698804875E-16,-1.,-8.63046505461098E-17));
#1813=DIRECTION('',(1.,1.90063268273223E-48,-1.72609301092219E-16));
#1814=DIRECTION('',(-1.72609301092219E-16,0.,-1.));
#1815=DIRECTION('',(3.96595240763738E-32,1.,2.29764698804875E-16));
#1816=DIRECTION('',(-1.48969854117723E-32,-1.,-8.63046505461098E-17));
#1817=DIRECTION('',(-1.72609301092219E-16,8.63046505461098E-17,-1.));
#1818=DIRECTION('',(1.,1.48969854117723E-32,-1.72609301092219E-16));
#1819=DIRECTION('',(-1.72609301092219E-16,8.63046505461098E-17,-1.));
#1820=DIRECTION('',(-1.,0.,1.72609301092219E-16));
#1821=DIRECTION('',(0.866025403784439,0.5,-1.06331714402284E-16));
#1822=DIRECTION('',(1.72609301092219E-16,-8.63046505461098E-17,1.));
#1823=DIRECTION('',(-1.,0.,1.72609301092219E-16));
#1824=DIRECTION('',(0.86602540378444,-0.5,-1.92636364948394E-16));
#1825=DIRECTION('',(0.866025403784437,0.5,-1.06331714402284E-16));
#1826=DIRECTION('',(-1.72609301092219E-16,8.63046505461098E-17,-1.));
#1827=DIRECTION('',(-1.,0.,1.72609301092219E-16));
#1828=DIRECTION('',(0.866025403784437,-0.5,-1.92636364948394E-16));
#1829=DIRECTION('',(0.866025403784443,0.499999999999994,-1.06331714402286E-16));
#1830=DIRECTION('',(1.72609301092219E-16,-8.63046505461098E-17,1.));
#1831=DIRECTION('',(-1.,0.,1.72609301092219E-16));
#1832=DIRECTION('',(0.866025403784433,-0.500000000000011,-1.92636364948394E-16));
#1833=DIRECTION('',(-1.72609301092219E-16,8.63046505461098E-17,-1.));
#1834=DIRECTION('',(-1.,0.,1.72609301092219E-16));
#1835=DIRECTION('',(0.866025403784439,-0.5,-1.92636364948394E-16));
#1836=DIRECTION('',(0.866025403784439,0.5,-1.06331714402284E-16));
#1837=DIRECTION('',(-1.72609301092219E-16,8.63046505461098E-17,-1.));
#1838=DIRECTION('',(-1.,0.,1.72609301092219E-16));
#1839=DIRECTION('',(1.48969854117723E-32,1.,8.63046505461098E-17));
#1840=DIRECTION('',(1.48969854117723E-32,1.,8.63046505461098E-17));
#1841=DIRECTION('',(1.,0.,-1.72609301092219E-16));
#1842=DIRECTION('',(-1.,0.,1.72609301092219E-16));
#1843=DIRECTION('',(0.,-1.,0.));
#1844=DIRECTION('',(-2.97939708235446E-32,1.,-1.72609301092219E-16));
#1845=DIRECTION('',(1.72609301092219E-16,2.87920908875819E-16,1.));
#1846=DIRECTION('',(-1.,0.,1.72609301092219E-16));
#1847=DIRECTION('',(0.,-1.,0.));
#1848=DIRECTION('',(1.72609301092219E-16,2.87920908875819E-16,1.));
#1849=DIRECTION('',(-1.72609301092219E-16,-1.72609301092219E-16,-1.));
#1850=DIRECTION('',(-1.,0.,1.72609301092219E-16));
#1851=DIRECTION('',(-1.72609301092219E-16,-1.72609301092219E-16,-1.));
#1852=DIRECTION('',(-1.,0.,1.72609301092219E-16));
#1853=DIRECTION('',(-0.866025403784439,-0.5,2.35788690221449E-16));
#1854=DIRECTION('',(-0.86602540378444,0.5,6.31793891292301E-17));
#1855=DIRECTION('',(-1.72609301092219E-16,-1.72609301092219E-16,-1.));
#1856=DIRECTION('',(-1.,0.,1.72609301092219E-16));
#1857=DIRECTION('',(-0.866025403784437,-0.5,2.35788690221449E-16));
#1858=DIRECTION('',(-0.866025403784437,0.5,6.31793891292285E-17));
#1859=DIRECTION('',(-1.72609301092219E-16,-1.72609301092219E-16,-1.));
#1860=DIRECTION('',(-1.,0.,1.72609301092219E-16));
#1861=DIRECTION('',(-0.866025403784443,-0.499999999999994,2.35788690221449E-16));
#1862=DIRECTION('',(-0.866025403784433,0.500000000000011,6.31793891292265E-17));
#1863=DIRECTION('',(-0.866025403784439,0.5,6.31793891292297E-17));
#1864=DIRECTION('',(-1.72609301092219E-16,-1.72609301092219E-16,-1.));
#1865=DIRECTION('',(-1.,0.,1.72609301092219E-16));
#1866=DIRECTION('',(-0.866025403784439,-0.5,2.35788690221449E-16));
#1867=DIRECTION('',(-1.72609301092219E-16,-1.72609301092219E-16,-1.));
#1868=DIRECTION('',(-1.,0.,1.72609301092219E-16));
#1869=DIRECTION('',(1.,0.,-1.72609301092219E-16));
#1870=DIRECTION('',(-2.97939708235446E-32,1.,-1.72609301092219E-16));
#1871=DIRECTION('',(-1.,0.,1.72609301092219E-16));
#1872=DIRECTION('',(0.,-1.,0.));
#1873=DIRECTION('',(4.96978268508917E-32,-1.,2.87920908875819E-16));
#1874=DIRECTION('',(1.72609301092219E-16,2.87920908875819E-16,1.));
#1875=DIRECTION('',(-1.72609301092219E-16,8.63046505461098E-17,-1.));
#1876=DIRECTION('',(-1.,0.,1.72609301092219E-16));
#1877=DIRECTION('',(0.712858669791775,-2.01921155891767E-16,-0.701307719123853));
#1878=DIRECTION('',(-0.701307719123853,0.,-0.712858669791775));
#1879=DIRECTION('',(0.701307719123853,2.05246916106455E-16,0.712858669791775));
#1880=DIRECTION('',(0.701307719123853,2.05246916106455E-16,0.712858669791775));
#1881=DIRECTION('',(-4.96978268508917E-32,1.,-2.87920908875819E-16));
#1882=DIRECTION('',(-1.,-4.96978268508917E-32,1.43090434760618E-47));
#1883=DIRECTION('',(-1.72609301092219E-16,8.63046505461098E-17,-1.));
#1884=DIRECTION('',(-1.,0.,1.72609301092219E-16));
#1885=DIRECTION('',(-1.72609301092219E-16,8.63046505461098E-17,-1.));
#1886=DIRECTION('',(-1.72609301092219E-16,8.63046505461098E-17,-1.));
#1887=DIRECTION('',(0.5,0.866025403784439,-1.156263070844E-17));
#1888=DIRECTION('',(-0.866025403784439,0.5,0.));
#1889=DIRECTION('',(-1.72609301092219E-16,8.63046505461098E-17,-1.));
#1890=DIRECTION('',(-0.5,0.866025403784439,1.61046670383779E-16));
#1891=DIRECTION('',(-0.866025403784439,-0.5,0.));
#1892=DIRECTION('',(-0.499999999999993,0.866025403784442,1.61046670383778E-16));
#1893=DIRECTION('',(-0.866025403784443,-0.499999999999994,0.));
#1894=DIRECTION('',(-1.72609301092219E-16,8.63046505461098E-17,-1.));
#1895=DIRECTION('',(-1.72609301092219E-16,8.63046505461098E-17,-1.));
#1896=DIRECTION('',(-1.72609301092219E-16,8.63046505461098E-17,-1.));
#1897=DIRECTION('',(-1.,0.,1.72609301092219E-16));
#1898=DIRECTION('',(-1.72609301092219E-16,8.63046505461098E-17,-1.));
#1899=DIRECTION('',(0.500000000000011,0.866025403784432,-1.15626307084426E-17));
#1900=DIRECTION('',(-0.866025403784433,0.500000000000011,0.));
#1901=DIRECTION('',(-0.5,0.866025403784437,1.6104667038378E-16));
#1902=DIRECTION('',(-0.866025403784437,-0.5,0.));
#1903=DIRECTION('',(-1.72609301092219E-16,8.63046505461098E-17,-1.));
#1904=DIRECTION('',(-1.72609301092219E-16,8.63046505461098E-17,-1.));
#1905=DIRECTION('',(-1.72609301092219E-16,8.63046505461098E-17,-1.));
#1906=DIRECTION('',(-1.,0.,1.72609301092219E-16));
#1907=DIRECTION('',(-1.72609301092219E-16,8.63046505461098E-17,-1.));
#1908=DIRECTION('',(0.5,0.866025403784437,-1.1562630708441E-17));
#1909=DIRECTION('',(-0.866025403784437,0.5,0.));
#1910=DIRECTION('',(-0.5,0.866025403784439,1.61046670383779E-16));
#1911=DIRECTION('',(-0.866025403784439,-0.5,0.));
#1912=DIRECTION('',(-1.72609301092219E-16,8.63046505461098E-17,-1.));
#1913=DIRECTION('',(-1.72609301092219E-16,8.63046505461098E-17,-1.));
#1914=DIRECTION('',(-1.72609301092219E-16,8.63046505461098E-17,-1.));
#1915=DIRECTION('',(-1.,0.,1.72609301092219E-16));
#1916=DIRECTION('',(-1.72609301092219E-16,8.63046505461098E-17,-1.));
#1917=DIRECTION('',(0.5,0.86602540378444,-1.15626307084397E-17));
#1918=DIRECTION('',(-0.86602540378444,0.5,0.));
#1919=DIRECTION('',(-1.,-3.96595240763738E-32,1.72609301092219E-16));
#1920=DIRECTION('',(1.72609301092219E-16,0.,1.));
#1921=DIRECTION('',(-1.72609301092219E-16,2.29764698804875E-16,-1.));
#1922=DIRECTION('',(1.,3.96595240763738E-32,-1.72609301092219E-16));
#1923=DIRECTION('',(2.29764698804875E-16,1.,0.));
#1924=DIRECTION('',(-1.,2.29764698804875E-16,0.));
#1925=DIRECTION('',(0.,0.,-1.));
#1926=DIRECTION('',(1.,0.,0.));
#1927=DIRECTION('',(-1.,0.,0.));
#1928=DIRECTION('',(0.,0.,1.));
#1929=DIRECTION('',(0.,-1.,0.));
#1930=DIRECTION('',(-1.96013952087775E-16,0.,1.));
#1931=DIRECTION('',(1.,0.,1.96013952087775E-16));
#1932=DIRECTION('',(-1.,0.,-1.96013952087775E-16));
#1933=DIRECTION('',(0.,-1.,0.));
#1934=DIRECTION('',(1.,0.,0.));
#1935=DIRECTION('',(-4.96978268508917E-32,1.,-2.87920908875819E-16));
#1936=DIRECTION('',(-1.,-4.96978268508917E-32,1.43090434760618E-47));
#1937=DIRECTION('',(0.,0.,-1.));
#1938=DIRECTION('',(-1.,0.,0.));
#1939=DIRECTION('',(0.,0.,-1.));
#1940=DIRECTION('',(0.,0.,-1.));
#1941=DIRECTION('',(-0.5,0.866025403784437,0.));
#1942=DIRECTION('',(-0.866025403784437,-0.5,0.));
#1943=DIRECTION('',(0.,0.,-1.));
#1944=DIRECTION('',(0.5,0.866025403784441,0.));
#1945=DIRECTION('',(-0.866025403784441,0.5,0.));
#1946=DIRECTION('',(0.,0.,-1.));
#1947=DIRECTION('',(-1.,0.,0.));
#1948=DIRECTION('',(0.,0.,-1.));
#1949=DIRECTION('',(0.,0.,-1.));
#1950=DIRECTION('',(-0.5,0.866025403784439,0.));
#1951=DIRECTION('',(-0.866025403784439,-0.5,0.));
#1952=DIRECTION('',(0.,0.,-1.));
#1953=DIRECTION('',(0.5,0.866025403784439,0.));
#1954=DIRECTION('',(-0.866025403784439,0.5,0.));
#1955=DIRECTION('',(0.5,0.866025403784441,0.));
#1956=DIRECTION('',(-0.866025403784441,0.5,0.));
#1957=DIRECTION('',(0.,0.,-1.));
#1958=DIRECTION('',(0.,0.,-1.));
#1959=DIRECTION('',(0.,0.,-1.));
#1960=DIRECTION('',(-1.,0.,0.));
#1961=DIRECTION('',(0.,0.,-1.));
#1962=DIRECTION('',(-0.5,0.866025403784437,0.));
#1963=DIRECTION('',(-0.866025403784437,-0.5,0.));
#1964=DIRECTION('',(0.,-1.,0.));
#1965=DIRECTION('',(0.,0.,-1.));
#1966=DIRECTION('',(0.,-1.,0.));
#1967=DIRECTION('',(0.,0.,-1.));
#1968=DIRECTION('',(0.,-1.,0.));
#1969=DIRECTION('',(0.,0.,-1.));
#1970=DIRECTION('',(-1.,0.,1.72609301092219E-16));
#1971=DIRECTION('',(1.72609301092219E-16,0.,1.));
#1972=DIRECTION('',(-1.,0.,1.72609301092219E-16));
#1973=DIRECTION('',(-1.,0.,1.72609301092219E-16));
#1974=DIRECTION('',(8.63046505461098E-17,0.866025403784438,0.5));
#1975=DIRECTION('',(0.,-0.5,0.866025403784439));
#1976=DIRECTION('',(-1.,0.,1.72609301092219E-16));
#1977=DIRECTION('',(-8.63046505461097E-17,0.866025403784439,-0.5));
#1978=DIRECTION('',(0.,0.5,0.866025403784439));
#1979=DIRECTION('',(-1.,0.,1.72609301092219E-16));
#1980=DIRECTION('',(1.72609301092219E-16,0.,1.));
#1981=DIRECTION('',(-1.,0.,1.72609301092219E-16));
#1982=DIRECTION('',(-1.,0.,1.72609301092219E-16));
#1983=DIRECTION('',(8.63046505461103E-17,0.866025403784437,0.5));
#1984=DIRECTION('',(0.,-0.5,0.866025403784437));
#1985=DIRECTION('',(-1.,0.,1.72609301092219E-16));
#1986=DIRECTION('',(-8.63046505461086E-17,0.866025403784443,-0.499999999999993));
#1987=DIRECTION('',(0.,0.499999999999993,0.866025403784443));
#1988=CARTESIAN_POINT('',(0.,0.,0.));
#1989=CARTESIAN_POINT('',(0.0151,-0.05,8.67361737988404E-19));
#1990=CARTESIAN_POINT('',(0.0151,-0.0196,0.0505));
#1991=CARTESIAN_POINT('',(0.0151,-0.0196,0.0201));
#1992=CARTESIAN_POINT('',(0.0151,-0.0196,0.0151));
#1993=CARTESIAN_POINT('',(0.0151,-0.0196,0.0151));
#1994=CARTESIAN_POINT('',(0.0151,-0.055,0.0151));
#1995=CARTESIAN_POINT('',(0.0151,-0.055,-4.31523252730549E-19));
#1996=CARTESIAN_POINT('',(0.0151,-0.055,0.0505));
#1997=CARTESIAN_POINT('',(0.0151,-0.05,0.0505));
#1998=CARTESIAN_POINT('',(0.0151,-0.05,0.0505));
#1999=CARTESIAN_POINT('',(0.0151,-0.05,-8.63046505461098E-18));
#2000=CARTESIAN_POINT('',(0.0151,-0.05,0.0201));
#2001=CARTESIAN_POINT('',(0.0151,-0.05,0.0201));
#2002=CARTESIAN_POINT('',(0.0701,-0.055,-6.89574157863417E-18));
#2003=CARTESIAN_POINT('',(0.0328,-0.055,0.0151));
#2004=CARTESIAN_POINT('',(0.0505,-0.055,0.0151));
#2005=CARTESIAN_POINT('',(0.0505,-0.055,0.0505));
#2006=CARTESIAN_POINT('',(0.0505,-0.055,0.0201));
#2007=CARTESIAN_POINT('',(0.0701,-0.055,0.0201));
#2008=CARTESIAN_POINT('',(0.0201,-0.055,0.0201));
#2009=CARTESIAN_POINT('',(0.0201,-0.055,0.0699));
#2010=CARTESIAN_POINT('',(0.0201,-0.055,0.0505));
#2011=CARTESIAN_POINT('',(0.0701,-0.055,0.0505));
#2012=CARTESIAN_POINT('',(1.7347234759768E-18,-0.05,0.0151));
#2013=CARTESIAN_POINT('',(1.7347234759768E-18,-0.0196,0.0151));
#2014=CARTESIAN_POINT('',(-0.0151,-0.0196,0.0151));
#2015=CARTESIAN_POINT('',(-0.0151,-0.05,0.0151));
#2016=CARTESIAN_POINT('',(-0.0151,0.,0.0151));
#2017=CARTESIAN_POINT('',(1.7347234759768E-18,0.,0.0151));
#2018=CARTESIAN_POINT('',(0.0151,0.,0.0151));
#2019=CARTESIAN_POINT('',(0.0151,-0.05,0.0151));
#2020=CARTESIAN_POINT('',(0.0701,-0.055,-6.89574157863417E-18));
#2021=CARTESIAN_POINT('',(5.20417042793042E-18,-0.055,0.0505));
#2022=CARTESIAN_POINT('',(-0.0151,-0.055,0.0505));
#2023=CARTESIAN_POINT('',(0.0151,-0.055,0.0699));
#2024=CARTESIAN_POINT('',(0.0151,-0.055,0.0699));
#2025=CARTESIAN_POINT('',(1.03306666703693E-17,-0.055,0.0699));
#2026=CARTESIAN_POINT('',(-0.0151,-0.055,0.0699));
#2027=CARTESIAN_POINT('',(-0.0151,-0.055,0.0699));
#2028=CARTESIAN_POINT('',(-0.0201,-0.05,0.));
#2029=CARTESIAN_POINT('',(-0.0201,-0.0669678747896463,0.040875));
#2030=CARTESIAN_POINT('',(-0.0201,-0.0674153212482683,0.04165));
#2031=CARTESIAN_POINT('',(-0.0201,-0.0665204283310244,0.0401));
#2032=CARTESIAN_POINT('',(-0.0201,-0.0701,0.0401));
#2033=CARTESIAN_POINT('',(-0.0201,-0.0674153212482683,0.03855));
#2034=CARTESIAN_POINT('',(-0.0201,-0.0669678747896463,0.039325));
#2035=CARTESIAN_POINT('',(-0.0201,-0.0701,0.0201));
#2036=CARTESIAN_POINT('',(-0.0201,-0.0902,0.0201));
#2037=CARTESIAN_POINT('',(-0.0201,-0.05,0.0201));
#2038=CARTESIAN_POINT('',(-0.0201,-0.0902,0.0699));
#2039=CARTESIAN_POINT('',(-0.0201,-0.0902,0.0699));
#2040=CARTESIAN_POINT('',(-0.0201,-0.0701,0.0699));
#2041=CARTESIAN_POINT('',(-0.0201,-0.05,0.0699));
#2042=CARTESIAN_POINT('',(-0.0201,-0.05,0.0699));
#2043=CARTESIAN_POINT('',(0.0201,-0.05,0.));
#2044=CARTESIAN_POINT('',(0.0201,-0.05,0.0151));
#2045=CARTESIAN_POINT('',(0.0201,-0.0196,0.0151));
#2046=CARTESIAN_POINT('',(0.0201,-0.05,0.0151));
#2047=CARTESIAN_POINT('',(0.0201,-0.0196,0.));
#2048=CARTESIAN_POINT('',(0.0201,-0.0196,-0.0151));
#2049=CARTESIAN_POINT('',(0.0201,-0.05,-0.0151));
#2050=CARTESIAN_POINT('',(0.0201,-0.05,-0.0151));
#2051=CARTESIAN_POINT('',(0.0201,-0.05,0.));
#2052=CARTESIAN_POINT('',(0.0201,-0.05,-0.0201));
#2053=CARTESIAN_POINT('',(0.0201,-0.05,-0.0201));
#2054=CARTESIAN_POINT('',(0.0201,0.,-0.0201));
#2055=CARTESIAN_POINT('',(0.0201,0.,0.));
#2056=CARTESIAN_POINT('',(0.0201,0.,0.0201));
#2057=CARTESIAN_POINT('',(0.0201,-0.05,0.0201));
#2058=CARTESIAN_POINT('',(0.0201,-0.05,0.0201));
#2059=CARTESIAN_POINT('',(0.0201,-0.05,0.));
#2060=CARTESIAN_POINT('',(3.46944695195361E-18,-0.05,0.0201));
#2061=CARTESIAN_POINT('',(-0.0151,-0.05,0.0201));
#2062=CARTESIAN_POINT('',(-0.0151,-0.0196,0.0201));
#2063=CARTESIAN_POINT('',(-0.0151,-0.05,0.0201));
#2064=CARTESIAN_POINT('',(1.04542937956218E-17,-0.0196,0.0201));
#2065=CARTESIAN_POINT('',(3.46944695195361E-18,-0.05,0.0201));
#2066=CARTESIAN_POINT('',(3.46944695195361E-18,0.,0.0201));
#2067=CARTESIAN_POINT('',(-0.0201,0.,0.0201));
#2068=CARTESIAN_POINT('',(-0.0201,-0.05,0.0201));
#2069=CARTESIAN_POINT('',(-0.0201,-0.045,0.0201));
#2070=CARTESIAN_POINT('',(-0.0251,-0.045,0.0201));
#2071=CARTESIAN_POINT('',(-0.0251,-0.045,0.0201));
#2072=CARTESIAN_POINT('',(-0.0251,-0.045,0.0201));
#2073=CARTESIAN_POINT('',(-0.0251,-0.04885,0.0201));
#2074=CARTESIAN_POINT('',(-0.0251,-0.0701,0.0201));
#2075=CARTESIAN_POINT('',(-0.0251,-0.0902,0.0201));
#2076=CARTESIAN_POINT('',(-0.0251,-0.0902,0.0201));
#2077=CARTESIAN_POINT('',(3.46944695195361E-18,-0.05,0.0201));
#2078=CARTESIAN_POINT('',(-0.0201,-0.05,0.));
#2079=CARTESIAN_POINT('',(-0.0201,-0.0268678747896463,0.000775));
#2080=CARTESIAN_POINT('',(-0.0201,-0.0273153212482682,0.00155));
#2081=CARTESIAN_POINT('',(-0.0201,-0.0264204283310243,0.));
#2082=CARTESIAN_POINT('',(-0.0201,-0.03,4.01154803819636E-18));
#2083=CARTESIAN_POINT('',(-0.0201,-0.0273153212482682,-0.00155));
#2084=CARTESIAN_POINT('',(-0.0201,-0.0268678747896463,-0.000775));
#2085=CARTESIAN_POINT('',(-0.0201,-0.05,-0.0201));
#2086=CARTESIAN_POINT('',(-0.0201,-0.045,-0.0201));
#2087=CARTESIAN_POINT('',(-0.0201,0.,-0.0201));
#2088=CARTESIAN_POINT('',(-0.0201,-0.045,-0.004));
#2089=CARTESIAN_POINT('',(-0.0201,0.,0.));
#2090=CARTESIAN_POINT('',(-0.0151,-0.05,-8.67361737988404E-19));
#2091=CARTESIAN_POINT('',(-0.0151,-0.0701,0.0401));
#2092=CARTESIAN_POINT('',(-0.0151,-0.0674153212482683,0.03855));
#2093=CARTESIAN_POINT('',(-0.0151,-0.0674153212482683,0.04165));
#2094=CARTESIAN_POINT('',(-0.0151,-0.0669678747896463,0.040875));
#2095=CARTESIAN_POINT('',(-0.0151,-0.0665204283310244,0.0401));
#2096=CARTESIAN_POINT('',(-0.0151,-0.0669678747896463,0.039325));
#2097=CARTESIAN_POINT('',(-0.0151,-0.03,3.14850153273526E-18));
#2098=CARTESIAN_POINT('',(-0.0151,-0.0273153212482682,-0.00155));
#2099=CARTESIAN_POINT('',(-0.0151,-0.0273153212482682,0.00155));
#2100=CARTESIAN_POINT('',(-0.0151,-0.0268678747896463,0.000775));
#2101=CARTESIAN_POINT('',(-0.0151,-0.0264204283310243,1.08851740501281E-18));
#2102=CARTESIAN_POINT('',(-0.0151,-0.0268678747896463,-0.000775));
#2103=CARTESIAN_POINT('',(-0.0151,-0.0196,0.0505));
#2104=CARTESIAN_POINT('',(-0.0151,-0.05,-8.63046505461098E-18));
#2105=CARTESIAN_POINT('',(-0.0151,-0.05,0.0505));
#2106=CARTESIAN_POINT('',(-0.0151,-0.05,0.0505));
#2107=CARTESIAN_POINT('',(-0.0151,-0.0701,0.0699));
#2108=CARTESIAN_POINT('',(-0.0151,-0.0852,0.0699));
#2109=CARTESIAN_POINT('',(-0.0151,-0.0852,0.0699));
#2110=CARTESIAN_POINT('',(-0.0151,-0.0852,-0.0151));
#2111=CARTESIAN_POINT('',(-0.0151,-0.05,-0.0151));
#2112=CARTESIAN_POINT('',(-0.0151,0.,-0.0151));
#2113=CARTESIAN_POINT('',(-0.0151,0.,-8.67361737988404E-19));
#2114=CARTESIAN_POINT('',(0.0151,-0.05,8.67361737988404E-19));
#2115=CARTESIAN_POINT('',(0.0151,-0.05,-0.0151));
#2116=CARTESIAN_POINT('',(0.0151,-0.0196,-0.0151));
#2117=CARTESIAN_POINT('',(0.0151,0.,-0.0151));
#2118=CARTESIAN_POINT('',(0.0151,-0.0196,-4.31523252730549E-19));
#2119=CARTESIAN_POINT('',(0.0151,0.,8.67361737988404E-19));
#2120=CARTESIAN_POINT('',(-1.7347234759768E-18,-0.05,-0.0151));
#2121=CARTESIAN_POINT('',(0.040875,-0.0669678747896463,-0.0151));
#2122=CARTESIAN_POINT('',(0.0401,-0.0665204283310243,-0.0151));
#2123=CARTESIAN_POINT('',(0.04165,-0.0674153212482682,-0.0151));
#2124=CARTESIAN_POINT('',(0.0401,-0.0701,-0.0151));
#2125=CARTESIAN_POINT('',(0.03855,-0.0674153212482682,-0.0151));
#2126=CARTESIAN_POINT('',(0.039325,-0.0669678747896463,-0.0151));
#2127=CARTESIAN_POINT('',(-4.33680868994202E-19,-0.03,-0.0151));
#2128=CARTESIAN_POINT('',(0.00155,-0.0273153212482682,-0.0151));
#2129=CARTESIAN_POINT('',(-0.00155,-0.0273153212482682,-0.0151));
#2130=CARTESIAN_POINT('',(-0.000775,-0.0268678747896463,-0.0151));
#2131=CARTESIAN_POINT('',(1.51788304147971E-18,-0.0264204283310243,-0.0151));
#2132=CARTESIAN_POINT('',(0.000775,-0.0268678747896463,-0.0151));
#2133=CARTESIAN_POINT('',(-6.17995238316738E-18,-0.0701,-0.0151));
#2134=CARTESIAN_POINT('',(0.00155,-0.0674153212482682,-0.0151));
#2135=CARTESIAN_POINT('',(-0.00155,-0.0674153212482682,-0.0151));
#2136=CARTESIAN_POINT('',(-0.000775000000000009,-0.0669678747896463,-0.0151));
#2137=CARTESIAN_POINT('',(-1.38777878078145E-17,-0.0665204283310243,-0.0151));
#2138=CARTESIAN_POINT('',(0.000774999999999989,-0.0669678747896463,-0.0151));
#2139=CARTESIAN_POINT('',(0.0701,-0.0196,-0.0151));
#2140=CARTESIAN_POINT('',(-1.7347234759768E-18,0.,-0.0151));
#2141=CARTESIAN_POINT('',(0.0701,-0.0852,-0.0151));
#2142=CARTESIAN_POINT('',(0.0701,-0.0852,-0.0151));
#2143=CARTESIAN_POINT('',(0.0701,-0.0701,-0.0151));
#2144=CARTESIAN_POINT('',(0.0701,-0.055,-0.0151));
#2145=CARTESIAN_POINT('',(0.0701,-0.055,-0.0151));
#2146=CARTESIAN_POINT('',(0.0505,-0.055,-0.0151));
#2147=CARTESIAN_POINT('',(0.0505,-0.0196,-0.0151));
#2148=CARTESIAN_POINT('',(0.0505,-0.05,-0.0151));
#2149=CARTESIAN_POINT('',(0.0701,-0.05,-0.0151));
#2150=CARTESIAN_POINT('',(-3.46944695195361E-18,-0.05,-0.0201));
#2151=CARTESIAN_POINT('',(0.0401,-0.0701,-0.0201));
#2152=CARTESIAN_POINT('',(0.04165,-0.0674153212482682,-0.0201));
#2153=CARTESIAN_POINT('',(0.03855,-0.0674153212482682,-0.0201));
#2154=CARTESIAN_POINT('',(0.040875,-0.0669678747896463,-0.0201));
#2155=CARTESIAN_POINT('',(0.0401,-0.0665204283310243,-0.0201));
#2156=CARTESIAN_POINT('',(0.039325,-0.0669678747896463,-0.0201));
#2157=CARTESIAN_POINT('',(-0.000775,-0.0268678747896463,-0.0201));
#2158=CARTESIAN_POINT('',(-0.00155,-0.0273153212482682,-0.0201));
#2159=CARTESIAN_POINT('',(1.7347234759768E-18,-0.0264204283310243,-0.0201));
#2160=CARTESIAN_POINT('',(-4.33680868994202E-19,-0.03,-0.0201));
#2161=CARTESIAN_POINT('',(0.00155,-0.0273153212482682,-0.0201));
#2162=CARTESIAN_POINT('',(0.000775,-0.0268678747896463,-0.0201));
#2163=CARTESIAN_POINT('',(-0.000775000000000009,-0.0669678747896463,-0.0201));
#2164=CARTESIAN_POINT('',(-0.00155,-0.0674153212482682,-0.0201));
#2165=CARTESIAN_POINT('',(-1.38777878078145E-17,-0.0665204283310243,-0.0201));
#2166=CARTESIAN_POINT('',(-6.17995238316738E-18,-0.0701,-0.0201));
#2167=CARTESIAN_POINT('',(0.00155,-0.0674153212482682,-0.0201));
#2168=CARTESIAN_POINT('',(0.000774999999999989,-0.0669678747896463,-0.0201));
#2169=CARTESIAN_POINT('',(-3.46944695195361E-18,0.,-0.0201));
#2170=CARTESIAN_POINT('',(0.0701,-0.05,-0.0201));
#2171=CARTESIAN_POINT('',(0.0701,-0.05,-0.0201));
#2172=CARTESIAN_POINT('',(0.0701,-0.0701,-0.0201));
#2173=CARTESIAN_POINT('',(0.0701,-0.0902,-0.0201));
#2174=CARTESIAN_POINT('',(0.0701,-0.0902,-0.0201));
#2175=CARTESIAN_POINT('',(-0.0201,-0.0902,-0.0201));
#2176=CARTESIAN_POINT('',(-0.0201,-0.05,-0.0201));
#2177=CARTESIAN_POINT('',(0.,0.,0.));
#2178=CARTESIAN_POINT('',(0.0701,-0.05,-8.63046505461098E-18));
#2179=CARTESIAN_POINT('',(0.0701,-0.05,0.0151));
#2180=CARTESIAN_POINT('',(0.0505,-0.05,0.0151));
#2181=CARTESIAN_POINT('',(0.0701,-0.05,0.0201));
#2182=CARTESIAN_POINT('',(0.0701,-0.05,0.0201));
#2183=CARTESIAN_POINT('',(0.0701,-0.05,-8.63046505461098E-18));
#2184=CARTESIAN_POINT('',(0.0505,-0.05,-8.63046505461098E-18));
#2185=CARTESIAN_POINT('',(0.0701,-0.05,-8.63046505461098E-18));
#2186=CARTESIAN_POINT('',(1.20653901463461E-17,-0.05,0.0699));
#2187=CARTESIAN_POINT('',(0.0201,-0.05,0.0699));
#2188=CARTESIAN_POINT('',(0.0201,-0.05,0.0699));
#2189=CARTESIAN_POINT('',(0.0701,-0.05,0.0505));
#2190=CARTESIAN_POINT('',(0.0701,-0.0701,0.0151));
#2191=CARTESIAN_POINT('',(0.0701,-0.0852,0.0151));
#2192=CARTESIAN_POINT('',(0.0701,-0.0852,0.0151));
#2193=CARTESIAN_POINT('',(0.0505,-0.0852,0.0151));
#2194=CARTESIAN_POINT('',(0.0505,-0.0701,0.0151));
#2195=CARTESIAN_POINT('',(0.0701,-0.055,0.0151));
#2196=CARTESIAN_POINT('',(0.0701,-0.055,0.0151));
#2197=CARTESIAN_POINT('',(0.0701,-0.0701,0.0151));
#2198=CARTESIAN_POINT('',(0.0701,-0.055,-6.89574157863417E-18));
#2199=CARTESIAN_POINT('',(0.0505,-0.055,-3.46944695195361E-18));
#2200=CARTESIAN_POINT('',(0.0701,-0.055,-6.89574157863417E-18));
#2201=CARTESIAN_POINT('',(0.0701,-0.0701,0.0201));
#2202=CARTESIAN_POINT('',(0.0701,-0.0852,0.0201));
#2203=CARTESIAN_POINT('',(0.0201,-0.0852,0.0201));
#2204=CARTESIAN_POINT('',(0.0505,-0.0852,0.0201));
#2205=CARTESIAN_POINT('',(0.0201,-0.0701,0.0201));
#2206=CARTESIAN_POINT('',(0.0201,-0.0902,0.0201));
#2207=CARTESIAN_POINT('',(0.0701,-0.0902,0.0201));
#2208=CARTESIAN_POINT('',(0.0701,-0.0902,0.0201));
#2209=CARTESIAN_POINT('',(0.0701,-0.0701,0.0201));
#2210=CARTESIAN_POINT('',(0.0201,-0.0701,0.0201));
#2211=CARTESIAN_POINT('',(0.0505,-0.0701,0.0201));
#2212=CARTESIAN_POINT('',(0.0701,-0.0902,-1.55693589585182E-17));
#2213=CARTESIAN_POINT('',(0.0401,-0.0902,-3.05258626471848E-18));
#2214=CARTESIAN_POINT('',(0.0401,-0.0902,-0.0031));
#2215=CARTESIAN_POINT('',(1.7347234759768E-18,-0.0902,0.0401));
#2216=CARTESIAN_POINT('',(1.7347234759768E-18,-0.0902,0.037));
#2217=CARTESIAN_POINT('',(3.46944695195361E-18,-0.0902,-1.54490322210896E-18));
#2218=CARTESIAN_POINT('',(3.46944695195361E-18,-0.0902,-0.0031));
#2219=CARTESIAN_POINT('',(0.0201,-0.0902,0.0699));
#2220=CARTESIAN_POINT('',(0.0201,-0.0902,0.0699));
#2221=CARTESIAN_POINT('',(1.65704929048531E-18,-0.0902,0.0699));
#2222=CARTESIAN_POINT('',(-0.0251,-0.0902,0.0699));
#2223=CARTESIAN_POINT('',(-0.0251,-0.0902,-0.0231));
#2224=CARTESIAN_POINT('',(-0.0676,-0.0902,-0.0231));
#2225=CARTESIAN_POINT('',(-0.0676,-0.0902,-0.0231));
#2226=CARTESIAN_POINT('',(-0.0676,-0.0902,0.0699));
#2227=CARTESIAN_POINT('',(-0.0676,-0.0902,-0.0281));
#2228=CARTESIAN_POINT('',(-0.0251,-0.0902,-0.0281));
#2229=CARTESIAN_POINT('',(-0.0201,-0.0902,-0.0281));
#2230=CARTESIAN_POINT('',(-0.0201,-0.0902,0.0699));
#2231=CARTESIAN_POINT('',(0.0701,-0.0902,-1.55693589585182E-17));
#2232=CARTESIAN_POINT('',(0.0701,-0.0852,-1.38346354825414E-17));
#2233=CARTESIAN_POINT('',(0.0401,-0.0852,-3.05258626471848E-18));
#2234=CARTESIAN_POINT('',(0.0401,-0.0852,-0.0031));
#2235=CARTESIAN_POINT('',(1.7347234759768E-18,-0.0852,0.0401));
#2236=CARTESIAN_POINT('',(1.7347234759768E-18,-0.0852,0.037));
#2237=CARTESIAN_POINT('',(3.46944695195361E-18,-0.0852,-1.54490322210896E-18));
#2238=CARTESIAN_POINT('',(3.46944695195361E-18,-0.0852,-0.0031));
#2239=CARTESIAN_POINT('',(1.65704929048531E-18,-0.0852,0.0699));
#2240=CARTESIAN_POINT('',(0.0151,-0.0852,0.0699));
#2241=CARTESIAN_POINT('',(0.0151,-0.0852,0.0699));
#2242=CARTESIAN_POINT('',(0.0151,-0.0852,0.0505));
#2243=CARTESIAN_POINT('',(0.0701,-0.0852,0.0505));
#2244=CARTESIAN_POINT('',(0.0201,-0.0852,0.0505));
#2245=CARTESIAN_POINT('',(0.0201,-0.0852,0.0699));
#2246=CARTESIAN_POINT('',(0.0505,-0.0852,0.0505));
#2247=CARTESIAN_POINT('',(0.0701,-0.0852,-1.38346354825414E-17));
#2248=CARTESIAN_POINT('',(0.0701,-0.0451,-8.63046505461098E-18));
#2249=CARTESIAN_POINT('',(0.0151,-0.0701,0.0699));
#2250=CARTESIAN_POINT('',(0.0151,-0.0701,0.0505));
#2251=CARTESIAN_POINT('',(0.0151,-0.0701,0.0699));
#2252=CARTESIAN_POINT('',(0.0201,-0.0701,0.0699));
#2253=CARTESIAN_POINT('',(0.0201,-0.0701,0.0505));
#2254=CARTESIAN_POINT('',(0.0201,-0.0701,0.0699));
#2255=CARTESIAN_POINT('',(0.025,-0.0701,0.0699));
#2256=CARTESIAN_POINT('',(-0.0251,-0.0701,-0.0281));
#2257=CARTESIAN_POINT('',(-0.0313,-0.0837813466520527,-0.0281));
#2258=CARTESIAN_POINT('',(-0.03175,-0.084041154273188,-0.0281));
#2259=CARTESIAN_POINT('',(-0.03085,-0.0835215390309173,-0.0281));
#2260=CARTESIAN_POINT('',(-0.03085,-0.0856,-0.0281));
#2261=CARTESIAN_POINT('',(-0.02995,-0.084041154273188,-0.0281));
#2262=CARTESIAN_POINT('',(-0.0304,-0.0837813466520527,-0.0281));
#2263=CARTESIAN_POINT('',(-0.0623,-0.0837813466520527,-0.0281));
#2264=CARTESIAN_POINT('',(-0.06275,-0.084041154273188,-0.0281));
#2265=CARTESIAN_POINT('',(-0.06185,-0.0835215390309174,-0.0281));
#2266=CARTESIAN_POINT('',(-0.06185,-0.0856,-0.0281));
#2267=CARTESIAN_POINT('',(-0.06095,-0.084041154273188,-0.0281));
#2268=CARTESIAN_POINT('',(-0.0614,-0.0837813466520527,-0.0281));
#2269=CARTESIAN_POINT('',(-0.0623,-0.0527813466520527,-0.0281));
#2270=CARTESIAN_POINT('',(-0.06275,-0.053041154273188,-0.0281));
#2271=CARTESIAN_POINT('',(-0.06185,-0.0525215390309174,-0.0281));
#2272=CARTESIAN_POINT('',(-0.06185,-0.0546,-0.0281));
#2273=CARTESIAN_POINT('',(-0.06095,-0.053041154273188,-0.0281));
#2274=CARTESIAN_POINT('',(-0.0614,-0.0527813466520527,-0.0281));
#2275=CARTESIAN_POINT('',(-0.03085,-0.0546,-0.0281));
#2276=CARTESIAN_POINT('',(-0.02995,-0.053041154273188,-0.0281));
#2277=CARTESIAN_POINT('',(-0.03175,-0.053041154273188,-0.0281));
#2278=CARTESIAN_POINT('',(-0.0304,-0.0527813466520527,-0.0281));
#2279=CARTESIAN_POINT('',(-0.03085,-0.0525215390309173,-0.0281));
#2280=CARTESIAN_POINT('',(-0.0313,-0.0527813466520527,-0.0281));
#2281=CARTESIAN_POINT('',(-0.04635,-0.0701,-0.0281));
#2282=CARTESIAN_POINT('',(-0.0575,-0.0701,-0.0281));
#2283=CARTESIAN_POINT('',(-0.0201,-0.0701,-0.0281));
#2284=CARTESIAN_POINT('',(-0.0201,-0.045,-0.0281));
#2285=CARTESIAN_POINT('',(-0.0676,-0.0701,-0.0281));
#2286=CARTESIAN_POINT('',(-0.0676,-0.045,-0.0281));
#2287=CARTESIAN_POINT('',(-0.0251,-0.045,-0.0281));
#2288=CARTESIAN_POINT('',(-0.0251,-0.0451,0.0209));
#2289=CARTESIAN_POINT('',(-0.0251,-0.0701,-0.0231));
#2290=CARTESIAN_POINT('',(-0.0251,-0.04885,-0.0231));
#2291=CARTESIAN_POINT('',(-0.0251,-0.04885,-0.004));
#2292=CARTESIAN_POINT('',(-0.0201,-0.0451,0.0209));
#2293=CARTESIAN_POINT('',(-0.0201,-0.045,-0.004));
#2294=CARTESIAN_POINT('',(-0.0676,-0.0701,-0.0231));
#2295=CARTESIAN_POINT('',(-0.03085,-0.0856,-0.0231));
#2296=CARTESIAN_POINT('',(-0.02995,-0.084041154273188,-0.0231));
#2297=CARTESIAN_POINT('',(-0.03175,-0.084041154273188,-0.0231));
#2298=CARTESIAN_POINT('',(-0.0313,-0.0837813466520527,-0.0231));
#2299=CARTESIAN_POINT('',(-0.03085,-0.0835215390309173,-0.0231));
#2300=CARTESIAN_POINT('',(-0.0304,-0.0837813466520527,-0.0231));
#2301=CARTESIAN_POINT('',(-0.06185,-0.0856,-0.0231));
#2302=CARTESIAN_POINT('',(-0.06275,-0.084041154273188,-0.0231));
#2303=CARTESIAN_POINT('',(-0.06095,-0.0840411542731881,-0.0231));
#2304=CARTESIAN_POINT('',(-0.0623,-0.0837813466520527,-0.0231));
#2305=CARTESIAN_POINT('',(-0.06185,-0.0835215390309174,-0.0231));
#2306=CARTESIAN_POINT('',(-0.0614,-0.0837813466520527,-0.0231));
#2307=CARTESIAN_POINT('',(-0.06185,-0.0546,-0.0231));
#2308=CARTESIAN_POINT('',(-0.06095,-0.0530411542731881,-0.0231));
#2309=CARTESIAN_POINT('',(-0.06275,-0.053041154273188,-0.0231));
#2310=CARTESIAN_POINT('',(-0.0623,-0.0527813466520527,-0.0231));
#2311=CARTESIAN_POINT('',(-0.06185,-0.0525215390309174,-0.0231));
#2312=CARTESIAN_POINT('',(-0.0614,-0.0527813466520527,-0.0231));
#2313=CARTESIAN_POINT('',(-0.0304,-0.0527813466520527,-0.0231));
#2314=CARTESIAN_POINT('',(-0.02995,-0.053041154273188,-0.0231));
#2315=CARTESIAN_POINT('',(-0.03085,-0.0525215390309173,-0.0231));
#2316=CARTESIAN_POINT('',(-0.03085,-0.0546,-0.0231));
#2317=CARTESIAN_POINT('',(-0.03175,-0.053041154273188,-0.0231));
#2318=CARTESIAN_POINT('',(-0.0313,-0.0527813466520527,-0.0231));
#2319=CARTESIAN_POINT('',(-0.04635,-0.0701,-0.0231));
#2320=CARTESIAN_POINT('',(-0.0575,-0.0701,-0.0231));
#2321=CARTESIAN_POINT('',(-0.0676,-0.04885,-0.0231));
#2322=CARTESIAN_POINT('',(-0.0676,-0.04885,-0.0231));
#2323=CARTESIAN_POINT('',(-0.0676,-0.0701,-0.0231));
#2324=CARTESIAN_POINT('',(-0.0676,-0.0701,-0.004));
#2325=CARTESIAN_POINT('',(-0.0676,-0.045,-0.0231));
#2326=CARTESIAN_POINT('',(-0.0676,-0.045,-0.0231));
#2327=CARTESIAN_POINT('',(-0.0676,-0.045,-0.004));
#2328=CARTESIAN_POINT('',(-0.04635,-0.0701,0.069902));
#2329=CARTESIAN_POINT('',(-0.04635,-0.045,-0.0015));
#2330=CARTESIAN_POINT('',(-0.04635,-0.04885,-0.0015));
#2331=CARTESIAN_POINT('',(-0.04635,-0.045,-0.0015));
#2332=CARTESIAN_POINT('',(-0.04385,-0.045,-0.004));
#2333=CARTESIAN_POINT('',(-0.03085,-0.0546,0.069902));
#2334=CARTESIAN_POINT('',(-0.02995,-0.053041154273188,0.069902));
#2335=CARTESIAN_POINT('',(-0.03175,-0.053041154273188,0.069902));
#2336=CARTESIAN_POINT('',(-0.0304,-0.0527813466520527,0.069902));
#2337=CARTESIAN_POINT('',(-0.03085,-0.0525215390309174,0.069902));
#2338=CARTESIAN_POINT('',(-0.0313,-0.0527813466520527,0.069902));
#2339=CARTESIAN_POINT('',(-0.0623,-0.0527813466520527,0.069902));
#2340=CARTESIAN_POINT('',(-0.06275,-0.053041154273188,0.069902));
#2341=CARTESIAN_POINT('',(-0.06185,-0.0525215390309174,0.069902));
#2342=CARTESIAN_POINT('',(-0.06185,-0.0546,0.069902));
#2343=CARTESIAN_POINT('',(-0.06095,-0.053041154273188,0.069902));
#2344=CARTESIAN_POINT('',(-0.0614,-0.0527813466520527,0.069902));
#2345=CARTESIAN_POINT('',(-0.0623,-0.0837813466520527,0.069902));
#2346=CARTESIAN_POINT('',(-0.06275,-0.084041154273188,0.069902));
#2347=CARTESIAN_POINT('',(-0.06185,-0.0835215390309174,0.069902));
#2348=CARTESIAN_POINT('',(-0.06185,-0.0856,0.069902));
#2349=CARTESIAN_POINT('',(-0.06095,-0.084041154273188,0.069902));
#2350=CARTESIAN_POINT('',(-0.0614,-0.0837813466520527,0.069902));
#2351=CARTESIAN_POINT('',(-0.0313,-0.0837813466520527,0.069902));
#2352=CARTESIAN_POINT('',(-0.03175,-0.084041154273188,0.069902));
#2353=CARTESIAN_POINT('',(-0.03085,-0.0835215390309174,0.069902));
#2354=CARTESIAN_POINT('',(-0.03085,-0.0856,0.069902));
#2355=CARTESIAN_POINT('',(-0.02995,-0.084041154273188,0.069902));
#2356=CARTESIAN_POINT('',(-0.0304,-0.0837813466520527,0.069902));
#2357=CARTESIAN_POINT('',(0.0505,-0.0701,0.0505));
#2358=CARTESIAN_POINT('',(0.0426,-0.0701,0.0505));
#2359=CARTESIAN_POINT('',(1.7347234759768E-18,-0.0196,0.0505));
#2360=CARTESIAN_POINT('',(3.46944695195361E-18,-0.0275,0.0505));
#2361=CARTESIAN_POINT('',(0.0505,-0.0196,-3.46944695195361E-18));
#2362=CARTESIAN_POINT('',(0.0505,-0.0196,0.0151));
#2363=CARTESIAN_POINT('',(0.0328,-0.0196,0.0151));
#2364=CARTESIAN_POINT('',(0.0328,-0.0196,0.0151));
#2365=CARTESIAN_POINT('',(0.0426,-0.0196,0.0177));
#2366=CARTESIAN_POINT('',(-0.04385,-0.04885,-0.004));
#2367=CARTESIAN_POINT('',(-6.17995238316738E-18,-0.0701,0.069902));
#2368=CARTESIAN_POINT('',(0.00155,-0.0674153212482682,0.069902));
#2369=CARTESIAN_POINT('',(-0.00155,-0.0674153212482682,0.069902));
#2370=CARTESIAN_POINT('',(-0.000775000000000009,-0.0669678747896463,0.069902));
#2371=CARTESIAN_POINT('',(-1.38777878078145E-17,-0.0665204283310243,0.069902));
#2372=CARTESIAN_POINT('',(0.000774999999999989,-0.0669678747896463,0.069902));
#2373=CARTESIAN_POINT('',(-4.33680868994202E-19,-0.03,0.069902));
#2374=CARTESIAN_POINT('',(0.00155,-0.0273153212482682,0.069902));
#2375=CARTESIAN_POINT('',(-0.00155,-0.0273153212482682,0.069902));
#2376=CARTESIAN_POINT('',(-0.000775,-0.0268678747896463,0.069902));
#2377=CARTESIAN_POINT('',(1.51788304147971E-18,-0.0264204283310243,0.069902));
#2378=CARTESIAN_POINT('',(0.000775,-0.0268678747896463,0.069902));
#2379=CARTESIAN_POINT('',(0.040875,-0.0669678747896463,0.069902));
#2380=CARTESIAN_POINT('',(0.0401,-0.0665204283310243,0.069902));
#2381=CARTESIAN_POINT('',(0.04165,-0.0674153212482682,0.069902));
#2382=CARTESIAN_POINT('',(0.0401,-0.0701,0.069902));
#2383=CARTESIAN_POINT('',(0.03855,-0.0674153212482682,0.069902));
#2384=CARTESIAN_POINT('',(0.039325,-0.0669678747896463,0.069902));
#2385=CARTESIAN_POINT('',(3.46944695195361E-18,2.000000000002E-6,-1.54490322210896E-18));
#2386=CARTESIAN_POINT('',(1.7347234759768E-18,2.000000000002E-6,0.0401));
#2387=CARTESIAN_POINT('',(0.0401,2.000000000002E-6,-3.05258626471848E-18));
#2388=CARTESIAN_POINT('',(0.070102,-0.03,-1.1558156138924E-17));
#2389=CARTESIAN_POINT('',(0.070102,-0.0273153212482682,-0.00155));
#2390=CARTESIAN_POINT('',(0.070102,-0.0273153212482682,0.00155));
#2391=CARTESIAN_POINT('',(0.070102,-0.0268678747896463,0.000774999999999987));
#2392=CARTESIAN_POINT('',(0.070102,-0.0264204283310243,-1.36181402666465E-17));
#2393=CARTESIAN_POINT('',(0.070102,-0.0268678747896463,-0.000775000000000013));
#2394=CARTESIAN_POINT('',(0.070102,-0.0701,0.0401));
#2395=CARTESIAN_POINT('',(0.070102,-0.0674153212482683,0.03855));
#2396=CARTESIAN_POINT('',(0.070102,-0.0674153212482683,0.04165));
#2397=CARTESIAN_POINT('',(0.070102,-0.0669678747896463,0.040875));
#2398=CARTESIAN_POINT('',(0.070102,-0.0665204283310244,0.0401));
#2399=CARTESIAN_POINT('',(0.070102,-0.0669678747896463,0.039325));
#2400=MECHANICAL_DESIGN_GEOMETRIC_PRESENTATION_REPRESENTATION('',(#1506),
#2401);
#2401=(
GEOMETRIC_REPRESENTATION_CONTEXT(3)
GLOBAL_UNCERTAINTY_ASSIGNED_CONTEXT((#2402))
GLOBAL_UNIT_ASSIGNED_CONTEXT((#2405,#2404,#2403))
REPRESENTATION_CONTEXT('Left Corner Bracket','TOP_LEVEL_ASSEMBLY_PART')
);
#2402=UNCERTAINTY_MEASURE_WITH_UNIT(LENGTH_MEASURE(1.E-8),#2405,
'DISTANCE_ACCURACY_VALUE','Maximum Tolerance applied to model');
#2403=(
NAMED_UNIT(*)
SI_UNIT($,.STERADIAN.)
SOLID_ANGLE_UNIT()
);
#2404=(
NAMED_UNIT(*)
PLANE_ANGLE_UNIT()
SI_UNIT($,.RADIAN.)
);
#2405=(
LENGTH_UNIT()
NAMED_UNIT(*)
SI_UNIT($,.METRE.)
);
#2406=PRODUCT_DEFINITION_SHAPE('','',#2407);
#2407=PRODUCT_DEFINITION('','',#2409,#2408);
#2408=PRODUCT_DEFINITION_CONTEXT('',#2415,'design');
#2409=PRODUCT_DEFINITION_FORMATION_WITH_SPECIFIED_SOURCE('','',#2411,
 .NOT_KNOWN.);
#2410=PRODUCT_RELATED_PRODUCT_CATEGORY('','',(#2411));
#2411=PRODUCT('Left Corner Bracket','Left Corner Bracket',
'Left Corner Bracket',(#2413));
#2412=PRODUCT_CATEGORY('','');
#2413=PRODUCT_CONTEXT('',#2415,'mechanical');
#2414=APPLICATION_PROTOCOL_DEFINITION('international standard',
'automotive_design',2010,#2415);
#2415=APPLICATION_CONTEXT(
'core data for automotive mechanical design processes');
ENDSEC;
END-ISO-10303-21;
