ISO-10303-21;
HEADER;
/* Generated by software containing ST-Developer
 * from STEP Tools, Inc. (www.steptools.com) 
 */
/* OPTION: using custom renumber hook */

FILE_DESCRIPTION(
/* description */ ('STEP AP214',
'CAx-IF Rec.Pracs.---User Defined Attributes---1.5---2016-08-15'),
/* implementation_level */ '2;1');

FILE_NAME(
/* name */ '6a95daacb3b9f08b1d2c5042',
/* time_stamp */ '2026-08-31T19:49:01Z',
/* author */ (''),
/* organization */ (''),
/* preprocessor_version */ 'ST-DEVELOPER v20',
/* originating_system */ 'ONSHAPE BY PTC INC, 1.220',
/* authorisation */ '  ');

FILE_SCHEMA (('AUTOMOTIVE_DESIGN {1 0 10303 214 3 1 1}'));
ENDSEC;

DATA;
#10=PROPERTY_DEFINITION_REPRESENTATION(#14,#12);
#11=PROPERTY_DEFINITION_REPRESENTATION(#15,#13);
#12=REPRESENTATION('',(#16),#2831);
#13=REPRESENTATION('',(#17),#2831);
#14=PROPERTY_DEFINITION('pmi validation property','',#2836);
#15=PROPERTY_DEFINITION('pmi validation property','',#2836);
#16=VALUE_REPRESENTATION_ITEM('number of annotations',COUNT_MEASURE(0.));
#17=VALUE_REPRESENTATION_ITEM('number of views',COUNT_MEASURE(0.));
#18=SHAPE_REPRESENTATION_RELATIONSHIP('','',#1685,#19);
#19=ADVANCED_BREP_SHAPE_REPRESENTATION('',(#1683),#2831);
#20=TOROIDAL_SURFACE('',#1809,0.005,0.002);
#21=TOROIDAL_SURFACE('',#1821,0.005,0.002);
#22=TOROIDAL_SURFACE('',#1834,0.005,0.002);
#23=TOROIDAL_SURFACE('',#1846,0.005,0.002);
#24=DEGENERATE_TOROIDAL_SURFACE('',#1805,0.001,0.002,.T.);
#25=DEGENERATE_TOROIDAL_SURFACE('',#1813,0.001,0.002,.T.);
#26=DEGENERATE_TOROIDAL_SURFACE('',#1817,0.001,0.002,.T.);
#27=DEGENERATE_TOROIDAL_SURFACE('',#1825,0.001,0.002,.T.);
#28=DEGENERATE_TOROIDAL_SURFACE('',#1830,0.001,0.002,.T.);
#29=DEGENERATE_TOROIDAL_SURFACE('',#1838,0.001,0.002,.T.);
#30=DEGENERATE_TOROIDAL_SURFACE('',#1842,0.001,0.002,.T.);
#31=DEGENERATE_TOROIDAL_SURFACE('',#1850,0.001,0.002,.T.);
#32=ELLIPSE('',#1765,0.00230940107675851,0.002);
#33=ELLIPSE('',#1768,0.00230940107675851,0.002);
#34=ELLIPSE('',#1774,0.00230940107675851,0.002);
#35=ELLIPSE('',#1777,0.00230940107675851,0.002);
#36=PLANE('',#1693);
#37=PLANE('',#1694);
#38=PLANE('',#1695);
#39=PLANE('',#1696);
#40=PLANE('',#1697);
#41=PLANE('',#1701);
#42=PLANE('',#1703);
#43=PLANE('',#1704);
#44=PLANE('',#1706);
#45=PLANE('',#1717);
#46=PLANE('',#1718);
#47=PLANE('',#1729);
#48=PLANE('',#1731);
#49=PLANE('',#1732);
#50=PLANE('',#1735);
#51=PLANE('',#1736);
#52=PLANE('',#1737);
#53=PLANE('',#1740);
#54=PLANE('',#1741);
#55=PLANE('',#1742);
#56=PLANE('',#1745);
#57=PLANE('',#1746);
#58=PLANE('',#1747);
#59=PLANE('',#1748);
#60=PLANE('',#1749);
#61=PLANE('',#1750);
#62=PLANE('',#1751);
#63=PLANE('',#1753);
#64=PLANE('',#1754);
#65=PLANE('',#1755);
#66=PLANE('',#1757);
#67=PLANE('',#1758);
#68=PLANE('',#1759);
#69=PLANE('',#1760);
#70=PLANE('',#1761);
#71=PLANE('',#1762);
#72=PLANE('',#1763);
#73=PLANE('',#1764);
#74=PLANE('',#1766);
#75=PLANE('',#1767);
#76=PLANE('',#1769);
#77=PLANE('',#1770);
#78=PLANE('',#1771);
#79=PLANE('',#1772);
#80=PLANE('',#1773);
#81=PLANE('',#1775);
#82=PLANE('',#1776);
#83=PLANE('',#1778);
#84=CIRCLE('',#1688,0.0028);
#85=CIRCLE('',#1689,0.0028);
#86=CIRCLE('',#1691,0.0028);
#87=CIRCLE('',#1692,0.0028);
#88=CIRCLE('',#1699,0.0028);
#89=CIRCLE('',#1700,0.0028);
#90=CIRCLE('',#1702,0.0028);
#91=CIRCLE('',#1705,0.002);
#92=CIRCLE('',#1707,0.001);
#93=CIRCLE('',#1708,0.005);
#94=CIRCLE('',#1709,0.001);
#95=CIRCLE('',#1710,0.001);
#96=CIRCLE('',#1711,0.005);
#97=CIRCLE('',#1712,0.001);
#98=CIRCLE('',#1713,0.003);
#99=CIRCLE('',#1714,0.003);
#100=CIRCLE('',#1715,0.003);
#101=CIRCLE('',#1716,0.003);
#102=CIRCLE('',#1719,0.001);
#103=CIRCLE('',#1720,0.005);
#104=CIRCLE('',#1721,0.001);
#105=CIRCLE('',#1722,0.001);
#106=CIRCLE('',#1723,0.005);
#107=CIRCLE('',#1724,0.001);
#108=CIRCLE('',#1725,0.003);
#109=CIRCLE('',#1726,0.003);
#110=CIRCLE('',#1727,0.003);
#111=CIRCLE('',#1728,0.003);
#112=CIRCLE('',#1730,0.002);
#113=CIRCLE('',#1734,0.0028);
#114=CIRCLE('',#1738,0.0018);
#115=CIRCLE('',#1739,0.0018);
#116=CIRCLE('',#1743,0.0018);
#117=CIRCLE('',#1744,0.0018);
#118=CIRCLE('',#1752,0.002);
#119=CIRCLE('',#1756,0.002);
#120=CIRCLE('',#1782,0.003);
#121=CIRCLE('',#1783,0.003);
#122=CIRCLE('',#1785,0.003);
#123=CIRCLE('',#1786,0.003);
#124=CIRCLE('',#1788,0.003);
#125=CIRCLE('',#1789,0.003);
#126=CIRCLE('',#1791,0.003);
#127=CIRCLE('',#1792,0.003);
#128=CIRCLE('',#1798,0.003);
#129=CIRCLE('',#1799,0.003);
#130=CIRCLE('',#1801,0.003);
#131=CIRCLE('',#1802,0.003);
#132=CIRCLE('',#1804,0.002);
#133=CIRCLE('',#1806,0.002);
#134=CIRCLE('',#1808,0.002);
#135=CIRCLE('',#1810,0.002);
#136=CIRCLE('',#1812,0.002);
#137=CIRCLE('',#1814,0.002);
#138=CIRCLE('',#1816,0.002);
#139=CIRCLE('',#1818,0.002);
#140=CIRCLE('',#1820,0.002);
#141=CIRCLE('',#1822,0.002);
#142=CIRCLE('',#1824,0.002);
#143=CIRCLE('',#1826,0.002);
#144=CIRCLE('',#1829,0.002);
#145=CIRCLE('',#1831,0.002);
#146=CIRCLE('',#1833,0.002);
#147=CIRCLE('',#1835,0.002);
#148=CIRCLE('',#1837,0.002);
#149=CIRCLE('',#1839,0.002);
#150=CIRCLE('',#1841,0.002);
#151=CIRCLE('',#1843,0.002);
#152=CIRCLE('',#1845,0.002);
#153=CIRCLE('',#1847,0.002);
#154=CIRCLE('',#1849,0.002);
#155=CIRCLE('',#1851,0.002);
#156=ORIENTED_EDGE('',*,*,#632,.T.);
#157=ORIENTED_EDGE('',*,*,#633,.T.);
#158=ORIENTED_EDGE('',*,*,#634,.F.);
#159=ORIENTED_EDGE('',*,*,#635,.F.);
#160=ORIENTED_EDGE('',*,*,#636,.T.);
#161=ORIENTED_EDGE('',*,*,#637,.T.);
#162=ORIENTED_EDGE('',*,*,#638,.F.);
#163=ORIENTED_EDGE('',*,*,#639,.F.);
#164=ORIENTED_EDGE('',*,*,#640,.T.);
#165=ORIENTED_EDGE('',*,*,#641,.T.);
#166=ORIENTED_EDGE('',*,*,#642,.F.);
#167=ORIENTED_EDGE('',*,*,#643,.F.);
#168=ORIENTED_EDGE('',*,*,#644,.F.);
#169=ORIENTED_EDGE('',*,*,#645,.F.);
#170=ORIENTED_EDGE('',*,*,#646,.F.);
#171=ORIENTED_EDGE('',*,*,#647,.T.);
#172=ORIENTED_EDGE('',*,*,#648,.F.);
#173=ORIENTED_EDGE('',*,*,#649,.T.);
#174=ORIENTED_EDGE('',*,*,#650,.T.);
#175=ORIENTED_EDGE('',*,*,#651,.F.);
#176=ORIENTED_EDGE('',*,*,#652,.T.);
#177=ORIENTED_EDGE('',*,*,#653,.T.);
#178=ORIENTED_EDGE('',*,*,#654,.T.);
#179=ORIENTED_EDGE('',*,*,#655,.T.);
#180=ORIENTED_EDGE('',*,*,#656,.T.);
#181=ORIENTED_EDGE('',*,*,#657,.T.);
#182=ORIENTED_EDGE('',*,*,#658,.T.);
#183=ORIENTED_EDGE('',*,*,#659,.T.);
#184=ORIENTED_EDGE('',*,*,#660,.T.);
#185=ORIENTED_EDGE('',*,*,#636,.F.);
#186=ORIENTED_EDGE('',*,*,#661,.F.);
#187=ORIENTED_EDGE('',*,*,#662,.T.);
#188=ORIENTED_EDGE('',*,*,#663,.T.);
#189=ORIENTED_EDGE('',*,*,#662,.F.);
#190=ORIENTED_EDGE('',*,*,#664,.F.);
#191=ORIENTED_EDGE('',*,*,#638,.T.);
#192=ORIENTED_EDGE('',*,*,#665,.T.);
#193=ORIENTED_EDGE('',*,*,#632,.F.);
#194=ORIENTED_EDGE('',*,*,#666,.F.);
#195=ORIENTED_EDGE('',*,*,#667,.T.);
#196=ORIENTED_EDGE('',*,*,#668,.T.);
#197=ORIENTED_EDGE('',*,*,#667,.F.);
#198=ORIENTED_EDGE('',*,*,#669,.F.);
#199=ORIENTED_EDGE('',*,*,#634,.T.);
#200=ORIENTED_EDGE('',*,*,#670,.T.);
#201=ORIENTED_EDGE('',*,*,#671,.T.);
#202=ORIENTED_EDGE('',*,*,#672,.F.);
#203=ORIENTED_EDGE('',*,*,#673,.F.);
#204=ORIENTED_EDGE('',*,*,#674,.F.);
#205=ORIENTED_EDGE('',*,*,#675,.F.);
#206=ORIENTED_EDGE('',*,*,#676,.F.);
#207=ORIENTED_EDGE('',*,*,#677,.F.);
#208=ORIENTED_EDGE('',*,*,#678,.F.);
#209=ORIENTED_EDGE('',*,*,#679,.F.);
#210=ORIENTED_EDGE('',*,*,#680,.T.);
#211=ORIENTED_EDGE('',*,*,#681,.T.);
#212=ORIENTED_EDGE('',*,*,#682,.F.);
#213=ORIENTED_EDGE('',*,*,#683,.F.);
#214=ORIENTED_EDGE('',*,*,#684,.T.);
#215=ORIENTED_EDGE('',*,*,#685,.T.);
#216=ORIENTED_EDGE('',*,*,#686,.T.);
#217=ORIENTED_EDGE('',*,*,#687,.T.);
#218=ORIENTED_EDGE('',*,*,#688,.F.);
#219=ORIENTED_EDGE('',*,*,#684,.F.);
#220=ORIENTED_EDGE('',*,*,#687,.F.);
#221=ORIENTED_EDGE('',*,*,#689,.T.);
#222=ORIENTED_EDGE('',*,*,#690,.T.);
#223=ORIENTED_EDGE('',*,*,#691,.T.);
#224=ORIENTED_EDGE('',*,*,#692,.T.);
#225=ORIENTED_EDGE('',*,*,#693,.T.);
#226=ORIENTED_EDGE('',*,*,#694,.T.);
#227=ORIENTED_EDGE('',*,*,#695,.T.);
#228=ORIENTED_EDGE('',*,*,#696,.T.);
#229=ORIENTED_EDGE('',*,*,#697,.T.);
#230=ORIENTED_EDGE('',*,*,#698,.T.);
#231=ORIENTED_EDGE('',*,*,#699,.T.);
#232=ORIENTED_EDGE('',*,*,#700,.T.);
#233=ORIENTED_EDGE('',*,*,#701,.T.);
#234=ORIENTED_EDGE('',*,*,#702,.T.);
#235=ORIENTED_EDGE('',*,*,#703,.T.);
#236=ORIENTED_EDGE('',*,*,#704,.F.);
#237=ORIENTED_EDGE('',*,*,#705,.T.);
#238=ORIENTED_EDGE('',*,*,#706,.F.);
#239=ORIENTED_EDGE('',*,*,#707,.T.);
#240=ORIENTED_EDGE('',*,*,#708,.F.);
#241=ORIENTED_EDGE('',*,*,#709,.T.);
#242=ORIENTED_EDGE('',*,*,#710,.T.);
#243=ORIENTED_EDGE('',*,*,#711,.T.);
#244=ORIENTED_EDGE('',*,*,#712,.F.);
#245=ORIENTED_EDGE('',*,*,#713,.F.);
#246=ORIENTED_EDGE('',*,*,#714,.T.);
#247=ORIENTED_EDGE('',*,*,#715,.T.);
#248=ORIENTED_EDGE('',*,*,#716,.T.);
#249=ORIENTED_EDGE('',*,*,#717,.T.);
#250=ORIENTED_EDGE('',*,*,#718,.F.);
#251=ORIENTED_EDGE('',*,*,#719,.T.);
#252=ORIENTED_EDGE('',*,*,#720,.T.);
#253=ORIENTED_EDGE('',*,*,#721,.T.);
#254=ORIENTED_EDGE('',*,*,#722,.T.);
#255=ORIENTED_EDGE('',*,*,#723,.T.);
#256=ORIENTED_EDGE('',*,*,#724,.T.);
#257=ORIENTED_EDGE('',*,*,#725,.T.);
#258=ORIENTED_EDGE('',*,*,#726,.T.);
#259=ORIENTED_EDGE('',*,*,#727,.T.);
#260=ORIENTED_EDGE('',*,*,#728,.T.);
#261=ORIENTED_EDGE('',*,*,#729,.T.);
#262=ORIENTED_EDGE('',*,*,#730,.T.);
#263=ORIENTED_EDGE('',*,*,#731,.T.);
#264=ORIENTED_EDGE('',*,*,#732,.T.);
#265=ORIENTED_EDGE('',*,*,#678,.T.);
#266=ORIENTED_EDGE('',*,*,#733,.T.);
#267=ORIENTED_EDGE('',*,*,#734,.T.);
#268=ORIENTED_EDGE('',*,*,#735,.F.);
#269=ORIENTED_EDGE('',*,*,#736,.T.);
#270=ORIENTED_EDGE('',*,*,#737,.T.);
#271=ORIENTED_EDGE('',*,*,#738,.T.);
#272=ORIENTED_EDGE('',*,*,#739,.T.);
#273=ORIENTED_EDGE('',*,*,#740,.T.);
#274=ORIENTED_EDGE('',*,*,#741,.T.);
#275=ORIENTED_EDGE('',*,*,#742,.F.);
#276=ORIENTED_EDGE('',*,*,#732,.F.);
#277=ORIENTED_EDGE('',*,*,#743,.T.);
#278=ORIENTED_EDGE('',*,*,#744,.F.);
#279=ORIENTED_EDGE('',*,*,#745,.T.);
#280=ORIENTED_EDGE('',*,*,#679,.T.);
#281=ORIENTED_EDGE('',*,*,#680,.F.);
#282=ORIENTED_EDGE('',*,*,#745,.F.);
#283=ORIENTED_EDGE('',*,*,#746,.T.);
#284=ORIENTED_EDGE('',*,*,#747,.T.);
#285=ORIENTED_EDGE('',*,*,#712,.T.);
#286=ORIENTED_EDGE('',*,*,#748,.T.);
#287=ORIENTED_EDGE('',*,*,#733,.F.);
#288=ORIENTED_EDGE('',*,*,#677,.T.);
#289=ORIENTED_EDGE('',*,*,#747,.F.);
#290=ORIENTED_EDGE('',*,*,#749,.T.);
#291=ORIENTED_EDGE('',*,*,#682,.T.);
#292=ORIENTED_EDGE('',*,*,#750,.T.);
#293=ORIENTED_EDGE('',*,*,#751,.F.);
#294=ORIENTED_EDGE('',*,*,#752,.T.);
#295=ORIENTED_EDGE('',*,*,#675,.T.);
#296=ORIENTED_EDGE('',*,*,#753,.F.);
#297=ORIENTED_EDGE('',*,*,#744,.T.);
#298=ORIENTED_EDGE('',*,*,#754,.T.);
#299=ORIENTED_EDGE('',*,*,#755,.T.);
#300=ORIENTED_EDGE('',*,*,#756,.T.);
#301=ORIENTED_EDGE('',*,*,#685,.F.);
#302=ORIENTED_EDGE('',*,*,#683,.T.);
#303=ORIENTED_EDGE('',*,*,#749,.F.);
#304=ORIENTED_EDGE('',*,*,#746,.F.);
#305=ORIENTED_EDGE('',*,*,#670,.F.);
#306=ORIENTED_EDGE('',*,*,#757,.T.);
#307=ORIENTED_EDGE('',*,*,#758,.T.);
#308=ORIENTED_EDGE('',*,*,#751,.T.);
#309=ORIENTED_EDGE('',*,*,#759,.T.);
#310=ORIENTED_EDGE('',*,*,#760,.T.);
#311=ORIENTED_EDGE('',*,*,#761,.F.);
#312=ORIENTED_EDGE('',*,*,#672,.T.);
#313=ORIENTED_EDGE('',*,*,#762,.F.);
#314=ORIENTED_EDGE('',*,*,#750,.F.);
#315=ORIENTED_EDGE('',*,*,#681,.F.);
#316=ORIENTED_EDGE('',*,*,#688,.T.);
#317=ORIENTED_EDGE('',*,*,#713,.T.);
#318=ORIENTED_EDGE('',*,*,#763,.F.);
#319=ORIENTED_EDGE('',*,*,#764,.F.);
#320=ORIENTED_EDGE('',*,*,#737,.F.);
#321=ORIENTED_EDGE('',*,*,#765,.T.);
#322=ORIENTED_EDGE('',*,*,#708,.T.);
#323=ORIENTED_EDGE('',*,*,#766,.T.);
#324=ORIENTED_EDGE('',*,*,#735,.T.);
#325=ORIENTED_EDGE('',*,*,#767,.T.);
#326=ORIENTED_EDGE('',*,*,#710,.F.);
#327=ORIENTED_EDGE('',*,*,#768,.T.);
#328=ORIENTED_EDGE('',*,*,#769,.T.);
#329=ORIENTED_EDGE('',*,*,#770,.T.);
#330=ORIENTED_EDGE('',*,*,#771,.T.);
#331=ORIENTED_EDGE('',*,*,#772,.T.);
#332=ORIENTED_EDGE('',*,*,#773,.F.);
#333=ORIENTED_EDGE('',*,*,#774,.F.);
#334=ORIENTED_EDGE('',*,*,#775,.T.);
#335=ORIENTED_EDGE('',*,*,#776,.T.);
#336=ORIENTED_EDGE('',*,*,#777,.T.);
#337=ORIENTED_EDGE('',*,*,#778,.T.);
#338=ORIENTED_EDGE('',*,*,#779,.T.);
#339=ORIENTED_EDGE('',*,*,#780,.T.);
#340=ORIENTED_EDGE('',*,*,#781,.T.);
#341=ORIENTED_EDGE('',*,*,#782,.T.);
#342=ORIENTED_EDGE('',*,*,#783,.T.);
#343=ORIENTED_EDGE('',*,*,#784,.T.);
#344=ORIENTED_EDGE('',*,*,#785,.T.);
#345=ORIENTED_EDGE('',*,*,#786,.T.);
#346=ORIENTED_EDGE('',*,*,#741,.F.);
#347=ORIENTED_EDGE('',*,*,#787,.T.);
#348=ORIENTED_EDGE('',*,*,#704,.T.);
#349=ORIENTED_EDGE('',*,*,#788,.F.);
#350=ORIENTED_EDGE('',*,*,#789,.F.);
#351=ORIENTED_EDGE('',*,*,#650,.F.);
#352=ORIENTED_EDGE('',*,*,#790,.T.);
#353=ORIENTED_EDGE('',*,*,#791,.F.);
#354=ORIENTED_EDGE('',*,*,#706,.T.);
#355=ORIENTED_EDGE('',*,*,#792,.T.);
#356=ORIENTED_EDGE('',*,*,#739,.F.);
#357=ORIENTED_EDGE('',*,*,#793,.T.);
#358=ORIENTED_EDGE('',*,*,#635,.T.);
#359=ORIENTED_EDGE('',*,*,#669,.T.);
#360=ORIENTED_EDGE('',*,*,#666,.T.);
#361=ORIENTED_EDGE('',*,*,#742,.T.);
#362=ORIENTED_EDGE('',*,*,#791,.T.);
#363=ORIENTED_EDGE('',*,*,#794,.F.);
#364=ORIENTED_EDGE('',*,*,#795,.T.);
#365=ORIENTED_EDGE('',*,*,#639,.T.);
#366=ORIENTED_EDGE('',*,*,#664,.T.);
#367=ORIENTED_EDGE('',*,*,#661,.T.);
#368=ORIENTED_EDGE('',*,*,#796,.T.);
#369=ORIENTED_EDGE('',*,*,#788,.T.);
#370=ORIENTED_EDGE('',*,*,#703,.F.);
#371=ORIENTED_EDGE('',*,*,#797,.F.);
#372=ORIENTED_EDGE('',*,*,#648,.T.);
#373=ORIENTED_EDGE('',*,*,#798,.T.);
#374=ORIENTED_EDGE('',*,*,#718,.T.);
#375=ORIENTED_EDGE('',*,*,#795,.F.);
#376=ORIENTED_EDGE('',*,*,#799,.F.);
#377=ORIENTED_EDGE('',*,*,#794,.T.);
#378=ORIENTED_EDGE('',*,*,#790,.F.);
#379=ORIENTED_EDGE('',*,*,#649,.F.);
#380=ORIENTED_EDGE('',*,*,#799,.T.);
#381=ORIENTED_EDGE('',*,*,#796,.F.);
#382=ORIENTED_EDGE('',*,*,#800,.F.);
#383=ORIENTED_EDGE('',*,*,#651,.T.);
#384=ORIENTED_EDGE('',*,*,#789,.T.);
#385=ORIENTED_EDGE('',*,*,#702,.F.);
#386=ORIENTED_EDGE('',*,*,#801,.T.);
#387=ORIENTED_EDGE('',*,*,#652,.F.);
#388=ORIENTED_EDGE('',*,*,#800,.T.);
#389=ORIENTED_EDGE('',*,*,#797,.T.);
#390=ORIENTED_EDGE('',*,*,#673,.T.);
#391=ORIENTED_EDGE('',*,*,#761,.T.);
#392=ORIENTED_EDGE('',*,*,#802,.F.);
#393=ORIENTED_EDGE('',*,*,#757,.F.);
#394=ORIENTED_EDGE('',*,*,#802,.T.);
#395=ORIENTED_EDGE('',*,*,#762,.T.);
#396=ORIENTED_EDGE('',*,*,#671,.F.);
#397=ORIENTED_EDGE('',*,*,#758,.F.);
#398=ORIENTED_EDGE('',*,*,#674,.T.);
#399=ORIENTED_EDGE('',*,*,#803,.F.);
#400=ORIENTED_EDGE('',*,*,#759,.F.);
#401=ORIENTED_EDGE('',*,*,#753,.T.);
#402=ORIENTED_EDGE('',*,*,#676,.T.);
#403=ORIENTED_EDGE('',*,*,#752,.F.);
#404=ORIENTED_EDGE('',*,*,#760,.F.);
#405=ORIENTED_EDGE('',*,*,#803,.T.);
#406=ORIENTED_EDGE('',*,*,#645,.T.);
#407=ORIENTED_EDGE('',*,*,#804,.F.);
#408=ORIENTED_EDGE('',*,*,#805,.F.);
#409=ORIENTED_EDGE('',*,*,#806,.T.);
#410=ORIENTED_EDGE('',*,*,#644,.T.);
#411=ORIENTED_EDGE('',*,*,#807,.F.);
#412=ORIENTED_EDGE('',*,*,#808,.F.);
#413=ORIENTED_EDGE('',*,*,#804,.T.);
#414=ORIENTED_EDGE('',*,*,#643,.T.);
#415=ORIENTED_EDGE('',*,*,#809,.F.);
#416=ORIENTED_EDGE('',*,*,#810,.F.);
#417=ORIENTED_EDGE('',*,*,#807,.T.);
#418=ORIENTED_EDGE('',*,*,#642,.T.);
#419=ORIENTED_EDGE('',*,*,#811,.T.);
#420=ORIENTED_EDGE('',*,*,#812,.F.);
#421=ORIENTED_EDGE('',*,*,#813,.F.);
#422=ORIENTED_EDGE('',*,*,#809,.T.);
#423=ORIENTED_EDGE('',*,*,#812,.T.);
#424=ORIENTED_EDGE('',*,*,#814,.T.);
#425=ORIENTED_EDGE('',*,*,#815,.F.);
#426=ORIENTED_EDGE('',*,*,#816,.F.);
#427=ORIENTED_EDGE('',*,*,#815,.T.);
#428=ORIENTED_EDGE('',*,*,#817,.T.);
#429=ORIENTED_EDGE('',*,*,#646,.T.);
#430=ORIENTED_EDGE('',*,*,#806,.F.);
#431=ORIENTED_EDGE('',*,*,#818,.F.);
#432=ORIENTED_EDGE('',*,*,#668,.F.);
#433=ORIENTED_EDGE('',*,*,#633,.F.);
#434=ORIENTED_EDGE('',*,*,#665,.F.);
#435=ORIENTED_EDGE('',*,*,#805,.T.);
#436=ORIENTED_EDGE('',*,*,#808,.T.);
#437=ORIENTED_EDGE('',*,*,#810,.T.);
#438=ORIENTED_EDGE('',*,*,#813,.T.);
#439=ORIENTED_EDGE('',*,*,#816,.T.);
#440=ORIENTED_EDGE('',*,*,#818,.T.);
#441=ORIENTED_EDGE('',*,*,#657,.F.);
#442=ORIENTED_EDGE('',*,*,#819,.F.);
#443=ORIENTED_EDGE('',*,*,#820,.T.);
#444=ORIENTED_EDGE('',*,*,#821,.T.);
#445=ORIENTED_EDGE('',*,*,#656,.F.);
#446=ORIENTED_EDGE('',*,*,#822,.F.);
#447=ORIENTED_EDGE('',*,*,#823,.T.);
#448=ORIENTED_EDGE('',*,*,#819,.T.);
#449=ORIENTED_EDGE('',*,*,#655,.F.);
#450=ORIENTED_EDGE('',*,*,#824,.F.);
#451=ORIENTED_EDGE('',*,*,#825,.T.);
#452=ORIENTED_EDGE('',*,*,#822,.T.);
#453=ORIENTED_EDGE('',*,*,#654,.F.);
#454=ORIENTED_EDGE('',*,*,#826,.T.);
#455=ORIENTED_EDGE('',*,*,#827,.F.);
#456=ORIENTED_EDGE('',*,*,#828,.T.);
#457=ORIENTED_EDGE('',*,*,#824,.T.);
#458=ORIENTED_EDGE('',*,*,#827,.T.);
#459=ORIENTED_EDGE('',*,*,#829,.T.);
#460=ORIENTED_EDGE('',*,*,#830,.F.);
#461=ORIENTED_EDGE('',*,*,#831,.T.);
#462=ORIENTED_EDGE('',*,*,#830,.T.);
#463=ORIENTED_EDGE('',*,*,#832,.T.);
#464=ORIENTED_EDGE('',*,*,#658,.F.);
#465=ORIENTED_EDGE('',*,*,#821,.F.);
#466=ORIENTED_EDGE('',*,*,#833,.T.);
#467=ORIENTED_EDGE('',*,*,#820,.F.);
#468=ORIENTED_EDGE('',*,*,#823,.F.);
#469=ORIENTED_EDGE('',*,*,#825,.F.);
#470=ORIENTED_EDGE('',*,*,#828,.F.);
#471=ORIENTED_EDGE('',*,*,#831,.F.);
#472=ORIENTED_EDGE('',*,*,#833,.F.);
#473=ORIENTED_EDGE('',*,*,#663,.F.);
#474=ORIENTED_EDGE('',*,*,#637,.F.);
#475=ORIENTED_EDGE('',*,*,#660,.F.);
#476=ORIENTED_EDGE('',*,*,#764,.T.);
#477=ORIENTED_EDGE('',*,*,#774,.T.);
#478=ORIENTED_EDGE('',*,*,#763,.T.);
#479=ORIENTED_EDGE('',*,*,#773,.T.);
#480=ORIENTED_EDGE('',*,*,#785,.F.);
#481=ORIENTED_EDGE('',*,*,#834,.T.);
#482=ORIENTED_EDGE('',*,*,#640,.F.);
#483=ORIENTED_EDGE('',*,*,#835,.T.);
#484=ORIENTED_EDGE('',*,*,#781,.F.);
#485=ORIENTED_EDGE('',*,*,#836,.T.);
#486=ORIENTED_EDGE('',*,*,#783,.F.);
#487=ORIENTED_EDGE('',*,*,#837,.T.);
#488=ORIENTED_EDGE('',*,*,#755,.F.);
#489=ORIENTED_EDGE('',*,*,#838,.T.);
#490=ORIENTED_EDGE('',*,*,#714,.F.);
#491=ORIENTED_EDGE('',*,*,#839,.T.);
#492=ORIENTED_EDGE('',*,*,#716,.F.);
#493=ORIENTED_EDGE('',*,*,#840,.T.);
#494=ORIENTED_EDGE('',*,*,#769,.F.);
#495=ORIENTED_EDGE('',*,*,#841,.T.);
#496=ORIENTED_EDGE('',*,*,#740,.F.);
#497=ORIENTED_EDGE('',*,*,#792,.F.);
#498=ORIENTED_EDGE('',*,*,#705,.F.);
#499=ORIENTED_EDGE('',*,*,#787,.F.);
#500=ORIENTED_EDGE('',*,*,#734,.F.);
#501=ORIENTED_EDGE('',*,*,#748,.F.);
#502=ORIENTED_EDGE('',*,*,#711,.F.);
#503=ORIENTED_EDGE('',*,*,#767,.F.);
#504=ORIENTED_EDGE('',*,*,#736,.F.);
#505=ORIENTED_EDGE('',*,*,#768,.F.);
#506=ORIENTED_EDGE('',*,*,#709,.F.);
#507=ORIENTED_EDGE('',*,*,#765,.F.);
#508=ORIENTED_EDGE('',*,*,#738,.F.);
#509=ORIENTED_EDGE('',*,*,#766,.F.);
#510=ORIENTED_EDGE('',*,*,#707,.F.);
#511=ORIENTED_EDGE('',*,*,#793,.F.);
#512=ORIENTED_EDGE('',*,*,#771,.F.);
#513=ORIENTED_EDGE('',*,*,#842,.T.);
#514=ORIENTED_EDGE('',*,*,#775,.F.);
#515=ORIENTED_EDGE('',*,*,#843,.T.);
#516=ORIENTED_EDGE('',*,*,#777,.F.);
#517=ORIENTED_EDGE('',*,*,#844,.T.);
#518=ORIENTED_EDGE('',*,*,#779,.F.);
#519=ORIENTED_EDGE('',*,*,#845,.T.);
#520=ORIENTED_EDGE('',*,*,#743,.F.);
#521=ORIENTED_EDGE('',*,*,#731,.F.);
#522=ORIENTED_EDGE('',*,*,#846,.F.);
#523=ORIENTED_EDGE('',*,*,#754,.F.);
#524=ORIENTED_EDGE('',*,*,#846,.T.);
#525=ORIENTED_EDGE('',*,*,#730,.F.);
#526=ORIENTED_EDGE('',*,*,#847,.F.);
#527=ORIENTED_EDGE('',*,*,#838,.F.);
#528=ORIENTED_EDGE('',*,*,#847,.T.);
#529=ORIENTED_EDGE('',*,*,#729,.F.);
#530=ORIENTED_EDGE('',*,*,#848,.F.);
#531=ORIENTED_EDGE('',*,*,#715,.F.);
#532=ORIENTED_EDGE('',*,*,#848,.T.);
#533=ORIENTED_EDGE('',*,*,#728,.F.);
#534=ORIENTED_EDGE('',*,*,#849,.F.);
#535=ORIENTED_EDGE('',*,*,#840,.F.);
#536=ORIENTED_EDGE('',*,*,#849,.T.);
#537=ORIENTED_EDGE('',*,*,#727,.F.);
#538=ORIENTED_EDGE('',*,*,#850,.F.);
#539=ORIENTED_EDGE('',*,*,#770,.F.);
#540=ORIENTED_EDGE('',*,*,#850,.T.);
#541=ORIENTED_EDGE('',*,*,#726,.F.);
#542=ORIENTED_EDGE('',*,*,#851,.F.);
#543=ORIENTED_EDGE('',*,*,#842,.F.);
#544=ORIENTED_EDGE('',*,*,#851,.T.);
#545=ORIENTED_EDGE('',*,*,#725,.F.);
#546=ORIENTED_EDGE('',*,*,#852,.F.);
#547=ORIENTED_EDGE('',*,*,#776,.F.);
#548=ORIENTED_EDGE('',*,*,#852,.T.);
#549=ORIENTED_EDGE('',*,*,#724,.F.);
#550=ORIENTED_EDGE('',*,*,#853,.F.);
#551=ORIENTED_EDGE('',*,*,#844,.F.);
#552=ORIENTED_EDGE('',*,*,#853,.T.);
#553=ORIENTED_EDGE('',*,*,#723,.F.);
#554=ORIENTED_EDGE('',*,*,#854,.F.);
#555=ORIENTED_EDGE('',*,*,#780,.F.);
#556=ORIENTED_EDGE('',*,*,#854,.T.);
#557=ORIENTED_EDGE('',*,*,#722,.F.);
#558=ORIENTED_EDGE('',*,*,#855,.F.);
#559=ORIENTED_EDGE('',*,*,#836,.F.);
#560=ORIENTED_EDGE('',*,*,#855,.T.);
#561=ORIENTED_EDGE('',*,*,#721,.F.);
#562=ORIENTED_EDGE('',*,*,#856,.F.);
#563=ORIENTED_EDGE('',*,*,#784,.F.);
#564=ORIENTED_EDGE('',*,*,#856,.T.);
#565=ORIENTED_EDGE('',*,*,#720,.F.);
#566=ORIENTED_EDGE('',*,*,#857,.F.);
#567=ORIENTED_EDGE('',*,*,#834,.F.);
#568=ORIENTED_EDGE('',*,*,#811,.F.);
#569=ORIENTED_EDGE('',*,*,#641,.F.);
#570=ORIENTED_EDGE('',*,*,#857,.T.);
#571=ORIENTED_EDGE('',*,*,#719,.F.);
#572=ORIENTED_EDGE('',*,*,#798,.F.);
#573=ORIENTED_EDGE('',*,*,#647,.F.);
#574=ORIENTED_EDGE('',*,*,#817,.F.);
#575=ORIENTED_EDGE('',*,*,#814,.F.);
#576=ORIENTED_EDGE('',*,*,#801,.F.);
#577=ORIENTED_EDGE('',*,*,#701,.F.);
#578=ORIENTED_EDGE('',*,*,#858,.F.);
#579=ORIENTED_EDGE('',*,*,#659,.F.);
#580=ORIENTED_EDGE('',*,*,#832,.F.);
#581=ORIENTED_EDGE('',*,*,#829,.F.);
#582=ORIENTED_EDGE('',*,*,#826,.F.);
#583=ORIENTED_EDGE('',*,*,#653,.F.);
#584=ORIENTED_EDGE('',*,*,#858,.T.);
#585=ORIENTED_EDGE('',*,*,#700,.F.);
#586=ORIENTED_EDGE('',*,*,#859,.F.);
#587=ORIENTED_EDGE('',*,*,#835,.F.);
#588=ORIENTED_EDGE('',*,*,#859,.T.);
#589=ORIENTED_EDGE('',*,*,#699,.F.);
#590=ORIENTED_EDGE('',*,*,#860,.F.);
#591=ORIENTED_EDGE('',*,*,#786,.F.);
#592=ORIENTED_EDGE('',*,*,#860,.T.);
#593=ORIENTED_EDGE('',*,*,#698,.F.);
#594=ORIENTED_EDGE('',*,*,#861,.F.);
#595=ORIENTED_EDGE('',*,*,#837,.F.);
#596=ORIENTED_EDGE('',*,*,#861,.T.);
#597=ORIENTED_EDGE('',*,*,#697,.F.);
#598=ORIENTED_EDGE('',*,*,#862,.F.);
#599=ORIENTED_EDGE('',*,*,#782,.F.);
#600=ORIENTED_EDGE('',*,*,#862,.T.);
#601=ORIENTED_EDGE('',*,*,#696,.F.);
#602=ORIENTED_EDGE('',*,*,#863,.F.);
#603=ORIENTED_EDGE('',*,*,#845,.F.);
#604=ORIENTED_EDGE('',*,*,#863,.T.);
#605=ORIENTED_EDGE('',*,*,#695,.F.);
#606=ORIENTED_EDGE('',*,*,#864,.F.);
#607=ORIENTED_EDGE('',*,*,#778,.F.);
#608=ORIENTED_EDGE('',*,*,#864,.T.);
#609=ORIENTED_EDGE('',*,*,#694,.F.);
#610=ORIENTED_EDGE('',*,*,#865,.F.);
#611=ORIENTED_EDGE('',*,*,#843,.F.);
#612=ORIENTED_EDGE('',*,*,#865,.T.);
#613=ORIENTED_EDGE('',*,*,#693,.F.);
#614=ORIENTED_EDGE('',*,*,#866,.F.);
#615=ORIENTED_EDGE('',*,*,#772,.F.);
#616=ORIENTED_EDGE('',*,*,#866,.T.);
#617=ORIENTED_EDGE('',*,*,#692,.F.);
#618=ORIENTED_EDGE('',*,*,#867,.F.);
#619=ORIENTED_EDGE('',*,*,#841,.F.);
#620=ORIENTED_EDGE('',*,*,#867,.T.);
#621=ORIENTED_EDGE('',*,*,#691,.F.);
#622=ORIENTED_EDGE('',*,*,#868,.F.);
#623=ORIENTED_EDGE('',*,*,#717,.F.);
#624=ORIENTED_EDGE('',*,*,#868,.T.);
#625=ORIENTED_EDGE('',*,*,#690,.F.);
#626=ORIENTED_EDGE('',*,*,#869,.F.);
#627=ORIENTED_EDGE('',*,*,#839,.F.);
#628=ORIENTED_EDGE('',*,*,#686,.F.);
#629=ORIENTED_EDGE('',*,*,#756,.F.);
#630=ORIENTED_EDGE('',*,*,#869,.T.);
#631=ORIENTED_EDGE('',*,*,#689,.F.);
#632=EDGE_CURVE('',#870,#871,#1022,.T.);
#633=EDGE_CURVE('',#871,#872,#84,.T.);
#634=EDGE_CURVE('',#873,#872,#1023,.T.);
#635=EDGE_CURVE('',#870,#873,#85,.T.);
#636=EDGE_CURVE('',#874,#875,#1024,.T.);
#637=EDGE_CURVE('',#875,#876,#86,.T.);
#638=EDGE_CURVE('',#877,#876,#1025,.T.);
#639=EDGE_CURVE('',#874,#877,#87,.T.);
#640=EDGE_CURVE('',#878,#879,#1026,.F.);
#641=EDGE_CURVE('',#879,#880,#1027,.F.);
#642=EDGE_CURVE('',#881,#880,#1028,.T.);
#643=EDGE_CURVE('',#882,#881,#1029,.T.);
#644=EDGE_CURVE('',#883,#882,#1030,.T.);
#645=EDGE_CURVE('',#884,#883,#1031,.T.);
#646=EDGE_CURVE('',#885,#884,#1032,.T.);
#647=EDGE_CURVE('',#885,#886,#1033,.F.);
#648=EDGE_CURVE('',#887,#886,#1034,.T.);
#649=EDGE_CURVE('',#887,#888,#1035,.T.);
#650=EDGE_CURVE('',#888,#889,#1036,.T.);
#651=EDGE_CURVE('',#890,#889,#1037,.T.);
#652=EDGE_CURVE('',#890,#891,#1038,.T.);
#653=EDGE_CURVE('',#891,#892,#1039,.T.);
#654=EDGE_CURVE('',#892,#893,#1040,.T.);
#655=EDGE_CURVE('',#893,#894,#1041,.T.);
#656=EDGE_CURVE('',#894,#895,#1042,.T.);
#657=EDGE_CURVE('',#895,#896,#1043,.T.);
#658=EDGE_CURVE('',#896,#897,#1044,.T.);
#659=EDGE_CURVE('',#897,#878,#1045,.T.);
#660=EDGE_CURVE('',#898,#875,#1046,.T.);
#661=EDGE_CURVE('',#899,#874,#1047,.T.);
#662=EDGE_CURVE('',#899,#898,#1048,.T.);
#663=EDGE_CURVE('',#876,#898,#1049,.T.);
#664=EDGE_CURVE('',#877,#899,#1050,.T.);
#665=EDGE_CURVE('',#900,#871,#1051,.T.);
#666=EDGE_CURVE('',#901,#870,#1052,.T.);
#667=EDGE_CURVE('',#901,#900,#1053,.T.);
#668=EDGE_CURVE('',#872,#900,#1054,.T.);
#669=EDGE_CURVE('',#873,#901,#1055,.T.);
#670=EDGE_CURVE('',#902,#903,#88,.T.);
#671=EDGE_CURVE('',#903,#904,#1056,.T.);
#672=EDGE_CURVE('',#905,#904,#89,.T.);
#673=EDGE_CURVE('',#902,#905,#1057,.T.);
#674=EDGE_CURVE('',#906,#907,#1058,.T.);
#675=EDGE_CURVE('',#908,#906,#90,.T.);
#676=EDGE_CURVE('',#907,#908,#1059,.T.);
#677=EDGE_CURVE('',#909,#910,#1060,.T.);
#678=EDGE_CURVE('',#911,#909,#1061,.T.);
#679=EDGE_CURVE('',#912,#911,#1062,.T.);
#680=EDGE_CURVE('',#912,#910,#1063,.T.);
#681=EDGE_CURVE('',#913,#914,#1064,.T.);
#682=EDGE_CURVE('',#915,#914,#1065,.T.);
#683=EDGE_CURVE('',#916,#915,#1066,.T.);
#684=EDGE_CURVE('',#916,#913,#1067,.T.);
#685=EDGE_CURVE('',#916,#917,#1068,.T.);
#686=EDGE_CURVE('',#917,#918,#91,.T.);
#687=EDGE_CURVE('',#918,#919,#1069,.T.);
#688=EDGE_CURVE('',#913,#919,#1070,.T.);
#689=EDGE_CURVE('',#918,#920,#1071,.T.);
#690=EDGE_CURVE('',#920,#921,#92,.T.);
#691=EDGE_CURVE('',#921,#922,#1072,.T.);
#692=EDGE_CURVE('',#922,#923,#93,.F.);
#693=EDGE_CURVE('',#923,#924,#1073,.F.);
#694=EDGE_CURVE('',#924,#925,#94,.T.);
#695=EDGE_CURVE('',#925,#926,#1074,.F.);
#696=EDGE_CURVE('',#926,#927,#95,.T.);
#697=EDGE_CURVE('',#927,#928,#1075,.F.);
#698=EDGE_CURVE('',#928,#929,#96,.F.);
#699=EDGE_CURVE('',#929,#930,#1076,.F.);
#700=EDGE_CURVE('',#930,#931,#97,.T.);
#701=EDGE_CURVE('',#931,#932,#1077,.F.);
#702=EDGE_CURVE('',#932,#933,#1078,.T.);
#703=EDGE_CURVE('',#933,#934,#1079,.T.);
#704=EDGE_CURVE('',#935,#934,#1080,.T.);
#705=EDGE_CURVE('',#935,#936,#98,.T.);
#706=EDGE_CURVE('',#937,#936,#1081,.T.);
#707=EDGE_CURVE('',#937,#938,#99,.F.);
#708=EDGE_CURVE('',#939,#938,#1082,.T.);
#709=EDGE_CURVE('',#939,#940,#100,.F.);
#710=EDGE_CURVE('',#940,#941,#1083,.T.);
#711=EDGE_CURVE('',#941,#942,#101,.T.);
#712=EDGE_CURVE('',#943,#942,#1084,.T.);
#713=EDGE_CURVE('',#919,#943,#1085,.T.);
#714=EDGE_CURVE('',#944,#945,#1086,.F.);
#715=EDGE_CURVE('',#945,#946,#1087,.T.);
#716=EDGE_CURVE('',#946,#947,#1088,.T.);
#717=EDGE_CURVE('',#947,#944,#1089,.F.);
#718=EDGE_CURVE('',#948,#949,#1090,.T.);
#719=EDGE_CURVE('',#948,#950,#1091,.T.);
#720=EDGE_CURVE('',#950,#951,#102,.F.);
#721=EDGE_CURVE('',#951,#952,#1092,.T.);
#722=EDGE_CURVE('',#952,#953,#103,.T.);
#723=EDGE_CURVE('',#953,#954,#1093,.T.);
#724=EDGE_CURVE('',#954,#955,#104,.F.);
#725=EDGE_CURVE('',#955,#956,#1094,.T.);
#726=EDGE_CURVE('',#956,#957,#105,.F.);
#727=EDGE_CURVE('',#957,#958,#1095,.T.);
#728=EDGE_CURVE('',#958,#959,#106,.T.);
#729=EDGE_CURVE('',#959,#960,#1096,.F.);
#730=EDGE_CURVE('',#960,#961,#107,.F.);
#731=EDGE_CURVE('',#961,#962,#1097,.F.);
#732=EDGE_CURVE('',#962,#911,#1098,.T.);
#733=EDGE_CURVE('',#909,#963,#1099,.T.);
#734=EDGE_CURVE('',#963,#964,#108,.F.);
#735=EDGE_CURVE('',#965,#964,#1100,.T.);
#736=EDGE_CURVE('',#965,#966,#109,.T.);
#737=EDGE_CURVE('',#966,#967,#1101,.T.);
#738=EDGE_CURVE('',#967,#968,#110,.T.);
#739=EDGE_CURVE('',#968,#969,#1102,.T.);
#740=EDGE_CURVE('',#969,#970,#111,.F.);
#741=EDGE_CURVE('',#970,#971,#1103,.T.);
#742=EDGE_CURVE('',#949,#971,#1104,.T.);
#743=EDGE_CURVE('',#962,#972,#112,.F.);
#744=EDGE_CURVE('',#973,#972,#1105,.T.);
#745=EDGE_CURVE('',#973,#912,#1106,.T.);
#746=EDGE_CURVE('',#973,#974,#1107,.T.);
#747=EDGE_CURVE('',#974,#910,#1108,.T.);
#748=EDGE_CURVE('',#942,#963,#1109,.F.);
#749=EDGE_CURVE('',#974,#915,#1110,.T.);
#750=EDGE_CURVE('',#914,#943,#1111,.T.);
#751=EDGE_CURVE('',#975,#976,#113,.T.);
#752=EDGE_CURVE('',#975,#908,#1112,.T.);
#753=EDGE_CURVE('',#976,#906,#1113,.T.);
#754=EDGE_CURVE('',#972,#977,#1114,.T.);
#755=EDGE_CURVE('',#977,#978,#1115,.T.);
#756=EDGE_CURVE('',#978,#917,#1116,.F.);
#757=EDGE_CURVE('',#902,#979,#1117,.T.);
#758=EDGE_CURVE('',#979,#903,#1118,.T.);
#759=EDGE_CURVE('',#976,#980,#1119,.T.);
#760=EDGE_CURVE('',#980,#975,#1120,.T.);
#761=EDGE_CURVE('',#905,#981,#1121,.T.);
#762=EDGE_CURVE('',#981,#904,#1122,.T.);
#763=EDGE_CURVE('',#982,#982,#114,.F.);
#764=EDGE_CURVE('',#983,#983,#115,.F.);
#765=EDGE_CURVE('',#966,#939,#1123,.T.);
#766=EDGE_CURVE('',#938,#967,#1124,.F.);
#767=EDGE_CURVE('',#964,#941,#1125,.T.);
#768=EDGE_CURVE('',#940,#965,#1126,.F.);
#769=EDGE_CURVE('',#984,#985,#1127,.F.);
#770=EDGE_CURVE('',#985,#986,#1128,.F.);
#771=EDGE_CURVE('',#986,#987,#1129,.T.);
#772=EDGE_CURVE('',#987,#984,#1130,.T.);
#773=EDGE_CURVE('',#988,#988,#116,.T.);
#774=EDGE_CURVE('',#989,#989,#117,.T.);
#775=EDGE_CURVE('',#990,#991,#1131,.F.);
#776=EDGE_CURVE('',#991,#992,#1132,.F.);
#777=EDGE_CURVE('',#992,#993,#1133,.T.);
#778=EDGE_CURVE('',#993,#990,#1134,.T.);
#779=EDGE_CURVE('',#994,#995,#1135,.F.);
#780=EDGE_CURVE('',#995,#996,#1136,.F.);
#781=EDGE_CURVE('',#996,#997,#1137,.T.);
#782=EDGE_CURVE('',#997,#994,#1138,.T.);
#783=EDGE_CURVE('',#998,#999,#1139,.F.);
#784=EDGE_CURVE('',#999,#1000,#1140,.F.);
#785=EDGE_CURVE('',#1000,#1001,#1141,.T.);
#786=EDGE_CURVE('',#1001,#998,#1142,.T.);
#787=EDGE_CURVE('',#970,#935,#1143,.T.);
#788=EDGE_CURVE('',#1002,#934,#1144,.T.);
#789=EDGE_CURVE('',#889,#1002,#1145,.T.);
#790=EDGE_CURVE('',#888,#1003,#1146,.T.);
#791=EDGE_CURVE('',#971,#1003,#1147,.T.);
#792=EDGE_CURVE('',#936,#969,#1148,.F.);
#793=EDGE_CURVE('',#968,#937,#1149,.T.);
#794=EDGE_CURVE('',#1004,#1003,#1150,.T.);
#795=EDGE_CURVE('',#1004,#949,#1151,.T.);
#796=EDGE_CURVE('',#1005,#1002,#1152,.T.);
#797=EDGE_CURVE('',#1005,#933,#1153,.T.);
#798=EDGE_CURVE('',#886,#948,#118,.T.);
#799=EDGE_CURVE('',#887,#1004,#1154,.T.);
#800=EDGE_CURVE('',#890,#1005,#1155,.T.);
#801=EDGE_CURVE('',#932,#891,#119,.F.);
#802=EDGE_CURVE('',#979,#981,#1156,.T.);
#803=EDGE_CURVE('',#980,#907,#1157,.T.);
#804=EDGE_CURVE('',#1006,#883,#1158,.T.);
#805=EDGE_CURVE('',#1007,#1006,#1159,.T.);
#806=EDGE_CURVE('',#1007,#884,#1160,.T.);
#807=EDGE_CURVE('',#1008,#882,#1161,.T.);
#808=EDGE_CURVE('',#1006,#1008,#1162,.T.);
#809=EDGE_CURVE('',#1009,#881,#1163,.T.);
#810=EDGE_CURVE('',#1008,#1009,#1164,.T.);
#811=EDGE_CURVE('',#880,#1010,#32,.F.);
#812=EDGE_CURVE('',#1011,#1010,#1165,.T.);
#813=EDGE_CURVE('',#1009,#1011,#1166,.T.);
#814=EDGE_CURVE('',#1010,#1012,#1167,.T.);
#815=EDGE_CURVE('',#1013,#1012,#1168,.T.);
#816=EDGE_CURVE('',#1011,#1013,#1169,.T.);
#817=EDGE_CURVE('',#1012,#885,#33,.F.);
#818=EDGE_CURVE('',#1013,#1007,#1170,.T.);
#819=EDGE_CURVE('',#1014,#895,#1171,.T.);
#820=EDGE_CURVE('',#1014,#1015,#1172,.T.);
#821=EDGE_CURVE('',#1015,#896,#1173,.T.);
#822=EDGE_CURVE('',#1016,#894,#1174,.T.);
#823=EDGE_CURVE('',#1016,#1014,#1175,.T.);
#824=EDGE_CURVE('',#1017,#893,#1176,.T.);
#825=EDGE_CURVE('',#1017,#1016,#1177,.T.);
#826=EDGE_CURVE('',#892,#1018,#34,.T.);
#827=EDGE_CURVE('',#1019,#1018,#1178,.T.);
#828=EDGE_CURVE('',#1019,#1017,#1179,.T.);
#829=EDGE_CURVE('',#1018,#1020,#1180,.T.);
#830=EDGE_CURVE('',#1021,#1020,#1181,.T.);
#831=EDGE_CURVE('',#1021,#1019,#1182,.T.);
#832=EDGE_CURVE('',#1020,#897,#35,.T.);
#833=EDGE_CURVE('',#1015,#1021,#1183,.T.);
#834=EDGE_CURVE('',#1000,#879,#120,.T.);
#835=EDGE_CURVE('',#878,#1001,#121,.F.);
#836=EDGE_CURVE('',#996,#999,#122,.F.);
#837=EDGE_CURVE('',#998,#997,#123,.T.);
#838=EDGE_CURVE('',#977,#945,#124,.T.);
#839=EDGE_CURVE('',#944,#978,#125,.F.);
#840=EDGE_CURVE('',#946,#985,#126,.F.);
#841=EDGE_CURVE('',#984,#947,#127,.T.);
#842=EDGE_CURVE('',#986,#991,#128,.T.);
#843=EDGE_CURVE('',#990,#987,#129,.F.);
#844=EDGE_CURVE('',#992,#995,#130,.T.);
#845=EDGE_CURVE('',#994,#993,#131,.F.);
#846=EDGE_CURVE('',#977,#961,#132,.T.);
#847=EDGE_CURVE('',#945,#960,#133,.T.);
#848=EDGE_CURVE('',#946,#959,#134,.T.);
#849=EDGE_CURVE('',#985,#958,#135,.T.);
#850=EDGE_CURVE('',#986,#957,#136,.T.);
#851=EDGE_CURVE('',#991,#956,#137,.T.);
#852=EDGE_CURVE('',#992,#955,#138,.T.);
#853=EDGE_CURVE('',#995,#954,#139,.T.);
#854=EDGE_CURVE('',#996,#953,#140,.T.);
#855=EDGE_CURVE('',#999,#952,#141,.T.);
#856=EDGE_CURVE('',#1000,#951,#142,.T.);
#857=EDGE_CURVE('',#879,#950,#143,.T.);
#858=EDGE_CURVE('',#878,#931,#144,.T.);
#859=EDGE_CURVE('',#1001,#930,#145,.T.);
#860=EDGE_CURVE('',#998,#929,#146,.T.);
#861=EDGE_CURVE('',#997,#928,#147,.T.);
#862=EDGE_CURVE('',#994,#927,#148,.T.);
#863=EDGE_CURVE('',#993,#926,#149,.T.);
#864=EDGE_CURVE('',#990,#925,#150,.T.);
#865=EDGE_CURVE('',#987,#924,#151,.T.);
#866=EDGE_CURVE('',#984,#923,#152,.T.);
#867=EDGE_CURVE('',#947,#922,#153,.T.);
#868=EDGE_CURVE('',#944,#921,#154,.T.);
#869=EDGE_CURVE('',#978,#920,#155,.T.);
#870=VERTEX_POINT('',#2352);
#871=VERTEX_POINT('',#2353);
#872=VERTEX_POINT('',#2355);
#873=VERTEX_POINT('',#2357);
#874=VERTEX_POINT('',#2361);
#875=VERTEX_POINT('',#2362);
#876=VERTEX_POINT('',#2364);
#877=VERTEX_POINT('',#2366);
#878=VERTEX_POINT('',#2370);
#879=VERTEX_POINT('',#2371);
#880=VERTEX_POINT('',#2373);
#881=VERTEX_POINT('',#2375);
#882=VERTEX_POINT('',#2377);
#883=VERTEX_POINT('',#2379);
#884=VERTEX_POINT('',#2381);
#885=VERTEX_POINT('',#2383);
#886=VERTEX_POINT('',#2385);
#887=VERTEX_POINT('',#2387);
#888=VERTEX_POINT('',#2389);
#889=VERTEX_POINT('',#2391);
#890=VERTEX_POINT('',#2393);
#891=VERTEX_POINT('',#2395);
#892=VERTEX_POINT('',#2397);
#893=VERTEX_POINT('',#2399);
#894=VERTEX_POINT('',#2401);
#895=VERTEX_POINT('',#2403);
#896=VERTEX_POINT('',#2405);
#897=VERTEX_POINT('',#2407);
#898=VERTEX_POINT('',#2411);
#899=VERTEX_POINT('',#2413);
#900=VERTEX_POINT('',#2420);
#901=VERTEX_POINT('',#2422);
#902=VERTEX_POINT('',#2429);
#903=VERTEX_POINT('',#2430);
#904=VERTEX_POINT('',#2432);
#905=VERTEX_POINT('',#2434);
#906=VERTEX_POINT('',#2438);
#907=VERTEX_POINT('',#2439);
#908=VERTEX_POINT('',#2441);
#909=VERTEX_POINT('',#2444);
#910=VERTEX_POINT('',#2445);
#911=VERTEX_POINT('',#2447);
#912=VERTEX_POINT('',#2449);
#913=VERTEX_POINT('',#2453);
#914=VERTEX_POINT('',#2454);
#915=VERTEX_POINT('',#2456);
#916=VERTEX_POINT('',#2458);
#917=VERTEX_POINT('',#2462);
#918=VERTEX_POINT('',#2464);
#919=VERTEX_POINT('',#2466);
#920=VERTEX_POINT('',#2470);
#921=VERTEX_POINT('',#2472);
#922=VERTEX_POINT('',#2474);
#923=VERTEX_POINT('',#2476);
#924=VERTEX_POINT('',#2478);
#925=VERTEX_POINT('',#2480);
#926=VERTEX_POINT('',#2482);
#927=VERTEX_POINT('',#2484);
#928=VERTEX_POINT('',#2486);
#929=VERTEX_POINT('',#2488);
#930=VERTEX_POINT('',#2490);
#931=VERTEX_POINT('',#2492);
#932=VERTEX_POINT('',#2494);
#933=VERTEX_POINT('',#2496);
#934=VERTEX_POINT('',#2498);
#935=VERTEX_POINT('',#2500);
#936=VERTEX_POINT('',#2502);
#937=VERTEX_POINT('',#2504);
#938=VERTEX_POINT('',#2506);
#939=VERTEX_POINT('',#2508);
#940=VERTEX_POINT('',#2510);
#941=VERTEX_POINT('',#2512);
#942=VERTEX_POINT('',#2514);
#943=VERTEX_POINT('',#2516);
#944=VERTEX_POINT('',#2520);
#945=VERTEX_POINT('',#2521);
#946=VERTEX_POINT('',#2523);
#947=VERTEX_POINT('',#2525);
#948=VERTEX_POINT('',#2529);
#949=VERTEX_POINT('',#2530);
#950=VERTEX_POINT('',#2532);
#951=VERTEX_POINT('',#2534);
#952=VERTEX_POINT('',#2536);
#953=VERTEX_POINT('',#2538);
#954=VERTEX_POINT('',#2540);
#955=VERTEX_POINT('',#2542);
#956=VERTEX_POINT('',#2544);
#957=VERTEX_POINT('',#2546);
#958=VERTEX_POINT('',#2548);
#959=VERTEX_POINT('',#2550);
#960=VERTEX_POINT('',#2552);
#961=VERTEX_POINT('',#2554);
#962=VERTEX_POINT('',#2556);
#963=VERTEX_POINT('',#2559);
#964=VERTEX_POINT('',#2561);
#965=VERTEX_POINT('',#2563);
#966=VERTEX_POINT('',#2565);
#967=VERTEX_POINT('',#2567);
#968=VERTEX_POINT('',#2569);
#969=VERTEX_POINT('',#2571);
#970=VERTEX_POINT('',#2573);
#971=VERTEX_POINT('',#2575);
#972=VERTEX_POINT('',#2579);
#973=VERTEX_POINT('',#2581);
#974=VERTEX_POINT('',#2585);
#975=VERTEX_POINT('',#2593);
#976=VERTEX_POINT('',#2594);
#977=VERTEX_POINT('',#2599);
#978=VERTEX_POINT('',#2601);
#979=VERTEX_POINT('',#2604);
#980=VERTEX_POINT('',#2607);
#981=VERTEX_POINT('',#2611);
#982=VERTEX_POINT('',#2615);
#983=VERTEX_POINT('',#2617);
#984=VERTEX_POINT('',#2625);
#985=VERTEX_POINT('',#2626);
#986=VERTEX_POINT('',#2628);
#987=VERTEX_POINT('',#2630);
#988=VERTEX_POINT('',#2634);
#989=VERTEX_POINT('',#2636);
#990=VERTEX_POINT('',#2638);
#991=VERTEX_POINT('',#2639);
#992=VERTEX_POINT('',#2641);
#993=VERTEX_POINT('',#2643);
#994=VERTEX_POINT('',#2647);
#995=VERTEX_POINT('',#2648);
#996=VERTEX_POINT('',#2650);
#997=VERTEX_POINT('',#2652);
#998=VERTEX_POINT('',#2656);
#999=VERTEX_POINT('',#2657);
#1000=VERTEX_POINT('',#2659);
#1001=VERTEX_POINT('',#2661);
#1002=VERTEX_POINT('',#2666);
#1003=VERTEX_POINT('',#2669);
#1004=VERTEX_POINT('',#2676);
#1005=VERTEX_POINT('',#2680);
#1006=VERTEX_POINT('',#2698);
#1007=VERTEX_POINT('',#2700);
#1008=VERTEX_POINT('',#2704);
#1009=VERTEX_POINT('',#2708);
#1010=VERTEX_POINT('',#2712);
#1011=VERTEX_POINT('',#2714);
#1012=VERTEX_POINT('',#2718);
#1013=VERTEX_POINT('',#2720);
#1014=VERTEX_POINT('',#2728);
#1015=VERTEX_POINT('',#2730);
#1016=VERTEX_POINT('',#2734);
#1017=VERTEX_POINT('',#2738);
#1018=VERTEX_POINT('',#2742);
#1019=VERTEX_POINT('',#2744);
#1020=VERTEX_POINT('',#2748);
#1021=VERTEX_POINT('',#2750);
#1022=LINE('',#2351,#1184);
#1023=LINE('',#2356,#1185);
#1024=LINE('',#2360,#1186);
#1025=LINE('',#2365,#1187);
#1026=LINE('',#2369,#1188);
#1027=LINE('',#2372,#1189);
#1028=LINE('',#2374,#1190);
#1029=LINE('',#2376,#1191);
#1030=LINE('',#2378,#1192);
#1031=LINE('',#2380,#1193);
#1032=LINE('',#2382,#1194);
#1033=LINE('',#2384,#1195);
#1034=LINE('',#2386,#1196);
#1035=LINE('',#2388,#1197);
#1036=LINE('',#2390,#1198);
#1037=LINE('',#2392,#1199);
#1038=LINE('',#2394,#1200);
#1039=LINE('',#2396,#1201);
#1040=LINE('',#2398,#1202);
#1041=LINE('',#2400,#1203);
#1042=LINE('',#2402,#1204);
#1043=LINE('',#2404,#1205);
#1044=LINE('',#2406,#1206);
#1045=LINE('',#2408,#1207);
#1046=LINE('',#2410,#1208);
#1047=LINE('',#2412,#1209);
#1048=LINE('',#2414,#1210);
#1049=LINE('',#2416,#1211);
#1050=LINE('',#2417,#1212);
#1051=LINE('',#2419,#1213);
#1052=LINE('',#2421,#1214);
#1053=LINE('',#2423,#1215);
#1054=LINE('',#2425,#1216);
#1055=LINE('',#2426,#1217);
#1056=LINE('',#2431,#1218);
#1057=LINE('',#2435,#1219);
#1058=LINE('',#2437,#1220);
#1059=LINE('',#2442,#1221);
#1060=LINE('',#2443,#1222);
#1061=LINE('',#2446,#1223);
#1062=LINE('',#2448,#1224);
#1063=LINE('',#2450,#1225);
#1064=LINE('',#2452,#1226);
#1065=LINE('',#2455,#1227);
#1066=LINE('',#2457,#1228);
#1067=LINE('',#2459,#1229);
#1068=LINE('',#2461,#1230);
#1069=LINE('',#2465,#1231);
#1070=LINE('',#2467,#1232);
#1071=LINE('',#2469,#1233);
#1072=LINE('',#2473,#1234);
#1073=LINE('',#2477,#1235);
#1074=LINE('',#2481,#1236);
#1075=LINE('',#2485,#1237);
#1076=LINE('',#2489,#1238);
#1077=LINE('',#2493,#1239);
#1078=LINE('',#2495,#1240);
#1079=LINE('',#2497,#1241);
#1080=LINE('',#2499,#1242);
#1081=LINE('',#2503,#1243);
#1082=LINE('',#2507,#1244);
#1083=LINE('',#2511,#1245);
#1084=LINE('',#2515,#1246);
#1085=LINE('',#2517,#1247);
#1086=LINE('',#2519,#1248);
#1087=LINE('',#2522,#1249);
#1088=LINE('',#2524,#1250);
#1089=LINE('',#2526,#1251);
#1090=LINE('',#2528,#1252);
#1091=LINE('',#2531,#1253);
#1092=LINE('',#2535,#1254);
#1093=LINE('',#2539,#1255);
#1094=LINE('',#2543,#1256);
#1095=LINE('',#2547,#1257);
#1096=LINE('',#2551,#1258);
#1097=LINE('',#2555,#1259);
#1098=LINE('',#2557,#1260);
#1099=LINE('',#2558,#1261);
#1100=LINE('',#2562,#1262);
#1101=LINE('',#2566,#1263);
#1102=LINE('',#2570,#1264);
#1103=LINE('',#2574,#1265);
#1104=LINE('',#2576,#1266);
#1105=LINE('',#2580,#1267);
#1106=LINE('',#2582,#1268);
#1107=LINE('',#2584,#1269);
#1108=LINE('',#2586,#1270);
#1109=LINE('',#2588,#1271);
#1110=LINE('',#2589,#1272);
#1111=LINE('',#2590,#1273);
#1112=LINE('',#2595,#1274);
#1113=LINE('',#2596,#1275);
#1114=LINE('',#2598,#1276);
#1115=LINE('',#2600,#1277);
#1116=LINE('',#2602,#1278);
#1117=LINE('',#2603,#1279);
#1118=LINE('',#2605,#1280);
#1119=LINE('',#2606,#1281);
#1120=LINE('',#2608,#1282);
#1121=LINE('',#2610,#1283);
#1122=LINE('',#2612,#1284);
#1123=LINE('',#2618,#1285);
#1124=LINE('',#2619,#1286);
#1125=LINE('',#2621,#1287);
#1126=LINE('',#2622,#1288);
#1127=LINE('',#2624,#1289);
#1128=LINE('',#2627,#1290);
#1129=LINE('',#2629,#1291);
#1130=LINE('',#2631,#1292);
#1131=LINE('',#2637,#1293);
#1132=LINE('',#2640,#1294);
#1133=LINE('',#2642,#1295);
#1134=LINE('',#2644,#1296);
#1135=LINE('',#2646,#1297);
#1136=LINE('',#2649,#1298);
#1137=LINE('',#2651,#1299);
#1138=LINE('',#2653,#1300);
#1139=LINE('',#2655,#1301);
#1140=LINE('',#2658,#1302);
#1141=LINE('',#2660,#1303);
#1142=LINE('',#2662,#1304);
#1143=LINE('',#2664,#1305);
#1144=LINE('',#2665,#1306);
#1145=LINE('',#2667,#1307);
#1146=LINE('',#2668,#1308);
#1147=LINE('',#2670,#1309);
#1148=LINE('',#2672,#1310);
#1149=LINE('',#2673,#1311);
#1150=LINE('',#2675,#1312);
#1151=LINE('',#2677,#1313);
#1152=LINE('',#2679,#1314);
#1153=LINE('',#2681,#1315);
#1154=LINE('',#2684,#1316);
#1155=LINE('',#2687,#1317);
#1156=LINE('',#2691,#1318);
#1157=LINE('',#2694,#1319);
#1158=LINE('',#2697,#1320);
#1159=LINE('',#2699,#1321);
#1160=LINE('',#2701,#1322);
#1161=LINE('',#2703,#1323);
#1162=LINE('',#2705,#1324);
#1163=LINE('',#2707,#1325);
#1164=LINE('',#2709,#1326);
#1165=LINE('',#2713,#1327);
#1166=LINE('',#2715,#1328);
#1167=LINE('',#2717,#1329);
#1168=LINE('',#2719,#1330);
#1169=LINE('',#2721,#1331);
#1170=LINE('',#2724,#1332);
#1171=LINE('',#2727,#1333);
#1172=LINE('',#2729,#1334);
#1173=LINE('',#2731,#1335);
#1174=LINE('',#2733,#1336);
#1175=LINE('',#2735,#1337);
#1176=LINE('',#2737,#1338);
#1177=LINE('',#2739,#1339);
#1178=LINE('',#2743,#1340);
#1179=LINE('',#2745,#1341);
#1180=LINE('',#2747,#1342);
#1181=LINE('',#2749,#1343);
#1182=LINE('',#2751,#1344);
#1183=LINE('',#2754,#1345);
#1184=VECTOR('',#1857,1.);
#1185=VECTOR('',#1860,1.);
#1186=VECTOR('',#1865,1.);
#1187=VECTOR('',#1868,1.);
#1188=VECTOR('',#1873,1.);
#1189=VECTOR('',#1874,1.);
#1190=VECTOR('',#1875,1.);
#1191=VECTOR('',#1876,1.);
#1192=VECTOR('',#1877,1.);
#1193=VECTOR('',#1878,1.);
#1194=VECTOR('',#1879,1.);
#1195=VECTOR('',#1880,1.);
#1196=VECTOR('',#1881,1.);
#1197=VECTOR('',#1882,1.);
#1198=VECTOR('',#1883,1.);
#1199=VECTOR('',#1884,1.);
#1200=VECTOR('',#1885,1.);
#1201=VECTOR('',#1886,1.);
#1202=VECTOR('',#1887,1.);
#1203=VECTOR('',#1888,1.);
#1204=VECTOR('',#1889,1.);
#1205=VECTOR('',#1890,1.);
#1206=VECTOR('',#1891,1.);
#1207=VECTOR('',#1892,1.);
#1208=VECTOR('',#1895,1.);
#1209=VECTOR('',#1896,1.);
#1210=VECTOR('',#1897,1.);
#1211=VECTOR('',#1900,1.);
#1212=VECTOR('',#1901,1.);
#1213=VECTOR('',#1904,1.);
#1214=VECTOR('',#1905,1.);
#1215=VECTOR('',#1906,1.);
#1216=VECTOR('',#1909,1.);
#1217=VECTOR('',#1910,1.);
#1218=VECTOR('',#1915,1.);
#1219=VECTOR('',#1918,1.);
#1220=VECTOR('',#1921,1.);
#1221=VECTOR('',#1924,1.);
#1222=VECTOR('',#1925,1.);
#1223=VECTOR('',#1926,1.);
#1224=VECTOR('',#1927,1.);
#1225=VECTOR('',#1928,1.);
#1226=VECTOR('',#1931,1.);
#1227=VECTOR('',#1932,1.);
#1228=VECTOR('',#1933,1.);
#1229=VECTOR('',#1934,1.);
#1230=VECTOR('',#1937,1.);
#1231=VECTOR('',#1940,1.);
#1232=VECTOR('',#1941,1.);
#1233=VECTOR('',#1944,1.);
#1234=VECTOR('',#1947,1.);
#1235=VECTOR('',#1950,1.);
#1236=VECTOR('',#1953,1.);
#1237=VECTOR('',#1956,1.);
#1238=VECTOR('',#1959,1.);
#1239=VECTOR('',#1962,1.);
#1240=VECTOR('',#1963,1.);
#1241=VECTOR('',#1964,1.);
#1242=VECTOR('',#1965,1.);
#1243=VECTOR('',#1968,1.);
#1244=VECTOR('',#1971,1.);
#1245=VECTOR('',#1974,1.);
#1246=VECTOR('',#1977,1.);
#1247=VECTOR('',#1978,1.);
#1248=VECTOR('',#1981,1.);
#1249=VECTOR('',#1982,1.);
#1250=VECTOR('',#1983,1.);
#1251=VECTOR('',#1984,1.);
#1252=VECTOR('',#1987,1.);
#1253=VECTOR('',#1988,1.);
#1254=VECTOR('',#1991,1.);
#1255=VECTOR('',#1994,1.);
#1256=VECTOR('',#1997,1.);
#1257=VECTOR('',#2000,1.);
#1258=VECTOR('',#2003,1.);
#1259=VECTOR('',#2006,1.);
#1260=VECTOR('',#2007,1.);
#1261=VECTOR('',#2008,1.);
#1262=VECTOR('',#2011,1.);
#1263=VECTOR('',#2014,1.);
#1264=VECTOR('',#2017,1.);
#1265=VECTOR('',#2020,1.);
#1266=VECTOR('',#2021,1.);
#1267=VECTOR('',#2026,1.);
#1268=VECTOR('',#2027,1.);
#1269=VECTOR('',#2030,1.);
#1270=VECTOR('',#2031,1.);
#1271=VECTOR('',#2034,1.);
#1272=VECTOR('',#2035,1.);
#1273=VECTOR('',#2036,1.);
#1274=VECTOR('',#2041,1.);
#1275=VECTOR('',#2042,1.);
#1276=VECTOR('',#2045,1.);
#1277=VECTOR('',#2046,1.);
#1278=VECTOR('',#2047,1.);
#1279=VECTOR('',#2048,1.);
#1280=VECTOR('',#2049,1.);
#1281=VECTOR('',#2050,1.);
#1282=VECTOR('',#2051,1.);
#1283=VECTOR('',#2054,1.);
#1284=VECTOR('',#2055,1.);
#1285=VECTOR('',#2062,1.);
#1286=VECTOR('',#2063,1.);
#1287=VECTOR('',#2066,1.);
#1288=VECTOR('',#2067,1.);
#1289=VECTOR('',#2070,1.);
#1290=VECTOR('',#2071,1.);
#1291=VECTOR('',#2072,1.);
#1292=VECTOR('',#2073,1.);
#1293=VECTOR('',#2080,1.);
#1294=VECTOR('',#2081,1.);
#1295=VECTOR('',#2082,1.);
#1296=VECTOR('',#2083,1.);
#1297=VECTOR('',#2086,1.);
#1298=VECTOR('',#2087,1.);
#1299=VECTOR('',#2088,1.);
#1300=VECTOR('',#2089,1.);
#1301=VECTOR('',#2092,1.);
#1302=VECTOR('',#2093,1.);
#1303=VECTOR('',#2094,1.);
#1304=VECTOR('',#2095,1.);
#1305=VECTOR('',#2098,1.);
#1306=VECTOR('',#2099,1.);
#1307=VECTOR('',#2100,1.);
#1308=VECTOR('',#2101,1.);
#1309=VECTOR('',#2102,1.);
#1310=VECTOR('',#2105,1.);
#1311=VECTOR('',#2106,1.);
#1312=VECTOR('',#2109,1.);
#1313=VECTOR('',#2110,1.);
#1314=VECTOR('',#2113,1.);
#1315=VECTOR('',#2114,1.);
#1316=VECTOR('',#2119,1.);
#1317=VECTOR('',#2124,1.);
#1318=VECTOR('',#2131,1.);
#1319=VECTOR('',#2136,1.);
#1320=VECTOR('',#2141,1.);
#1321=VECTOR('',#2142,1.);
#1322=VECTOR('',#2143,1.);
#1323=VECTOR('',#2146,1.);
#1324=VECTOR('',#2147,1.);
#1325=VECTOR('',#2150,1.);
#1326=VECTOR('',#2151,1.);
#1327=VECTOR('',#2156,1.);
#1328=VECTOR('',#2157,1.);
#1329=VECTOR('',#2160,1.);
#1330=VECTOR('',#2161,1.);
#1331=VECTOR('',#2162,1.);
#1332=VECTOR('',#2167,1.);
#1333=VECTOR('',#2172,1.);
#1334=VECTOR('',#2173,1.);
#1335=VECTOR('',#2174,1.);
#1336=VECTOR('',#2177,1.);
#1337=VECTOR('',#2178,1.);
#1338=VECTOR('',#2181,1.);
#1339=VECTOR('',#2182,1.);
#1340=VECTOR('',#2187,1.);
#1341=VECTOR('',#2188,1.);
#1342=VECTOR('',#2191,1.);
#1343=VECTOR('',#2192,1.);
#1344=VECTOR('',#2193,1.);
#1345=VECTOR('',#2198,1.);
#1346=EDGE_LOOP('',(#156,#157,#158,#159));
#1347=EDGE_LOOP('',(#160,#161,#162,#163));
#1348=EDGE_LOOP('',(#164,#165,#166,#167,#168,#169,#170,#171,#172,#173,#174,
#175,#176,#177,#178,#179,#180,#181,#182,#183));
#1349=EDGE_LOOP('',(#184,#185,#186,#187));
#1350=EDGE_LOOP('',(#188,#189,#190,#191));
#1351=EDGE_LOOP('',(#192,#193,#194,#195));
#1352=EDGE_LOOP('',(#196,#197,#198,#199));
#1353=EDGE_LOOP('',(#200,#201,#202,#203));
#1354=EDGE_LOOP('',(#204,#205,#206));
#1355=EDGE_LOOP('',(#207,#208,#209,#210));
#1356=EDGE_LOOP('',(#211,#212,#213,#214));
#1357=EDGE_LOOP('',(#215,#216,#217,#218,#219));
#1358=EDGE_LOOP('',(#220,#221,#222,#223,#224,#225,#226,#227,#228,#229,#230,
#231,#232,#233,#234,#235,#236,#237,#238,#239,#240,#241,#242,#243,#244,#245));
#1359=EDGE_LOOP('',(#246,#247,#248,#249));
#1360=EDGE_LOOP('',(#250,#251,#252,#253,#254,#255,#256,#257,#258,#259,#260,
#261,#262,#263,#264,#265,#266,#267,#268,#269,#270,#271,#272,#273,#274,#275));
#1361=EDGE_LOOP('',(#276,#277,#278,#279,#280));
#1362=EDGE_LOOP('',(#281,#282,#283,#284));
#1363=EDGE_LOOP('',(#285,#286,#287,#288,#289,#290,#291,#292));
#1364=EDGE_LOOP('',(#293,#294,#295,#296));
#1365=EDGE_LOOP('',(#297,#298,#299,#300,#301,#302,#303,#304));
#1366=EDGE_LOOP('',(#305,#306,#307));
#1367=EDGE_LOOP('',(#308,#309,#310));
#1368=EDGE_LOOP('',(#311,#312,#313));
#1369=EDGE_LOOP('',(#314,#315,#316,#317));
#1370=EDGE_LOOP('',(#318));
#1371=EDGE_LOOP('',(#319));
#1372=EDGE_LOOP('',(#320,#321,#322,#323));
#1373=EDGE_LOOP('',(#324,#325,#326,#327));
#1374=EDGE_LOOP('',(#328,#329,#330,#331));
#1375=EDGE_LOOP('',(#332));
#1376=EDGE_LOOP('',(#333));
#1377=EDGE_LOOP('',(#334,#335,#336,#337));
#1378=EDGE_LOOP('',(#338,#339,#340,#341));
#1379=EDGE_LOOP('',(#342,#343,#344,#345));
#1380=EDGE_LOOP('',(#346,#347,#348,#349,#350,#351,#352,#353));
#1381=EDGE_LOOP('',(#354,#355,#356,#357));
#1382=EDGE_LOOP('',(#358,#359,#360));
#1383=EDGE_LOOP('',(#361,#362,#363,#364));
#1384=EDGE_LOOP('',(#365,#366,#367));
#1385=EDGE_LOOP('',(#368,#369,#370,#371));
#1386=EDGE_LOOP('',(#372,#373,#374,#375,#376));
#1387=EDGE_LOOP('',(#377,#378,#379,#380));
#1388=EDGE_LOOP('',(#381,#382,#383,#384));
#1389=EDGE_LOOP('',(#385,#386,#387,#388,#389));
#1390=EDGE_LOOP('',(#390,#391,#392,#393));
#1391=EDGE_LOOP('',(#394,#395,#396,#397));
#1392=EDGE_LOOP('',(#398,#399,#400,#401));
#1393=EDGE_LOOP('',(#402,#403,#404,#405));
#1394=EDGE_LOOP('',(#406,#407,#408,#409));
#1395=EDGE_LOOP('',(#410,#411,#412,#413));
#1396=EDGE_LOOP('',(#414,#415,#416,#417));
#1397=EDGE_LOOP('',(#418,#419,#420,#421,#422));
#1398=EDGE_LOOP('',(#423,#424,#425,#426));
#1399=EDGE_LOOP('',(#427,#428,#429,#430,#431));
#1400=EDGE_LOOP('',(#432,#433,#434));
#1401=EDGE_LOOP('',(#435,#436,#437,#438,#439,#440));
#1402=EDGE_LOOP('',(#441,#442,#443,#444));
#1403=EDGE_LOOP('',(#445,#446,#447,#448));
#1404=EDGE_LOOP('',(#449,#450,#451,#452));
#1405=EDGE_LOOP('',(#453,#454,#455,#456,#457));
#1406=EDGE_LOOP('',(#458,#459,#460,#461));
#1407=EDGE_LOOP('',(#462,#463,#464,#465,#466));
#1408=EDGE_LOOP('',(#467,#468,#469,#470,#471,#472));
#1409=EDGE_LOOP('',(#473,#474,#475));
#1410=EDGE_LOOP('',(#476));
#1411=EDGE_LOOP('',(#477));
#1412=EDGE_LOOP('',(#478));
#1413=EDGE_LOOP('',(#479));
#1414=EDGE_LOOP('',(#480,#481,#482,#483));
#1415=EDGE_LOOP('',(#484,#485,#486,#487));
#1416=EDGE_LOOP('',(#488,#489,#490,#491));
#1417=EDGE_LOOP('',(#492,#493,#494,#495));
#1418=EDGE_LOOP('',(#496,#497,#498,#499));
#1419=EDGE_LOOP('',(#500,#501,#502,#503));
#1420=EDGE_LOOP('',(#504,#505,#506,#507));
#1421=EDGE_LOOP('',(#508,#509,#510,#511));
#1422=EDGE_LOOP('',(#512,#513,#514,#515));
#1423=EDGE_LOOP('',(#516,#517,#518,#519));
#1424=EDGE_LOOP('',(#520,#521,#522,#523));
#1425=EDGE_LOOP('',(#524,#525,#526,#527));
#1426=EDGE_LOOP('',(#528,#529,#530,#531));
#1427=EDGE_LOOP('',(#532,#533,#534,#535));
#1428=EDGE_LOOP('',(#536,#537,#538,#539));
#1429=EDGE_LOOP('',(#540,#541,#542,#543));
#1430=EDGE_LOOP('',(#544,#545,#546,#547));
#1431=EDGE_LOOP('',(#548,#549,#550,#551));
#1432=EDGE_LOOP('',(#552,#553,#554,#555));
#1433=EDGE_LOOP('',(#556,#557,#558,#559));
#1434=EDGE_LOOP('',(#560,#561,#562,#563));
#1435=EDGE_LOOP('',(#564,#565,#566,#567));
#1436=EDGE_LOOP('',(#568,#569,#570,#571,#572,#573,#574,#575));
#1437=EDGE_LOOP('',(#576,#577,#578,#579,#580,#581,#582,#583));
#1438=EDGE_LOOP('',(#584,#585,#586,#587));
#1439=EDGE_LOOP('',(#588,#589,#590,#591));
#1440=EDGE_LOOP('',(#592,#593,#594,#595));
#1441=EDGE_LOOP('',(#596,#597,#598,#599));
#1442=EDGE_LOOP('',(#600,#601,#602,#603));
#1443=EDGE_LOOP('',(#604,#605,#606,#607));
#1444=EDGE_LOOP('',(#608,#609,#610,#611));
#1445=EDGE_LOOP('',(#612,#613,#614,#615));
#1446=EDGE_LOOP('',(#616,#617,#618,#619));
#1447=EDGE_LOOP('',(#620,#621,#622,#623));
#1448=EDGE_LOOP('',(#624,#625,#626,#627));
#1449=EDGE_LOOP('',(#628,#629,#630,#631));
#1450=FACE_BOUND('',#1346,.T.);
#1451=FACE_BOUND('',#1347,.T.);
#1452=FACE_BOUND('',#1348,.T.);
#1453=FACE_BOUND('',#1349,.T.);
#1454=FACE_BOUND('',#1350,.T.);
#1455=FACE_BOUND('',#1351,.T.);
#1456=FACE_BOUND('',#1352,.T.);
#1457=FACE_BOUND('',#1353,.T.);
#1458=FACE_BOUND('',#1354,.T.);
#1459=FACE_BOUND('',#1355,.T.);
#1460=FACE_BOUND('',#1356,.T.);
#1461=FACE_BOUND('',#1357,.T.);
#1462=FACE_BOUND('',#1358,.T.);
#1463=FACE_BOUND('',#1359,.T.);
#1464=FACE_BOUND('',#1360,.T.);
#1465=FACE_BOUND('',#1361,.T.);
#1466=FACE_BOUND('',#1362,.T.);
#1467=FACE_BOUND('',#1363,.T.);
#1468=FACE_BOUND('',#1364,.T.);
#1469=FACE_BOUND('',#1365,.T.);
#1470=FACE_BOUND('',#1366,.T.);
#1471=FACE_BOUND('',#1367,.T.);
#1472=FACE_BOUND('',#1368,.T.);
#1473=FACE_BOUND('',#1369,.T.);
#1474=FACE_BOUND('',#1370,.T.);
#1475=FACE_BOUND('',#1371,.T.);
#1476=FACE_BOUND('',#1372,.T.);
#1477=FACE_BOUND('',#1373,.T.);
#1478=FACE_BOUND('',#1374,.T.);
#1479=FACE_BOUND('',#1375,.T.);
#1480=FACE_BOUND('',#1376,.T.);
#1481=FACE_BOUND('',#1377,.T.);
#1482=FACE_BOUND('',#1378,.T.);
#1483=FACE_BOUND('',#1379,.T.);
#1484=FACE_BOUND('',#1380,.T.);
#1485=FACE_BOUND('',#1381,.T.);
#1486=FACE_BOUND('',#1382,.T.);
#1487=FACE_BOUND('',#1383,.T.);
#1488=FACE_BOUND('',#1384,.T.);
#1489=FACE_BOUND('',#1385,.T.);
#1490=FACE_BOUND('',#1386,.T.);
#1491=FACE_BOUND('',#1387,.T.);
#1492=FACE_BOUND('',#1388,.T.);
#1493=FACE_BOUND('',#1389,.T.);
#1494=FACE_BOUND('',#1390,.T.);
#1495=FACE_BOUND('',#1391,.T.);
#1496=FACE_BOUND('',#1392,.T.);
#1497=FACE_BOUND('',#1393,.T.);
#1498=FACE_BOUND('',#1394,.T.);
#1499=FACE_BOUND('',#1395,.T.);
#1500=FACE_BOUND('',#1396,.T.);
#1501=FACE_BOUND('',#1397,.T.);
#1502=FACE_BOUND('',#1398,.T.);
#1503=FACE_BOUND('',#1399,.T.);
#1504=FACE_BOUND('',#1400,.T.);
#1505=FACE_BOUND('',#1401,.T.);
#1506=FACE_BOUND('',#1402,.T.);
#1507=FACE_BOUND('',#1403,.T.);
#1508=FACE_BOUND('',#1404,.T.);
#1509=FACE_BOUND('',#1405,.T.);
#1510=FACE_BOUND('',#1406,.T.);
#1511=FACE_BOUND('',#1407,.T.);
#1512=FACE_BOUND('',#1408,.T.);
#1513=FACE_BOUND('',#1409,.T.);
#1514=FACE_BOUND('',#1410,.T.);
#1515=FACE_BOUND('',#1411,.T.);
#1516=FACE_BOUND('',#1412,.T.);
#1517=FACE_BOUND('',#1413,.T.);
#1518=FACE_BOUND('',#1414,.T.);
#1519=FACE_BOUND('',#1415,.T.);
#1520=FACE_BOUND('',#1416,.T.);
#1521=FACE_BOUND('',#1417,.T.);
#1522=FACE_BOUND('',#1418,.T.);
#1523=FACE_BOUND('',#1419,.T.);
#1524=FACE_BOUND('',#1420,.T.);
#1525=FACE_BOUND('',#1421,.T.);
#1526=FACE_BOUND('',#1422,.T.);
#1527=FACE_BOUND('',#1423,.T.);
#1528=FACE_BOUND('',#1424,.T.);
#1529=FACE_BOUND('',#1425,.T.);
#1530=FACE_BOUND('',#1426,.T.);
#1531=FACE_BOUND('',#1427,.T.);
#1532=FACE_BOUND('',#1428,.T.);
#1533=FACE_BOUND('',#1429,.T.);
#1534=FACE_BOUND('',#1430,.T.);
#1535=FACE_BOUND('',#1431,.T.);
#1536=FACE_BOUND('',#1432,.T.);
#1537=FACE_BOUND('',#1433,.T.);
#1538=FACE_BOUND('',#1434,.T.);
#1539=FACE_BOUND('',#1435,.T.);
#1540=FACE_BOUND('',#1436,.T.);
#1541=FACE_BOUND('',#1437,.T.);
#1542=FACE_BOUND('',#1438,.T.);
#1543=FACE_BOUND('',#1439,.T.);
#1544=FACE_BOUND('',#1440,.T.);
#1545=FACE_BOUND('',#1441,.T.);
#1546=FACE_BOUND('',#1442,.T.);
#1547=FACE_BOUND('',#1443,.T.);
#1548=FACE_BOUND('',#1444,.T.);
#1549=FACE_BOUND('',#1445,.T.);
#1550=FACE_BOUND('',#1446,.T.);
#1551=FACE_BOUND('',#1447,.T.);
#1552=FACE_BOUND('',#1448,.T.);
#1553=FACE_BOUND('',#1449,.T.);
#1554=CYLINDRICAL_SURFACE('',#1687,0.0028);
#1555=CYLINDRICAL_SURFACE('',#1690,0.0028);
#1556=CYLINDRICAL_SURFACE('',#1698,0.0028);
#1557=CYLINDRICAL_SURFACE('',#1733,0.0028);
#1558=CYLINDRICAL_SURFACE('',#1779,0.0018);
#1559=CYLINDRICAL_SURFACE('',#1780,0.0018);
#1560=CYLINDRICAL_SURFACE('',#1781,0.003);
#1561=CYLINDRICAL_SURFACE('',#1784,0.003);
#1562=CYLINDRICAL_SURFACE('',#1787,0.003);
#1563=CYLINDRICAL_SURFACE('',#1790,0.003);
#1564=CYLINDRICAL_SURFACE('',#1793,0.003);
#1565=CYLINDRICAL_SURFACE('',#1794,0.003);
#1566=CYLINDRICAL_SURFACE('',#1795,0.003);
#1567=CYLINDRICAL_SURFACE('',#1796,0.003);
#1568=CYLINDRICAL_SURFACE('',#1797,0.003);
#1569=CYLINDRICAL_SURFACE('',#1800,0.003);
#1570=CYLINDRICAL_SURFACE('',#1803,0.002);
#1571=CYLINDRICAL_SURFACE('',#1807,0.002);
#1572=CYLINDRICAL_SURFACE('',#1811,0.002);
#1573=CYLINDRICAL_SURFACE('',#1815,0.002);
#1574=CYLINDRICAL_SURFACE('',#1819,0.002);
#1575=CYLINDRICAL_SURFACE('',#1823,0.002);
#1576=CYLINDRICAL_SURFACE('',#1827,0.002);
#1577=CYLINDRICAL_SURFACE('',#1828,0.002);
#1578=CYLINDRICAL_SURFACE('',#1832,0.002);
#1579=CYLINDRICAL_SURFACE('',#1836,0.002);
#1580=CYLINDRICAL_SURFACE('',#1840,0.002);
#1581=CYLINDRICAL_SURFACE('',#1844,0.002);
#1582=CYLINDRICAL_SURFACE('',#1848,0.002);
#1583=CYLINDRICAL_SURFACE('',#1852,0.002);
#1584=ADVANCED_FACE('',(#1450),#1554,.F.);
#1585=ADVANCED_FACE('',(#1451),#1555,.F.);
#1586=ADVANCED_FACE('',(#1452),#36,.T.);
#1587=ADVANCED_FACE('',(#1453),#37,.F.);
#1588=ADVANCED_FACE('',(#1454),#38,.F.);
#1589=ADVANCED_FACE('',(#1455),#39,.F.);
#1590=ADVANCED_FACE('',(#1456),#40,.F.);
#1591=ADVANCED_FACE('',(#1457),#1556,.F.);
#1592=ADVANCED_FACE('',(#1458,#1459),#41,.T.);
#1593=ADVANCED_FACE('',(#1460),#42,.F.);
#1594=ADVANCED_FACE('',(#1461),#43,.T.);
#1595=ADVANCED_FACE('',(#1462),#44,.T.);
#1596=ADVANCED_FACE('',(#1463),#45,.F.);
#1597=ADVANCED_FACE('',(#1464),#46,.F.);
#1598=ADVANCED_FACE('',(#1465),#47,.F.);
#1599=ADVANCED_FACE('',(#1466),#48,.T.);
#1600=ADVANCED_FACE('',(#1467),#49,.T.);
#1601=ADVANCED_FACE('',(#1468),#1557,.F.);
#1602=ADVANCED_FACE('',(#1469,#1470,#1471),#50,.F.);
#1603=ADVANCED_FACE('',(#1472,#1473),#51,.T.);
#1604=ADVANCED_FACE('',(#1474,#1475,#1476),#52,.F.);
#1605=ADVANCED_FACE('',(#1477),#53,.T.);
#1606=ADVANCED_FACE('',(#1478),#54,.F.);
#1607=ADVANCED_FACE('',(#1479,#1480,#1481),#55,.F.);
#1608=ADVANCED_FACE('',(#1482),#56,.F.);
#1609=ADVANCED_FACE('',(#1483),#57,.F.);
#1610=ADVANCED_FACE('',(#1484),#58,.F.);
#1611=ADVANCED_FACE('',(#1485),#59,.F.);
#1612=ADVANCED_FACE('',(#1486,#1487),#60,.F.);
#1613=ADVANCED_FACE('',(#1488,#1489),#61,.F.);
#1614=ADVANCED_FACE('',(#1490),#62,.T.);
#1615=ADVANCED_FACE('',(#1491),#63,.F.);
#1616=ADVANCED_FACE('',(#1492),#64,.T.);
#1617=ADVANCED_FACE('',(#1493),#65,.F.);
#1618=ADVANCED_FACE('',(#1494),#66,.F.);
#1619=ADVANCED_FACE('',(#1495),#67,.F.);
#1620=ADVANCED_FACE('',(#1496),#68,.F.);
#1621=ADVANCED_FACE('',(#1497),#69,.F.);
#1622=ADVANCED_FACE('',(#1498),#70,.F.);
#1623=ADVANCED_FACE('',(#1499),#71,.F.);
#1624=ADVANCED_FACE('',(#1500),#72,.F.);
#1625=ADVANCED_FACE('',(#1501),#73,.F.);
#1626=ADVANCED_FACE('',(#1502),#74,.F.);
#1627=ADVANCED_FACE('',(#1503),#75,.F.);
#1628=ADVANCED_FACE('',(#1504,#1505),#76,.T.);
#1629=ADVANCED_FACE('',(#1506),#77,.T.);
#1630=ADVANCED_FACE('',(#1507),#78,.T.);
#1631=ADVANCED_FACE('',(#1508),#79,.T.);
#1632=ADVANCED_FACE('',(#1509),#80,.T.);
#1633=ADVANCED_FACE('',(#1510),#81,.T.);
#1634=ADVANCED_FACE('',(#1511),#82,.T.);
#1635=ADVANCED_FACE('',(#1512,#1513),#83,.T.);
#1636=ADVANCED_FACE('',(#1514,#1515),#1558,.F.);
#1637=ADVANCED_FACE('',(#1516,#1517),#1559,.F.);
#1638=ADVANCED_FACE('',(#1518),#1560,.T.);
#1639=ADVANCED_FACE('',(#1519),#1561,.F.);
#1640=ADVANCED_FACE('',(#1520),#1562,.T.);
#1641=ADVANCED_FACE('',(#1521),#1563,.F.);
#1642=ADVANCED_FACE('',(#1522),#1564,.T.);
#1643=ADVANCED_FACE('',(#1523),#1565,.T.);
#1644=ADVANCED_FACE('',(#1524),#1566,.F.);
#1645=ADVANCED_FACE('',(#1525),#1567,.F.);
#1646=ADVANCED_FACE('',(#1526),#1568,.T.);
#1647=ADVANCED_FACE('',(#1527),#1569,.T.);
#1648=ADVANCED_FACE('',(#1528),#1570,.T.);
#1649=ADVANCED_FACE('',(#1529),#24,.T.);
#1650=ADVANCED_FACE('',(#1530),#1571,.T.);
#1651=ADVANCED_FACE('',(#1531),#20,.T.);
#1652=ADVANCED_FACE('',(#1532),#1572,.T.);
#1653=ADVANCED_FACE('',(#1533),#25,.T.);
#1654=ADVANCED_FACE('',(#1534),#1573,.T.);
#1655=ADVANCED_FACE('',(#1535),#26,.T.);
#1656=ADVANCED_FACE('',(#1536),#1574,.T.);
#1657=ADVANCED_FACE('',(#1537),#21,.T.);
#1658=ADVANCED_FACE('',(#1538),#1575,.T.);
#1659=ADVANCED_FACE('',(#1539),#27,.T.);
#1660=ADVANCED_FACE('',(#1540),#1576,.T.);
#1661=ADVANCED_FACE('',(#1541),#1577,.T.);
#1662=ADVANCED_FACE('',(#1542),#28,.T.);
#1663=ADVANCED_FACE('',(#1543),#1578,.T.);
#1664=ADVANCED_FACE('',(#1544),#22,.T.);
#1665=ADVANCED_FACE('',(#1545),#1579,.T.);
#1666=ADVANCED_FACE('',(#1546),#29,.T.);
#1667=ADVANCED_FACE('',(#1547),#1580,.T.);
#1668=ADVANCED_FACE('',(#1548),#30,.T.);
#1669=ADVANCED_FACE('',(#1549),#1581,.T.);
#1670=ADVANCED_FACE('',(#1550),#23,.T.);
#1671=ADVANCED_FACE('',(#1551),#1582,.T.);
#1672=ADVANCED_FACE('',(#1552),#31,.T.);
#1673=ADVANCED_FACE('',(#1553),#1583,.T.);
#1674=CLOSED_SHELL('',(#1584,#1585,#1586,#1587,#1588,#1589,#1590,#1591,
#1592,#1593,#1594,#1595,#1596,#1597,#1598,#1599,#1600,#1601,#1602,#1603,
#1604,#1605,#1606,#1607,#1608,#1609,#1610,#1611,#1612,#1613,#1614,#1615,
#1616,#1617,#1618,#1619,#1620,#1621,#1622,#1623,#1624,#1625,#1626,#1627,
#1628,#1629,#1630,#1631,#1632,#1633,#1634,#1635,#1636,#1637,#1638,#1639,
#1640,#1641,#1642,#1643,#1644,#1645,#1646,#1647,#1648,#1649,#1650,#1651,
#1652,#1653,#1654,#1655,#1656,#1657,#1658,#1659,#1660,#1661,#1662,#1663,
#1664,#1665,#1666,#1667,#1668,#1669,#1670,#1671,#1672,#1673));
#1675=STYLED_ITEM('',(#1676),#1683);
#1676=PRESENTATION_STYLE_ASSIGNMENT((#1677));
#1677=SURFACE_STYLE_USAGE(.BOTH.,#1678);
#1678=SURFACE_SIDE_STYLE('',(#1679));
#1679=SURFACE_STYLE_FILL_AREA(#1680);
#1680=FILL_AREA_STYLE('',(#1681));
#1681=FILL_AREA_STYLE_COLOUR('',#1682);
#1682=COLOUR_RGB('',0.647058823529412,0.647058823529412,0.647058823529412);
#1683=MANIFOLD_SOLID_BREP('Toolhead Cart connector',#1674);
#1684=SHAPE_DEFINITION_REPRESENTATION(#2836,#1685);
#1685=SHAPE_REPRESENTATION('Toolhead Cart connector',(#1686),#2831);
#1686=AXIS2_PLACEMENT_3D('',#2349,#1853,#1854);
#1687=AXIS2_PLACEMENT_3D('',#2350,#1855,#1856);
#1688=AXIS2_PLACEMENT_3D('',#2354,#1858,#1859);
#1689=AXIS2_PLACEMENT_3D('',#2358,#1861,#1862);
#1690=AXIS2_PLACEMENT_3D('',#2359,#1863,#1864);
#1691=AXIS2_PLACEMENT_3D('',#2363,#1866,#1867);
#1692=AXIS2_PLACEMENT_3D('',#2367,#1869,#1870);
#1693=AXIS2_PLACEMENT_3D('',#2368,#1871,#1872);
#1694=AXIS2_PLACEMENT_3D('',#2409,#1893,#1894);
#1695=AXIS2_PLACEMENT_3D('',#2415,#1898,#1899);
#1696=AXIS2_PLACEMENT_3D('',#2418,#1902,#1903);
#1697=AXIS2_PLACEMENT_3D('',#2424,#1907,#1908);
#1698=AXIS2_PLACEMENT_3D('',#2427,#1911,#1912);
#1699=AXIS2_PLACEMENT_3D('',#2428,#1913,#1914);
#1700=AXIS2_PLACEMENT_3D('',#2433,#1916,#1917);
#1701=AXIS2_PLACEMENT_3D('',#2436,#1919,#1920);
#1702=AXIS2_PLACEMENT_3D('',#2440,#1922,#1923);
#1703=AXIS2_PLACEMENT_3D('',#2451,#1929,#1930);
#1704=AXIS2_PLACEMENT_3D('',#2460,#1935,#1936);
#1705=AXIS2_PLACEMENT_3D('',#2463,#1938,#1939);
#1706=AXIS2_PLACEMENT_3D('',#2468,#1942,#1943);
#1707=AXIS2_PLACEMENT_3D('',#2471,#1945,#1946);
#1708=AXIS2_PLACEMENT_3D('',#2475,#1948,#1949);
#1709=AXIS2_PLACEMENT_3D('',#2479,#1951,#1952);
#1710=AXIS2_PLACEMENT_3D('',#2483,#1954,#1955);
#1711=AXIS2_PLACEMENT_3D('',#2487,#1957,#1958);
#1712=AXIS2_PLACEMENT_3D('',#2491,#1960,#1961);
#1713=AXIS2_PLACEMENT_3D('',#2501,#1966,#1967);
#1714=AXIS2_PLACEMENT_3D('',#2505,#1969,#1970);
#1715=AXIS2_PLACEMENT_3D('',#2509,#1972,#1973);
#1716=AXIS2_PLACEMENT_3D('',#2513,#1975,#1976);
#1717=AXIS2_PLACEMENT_3D('',#2518,#1979,#1980);
#1718=AXIS2_PLACEMENT_3D('',#2527,#1985,#1986);
#1719=AXIS2_PLACEMENT_3D('',#2533,#1989,#1990);
#1720=AXIS2_PLACEMENT_3D('',#2537,#1992,#1993);
#1721=AXIS2_PLACEMENT_3D('',#2541,#1995,#1996);
#1722=AXIS2_PLACEMENT_3D('',#2545,#1998,#1999);
#1723=AXIS2_PLACEMENT_3D('',#2549,#2001,#2002);
#1724=AXIS2_PLACEMENT_3D('',#2553,#2004,#2005);
#1725=AXIS2_PLACEMENT_3D('',#2560,#2009,#2010);
#1726=AXIS2_PLACEMENT_3D('',#2564,#2012,#2013);
#1727=AXIS2_PLACEMENT_3D('',#2568,#2015,#2016);
#1728=AXIS2_PLACEMENT_3D('',#2572,#2018,#2019);
#1729=AXIS2_PLACEMENT_3D('',#2577,#2022,#2023);
#1730=AXIS2_PLACEMENT_3D('',#2578,#2024,#2025);
#1731=AXIS2_PLACEMENT_3D('',#2583,#2028,#2029);
#1732=AXIS2_PLACEMENT_3D('',#2587,#2032,#2033);
#1733=AXIS2_PLACEMENT_3D('',#2591,#2037,#2038);
#1734=AXIS2_PLACEMENT_3D('',#2592,#2039,#2040);
#1735=AXIS2_PLACEMENT_3D('',#2597,#2043,#2044);
#1736=AXIS2_PLACEMENT_3D('',#2609,#2052,#2053);
#1737=AXIS2_PLACEMENT_3D('',#2613,#2056,#2057);
#1738=AXIS2_PLACEMENT_3D('',#2614,#2058,#2059);
#1739=AXIS2_PLACEMENT_3D('',#2616,#2060,#2061);
#1740=AXIS2_PLACEMENT_3D('',#2620,#2064,#2065);
#1741=AXIS2_PLACEMENT_3D('',#2623,#2068,#2069);
#1742=AXIS2_PLACEMENT_3D('',#2632,#2074,#2075);
#1743=AXIS2_PLACEMENT_3D('',#2633,#2076,#2077);
#1744=AXIS2_PLACEMENT_3D('',#2635,#2078,#2079);
#1745=AXIS2_PLACEMENT_3D('',#2645,#2084,#2085);
#1746=AXIS2_PLACEMENT_3D('',#2654,#2090,#2091);
#1747=AXIS2_PLACEMENT_3D('',#2663,#2096,#2097);
#1748=AXIS2_PLACEMENT_3D('',#2671,#2103,#2104);
#1749=AXIS2_PLACEMENT_3D('',#2674,#2107,#2108);
#1750=AXIS2_PLACEMENT_3D('',#2678,#2111,#2112);
#1751=AXIS2_PLACEMENT_3D('',#2682,#2115,#2116);
#1752=AXIS2_PLACEMENT_3D('',#2683,#2117,#2118);
#1753=AXIS2_PLACEMENT_3D('',#2685,#2120,#2121);
#1754=AXIS2_PLACEMENT_3D('',#2686,#2122,#2123);
#1755=AXIS2_PLACEMENT_3D('',#2688,#2125,#2126);
#1756=AXIS2_PLACEMENT_3D('',#2689,#2127,#2128);
#1757=AXIS2_PLACEMENT_3D('',#2690,#2129,#2130);
#1758=AXIS2_PLACEMENT_3D('',#2692,#2132,#2133);
#1759=AXIS2_PLACEMENT_3D('',#2693,#2134,#2135);
#1760=AXIS2_PLACEMENT_3D('',#2695,#2137,#2138);
#1761=AXIS2_PLACEMENT_3D('',#2696,#2139,#2140);
#1762=AXIS2_PLACEMENT_3D('',#2702,#2144,#2145);
#1763=AXIS2_PLACEMENT_3D('',#2706,#2148,#2149);
#1764=AXIS2_PLACEMENT_3D('',#2710,#2152,#2153);
#1765=AXIS2_PLACEMENT_3D('',#2711,#2154,#2155);
#1766=AXIS2_PLACEMENT_3D('',#2716,#2158,#2159);
#1767=AXIS2_PLACEMENT_3D('',#2722,#2163,#2164);
#1768=AXIS2_PLACEMENT_3D('',#2723,#2165,#2166);
#1769=AXIS2_PLACEMENT_3D('',#2725,#2168,#2169);
#1770=AXIS2_PLACEMENT_3D('',#2726,#2170,#2171);
#1771=AXIS2_PLACEMENT_3D('',#2732,#2175,#2176);
#1772=AXIS2_PLACEMENT_3D('',#2736,#2179,#2180);
#1773=AXIS2_PLACEMENT_3D('',#2740,#2183,#2184);
#1774=AXIS2_PLACEMENT_3D('',#2741,#2185,#2186);
#1775=AXIS2_PLACEMENT_3D('',#2746,#2189,#2190);
#1776=AXIS2_PLACEMENT_3D('',#2752,#2194,#2195);
#1777=AXIS2_PLACEMENT_3D('',#2753,#2196,#2197);
#1778=AXIS2_PLACEMENT_3D('',#2755,#2199,#2200);
#1779=AXIS2_PLACEMENT_3D('',#2756,#2201,#2202);
#1780=AXIS2_PLACEMENT_3D('',#2757,#2203,#2204);
#1781=AXIS2_PLACEMENT_3D('',#2758,#2205,#2206);
#1782=AXIS2_PLACEMENT_3D('',#2759,#2207,#2208);
#1783=AXIS2_PLACEMENT_3D('',#2760,#2209,#2210);
#1784=AXIS2_PLACEMENT_3D('',#2761,#2211,#2212);
#1785=AXIS2_PLACEMENT_3D('',#2762,#2213,#2214);
#1786=AXIS2_PLACEMENT_3D('',#2763,#2215,#2216);
#1787=AXIS2_PLACEMENT_3D('',#2764,#2217,#2218);
#1788=AXIS2_PLACEMENT_3D('',#2765,#2219,#2220);
#1789=AXIS2_PLACEMENT_3D('',#2766,#2221,#2222);
#1790=AXIS2_PLACEMENT_3D('',#2767,#2223,#2224);
#1791=AXIS2_PLACEMENT_3D('',#2768,#2225,#2226);
#1792=AXIS2_PLACEMENT_3D('',#2769,#2227,#2228);
#1793=AXIS2_PLACEMENT_3D('',#2770,#2229,#2230);
#1794=AXIS2_PLACEMENT_3D('',#2771,#2231,#2232);
#1795=AXIS2_PLACEMENT_3D('',#2772,#2233,#2234);
#1796=AXIS2_PLACEMENT_3D('',#2773,#2235,#2236);
#1797=AXIS2_PLACEMENT_3D('',#2774,#2237,#2238);
#1798=AXIS2_PLACEMENT_3D('',#2775,#2239,#2240);
#1799=AXIS2_PLACEMENT_3D('',#2776,#2241,#2242);
#1800=AXIS2_PLACEMENT_3D('',#2777,#2243,#2244);
#1801=AXIS2_PLACEMENT_3D('',#2778,#2245,#2246);
#1802=AXIS2_PLACEMENT_3D('',#2779,#2247,#2248);
#1803=AXIS2_PLACEMENT_3D('',#2780,#2249,#2250);
#1804=AXIS2_PLACEMENT_3D('',#2781,#2251,#2252);
#1805=AXIS2_PLACEMENT_3D('',#2782,#2253,#2254);
#1806=AXIS2_PLACEMENT_3D('',#2783,#2255,#2256);
#1807=AXIS2_PLACEMENT_3D('',#2784,#2257,#2258);
#1808=AXIS2_PLACEMENT_3D('',#2785,#2259,#2260);
#1809=AXIS2_PLACEMENT_3D('',#2786,#2261,#2262);
#1810=AXIS2_PLACEMENT_3D('',#2787,#2263,#2264);
#1811=AXIS2_PLACEMENT_3D('',#2788,#2265,#2266);
#1812=AXIS2_PLACEMENT_3D('',#2789,#2267,#2268);
#1813=AXIS2_PLACEMENT_3D('',#2790,#2269,#2270);
#1814=AXIS2_PLACEMENT_3D('',#2791,#2271,#2272);
#1815=AXIS2_PLACEMENT_3D('',#2792,#2273,#2274);
#1816=AXIS2_PLACEMENT_3D('',#2793,#2275,#2276);
#1817=AXIS2_PLACEMENT_3D('',#2794,#2277,#2278);
#1818=AXIS2_PLACEMENT_3D('',#2795,#2279,#2280);
#1819=AXIS2_PLACEMENT_3D('',#2796,#2281,#2282);
#1820=AXIS2_PLACEMENT_3D('',#2797,#2283,#2284);
#1821=AXIS2_PLACEMENT_3D('',#2798,#2285,#2286);
#1822=AXIS2_PLACEMENT_3D('',#2799,#2287,#2288);
#1823=AXIS2_PLACEMENT_3D('',#2800,#2289,#2290);
#1824=AXIS2_PLACEMENT_3D('',#2801,#2291,#2292);
#1825=AXIS2_PLACEMENT_3D('',#2802,#2293,#2294);
#1826=AXIS2_PLACEMENT_3D('',#2803,#2295,#2296);
#1827=AXIS2_PLACEMENT_3D('',#2804,#2297,#2298);
#1828=AXIS2_PLACEMENT_3D('',#2805,#2299,#2300);
#1829=AXIS2_PLACEMENT_3D('',#2806,#2301,#2302);
#1830=AXIS2_PLACEMENT_3D('',#2807,#2303,#2304);
#1831=AXIS2_PLACEMENT_3D('',#2808,#2305,#2306);
#1832=AXIS2_PLACEMENT_3D('',#2809,#2307,#2308);
#1833=AXIS2_PLACEMENT_3D('',#2810,#2309,#2310);
#1834=AXIS2_PLACEMENT_3D('',#2811,#2311,#2312);
#1835=AXIS2_PLACEMENT_3D('',#2812,#2313,#2314);
#1836=AXIS2_PLACEMENT_3D('',#2813,#2315,#2316);
#1837=AXIS2_PLACEMENT_3D('',#2814,#2317,#2318);
#1838=AXIS2_PLACEMENT_3D('',#2815,#2319,#2320);
#1839=AXIS2_PLACEMENT_3D('',#2816,#2321,#2322);
#1840=AXIS2_PLACEMENT_3D('',#2817,#2323,#2324);
#1841=AXIS2_PLACEMENT_3D('',#2818,#2325,#2326);
#1842=AXIS2_PLACEMENT_3D('',#2819,#2327,#2328);
#1843=AXIS2_PLACEMENT_3D('',#2820,#2329,#2330);
#1844=AXIS2_PLACEMENT_3D('',#2821,#2331,#2332);
#1845=AXIS2_PLACEMENT_3D('',#2822,#2333,#2334);
#1846=AXIS2_PLACEMENT_3D('',#2823,#2335,#2336);
#1847=AXIS2_PLACEMENT_3D('',#2824,#2337,#2338);
#1848=AXIS2_PLACEMENT_3D('',#2825,#2339,#2340);
#1849=AXIS2_PLACEMENT_3D('',#2826,#2341,#2342);
#1850=AXIS2_PLACEMENT_3D('',#2827,#2343,#2344);
#1851=AXIS2_PLACEMENT_3D('',#2828,#2345,#2346);
#1852=AXIS2_PLACEMENT_3D('',#2829,#2347,#2348);
#1853=DIRECTION('',(0.,0.,1.));
#1854=DIRECTION('',(1.,0.,0.));
#1855=DIRECTION('',(0.,1.,0.));
#1856=DIRECTION('',(0.,0.,1.));
#1857=DIRECTION('',(0.,-1.,0.));
#1858=DIRECTION('',(0.,-1.,0.));
#1859=DIRECTION('',(0.,0.,-1.));
#1860=DIRECTION('',(0.,-1.,0.));
#1861=DIRECTION('',(0.,-1.,0.));
#1862=DIRECTION('',(0.,0.,-1.));
#1863=DIRECTION('',(0.,1.,0.));
#1864=DIRECTION('',(0.,0.,1.));
#1865=DIRECTION('',(0.,-1.,0.));
#1866=DIRECTION('',(0.,-1.,0.));
#1867=DIRECTION('',(0.,0.,-1.));
#1868=DIRECTION('',(0.,-1.,0.));
#1869=DIRECTION('',(0.,-1.,0.));
#1870=DIRECTION('',(0.,0.,-1.));
#1871=DIRECTION('',(0.,-1.,0.));
#1872=DIRECTION('',(1.,0.,0.));
#1873=DIRECTION('',(1.,0.,0.));
#1874=DIRECTION('',(-4.33680868994201E-16,0.,1.));
#1875=DIRECTION('',(-0.866025403784439,0.,-0.5));
#1876=DIRECTION('',(-0.866025403784439,0.,0.5));
#1877=DIRECTION('',(0.,0.,1.));
#1878=DIRECTION('',(0.866025403784438,0.,0.5));
#1879=DIRECTION('',(0.866025403784439,0.,-0.5));
#1880=DIRECTION('',(-4.33680868994201E-16,0.,1.));
#1881=DIRECTION('',(-1.,0.,-5.88041856263324E-16));
#1882=DIRECTION('',(-4.33680868994201E-16,0.,1.));
#1883=DIRECTION('',(1.,0.,0.));
#1884=DIRECTION('',(4.33680868994201E-16,0.,1.));
#1885=DIRECTION('',(1.,0.,-5.88041856263324E-16));
#1886=DIRECTION('',(0.,0.,1.));
#1887=DIRECTION('',(-0.866025403784439,0.,-0.5));
#1888=DIRECTION('',(-0.866025403784438,0.,0.5));
#1889=DIRECTION('',(0.,0.,1.));
#1890=DIRECTION('',(0.866025403784439,0.,0.5));
#1891=DIRECTION('',(0.866025403784439,0.,-0.5));
#1892=DIRECTION('',(0.,0.,1.));
#1893=DIRECTION('',(0.5,0.,-0.866025403784439));
#1894=DIRECTION('',(-0.866025403784439,0.,-0.5));
#1895=DIRECTION('',(0.866025403784439,0.,0.5));
#1896=DIRECTION('',(0.866025403784439,0.,0.5));
#1897=DIRECTION('',(0.,-1.,0.));
#1898=DIRECTION('',(-0.5,0.,-0.866025403784439));
#1899=DIRECTION('',(-0.866025403784439,0.,0.5));
#1900=DIRECTION('',(0.866025403784439,0.,-0.5));
#1901=DIRECTION('',(0.866025403784439,0.,-0.5));
#1902=DIRECTION('',(0.5,0.,-0.866025403784437));
#1903=DIRECTION('',(-0.866025403784437,0.,-0.5));
#1904=DIRECTION('',(0.866025403784437,0.,0.5));
#1905=DIRECTION('',(0.866025403784437,0.,0.5));
#1906=DIRECTION('',(0.,-1.,0.));
#1907=DIRECTION('',(-0.5,0.,-0.866025403784441));
#1908=DIRECTION('',(-0.866025403784441,0.,0.5));
#1909=DIRECTION('',(0.866025403784441,0.,-0.5));
#1910=DIRECTION('',(0.866025403784441,0.,-0.5));
#1911=DIRECTION('',(0.,-1.,0.));
#1912=DIRECTION('',(0.,0.,-1.));
#1913=DIRECTION('',(0.,1.,0.));
#1914=DIRECTION('',(0.,0.,-1.));
#1915=DIRECTION('',(0.,-1.,0.));
#1916=DIRECTION('',(0.,1.,0.));
#1917=DIRECTION('',(0.,0.,-1.));
#1918=DIRECTION('',(0.,-1.,0.));
#1919=DIRECTION('',(0.,-1.,0.));
#1920=DIRECTION('',(1.,0.,0.));
#1921=DIRECTION('',(0.866025403784441,0.,-0.5));
#1922=DIRECTION('',(0.,-1.,0.));
#1923=DIRECTION('',(0.,0.,-1.));
#1924=DIRECTION('',(0.866025403784437,0.,0.5));
#1925=DIRECTION('',(1.,0.,0.));
#1926=DIRECTION('',(-4.33680868994201E-16,0.,1.));
#1927=DIRECTION('',(-1.,0.,-5.88041856263324E-16));
#1928=DIRECTION('',(-4.33680868994201E-16,0.,1.));
#1929=DIRECTION('',(1.,0.,-4.33680868994201E-16));
#1930=DIRECTION('',(-4.33680868994201E-16,0.,-1.));
#1931=DIRECTION('',(4.33680868994201E-16,0.,1.));
#1932=DIRECTION('',(0.,-1.,0.));
#1933=DIRECTION('',(4.33680868994201E-16,0.,1.));
#1934=DIRECTION('',(0.,-1.,0.));
#1935=DIRECTION('',(-5.88041856263324E-16,0.,-1.));
#1936=DIRECTION('',(-1.,0.,5.88041856263324E-16));
#1937=DIRECTION('',(1.,0.,-5.88041856263324E-16));
#1938=DIRECTION('',(-5.88041856263324E-16,0.,-1.));
#1939=DIRECTION('',(-1.,0.,5.88041856263324E-16));
#1940=DIRECTION('',(0.,-1.,0.));
#1941=DIRECTION('',(1.,0.,-5.88041856263324E-16));
#1942=DIRECTION('',(1.,0.,0.));
#1943=DIRECTION('',(0.,0.,-1.));
#1944=DIRECTION('',(0.,0.,1.));
#1945=DIRECTION('',(1.,0.,0.));
#1946=DIRECTION('',(0.,0.,-1.));
#1947=DIRECTION('',(0.,-1.,0.));
#1948=DIRECTION('',(1.,0.,0.));
#1949=DIRECTION('',(0.,0.,-1.));
#1950=DIRECTION('',(0.,8.67361737988403E-17,-1.));
#1951=DIRECTION('',(1.,0.,0.));
#1952=DIRECTION('',(0.,0.,-1.));
#1953=DIRECTION('',(0.,1.,0.));
#1954=DIRECTION('',(1.,0.,0.));
#1955=DIRECTION('',(0.,0.,-1.));
#1956=DIRECTION('',(0.,0.,1.));
#1957=DIRECTION('',(1.,0.,0.));
#1958=DIRECTION('',(0.,0.,-1.));
#1959=DIRECTION('',(0.,1.,0.));
#1960=DIRECTION('',(1.,0.,0.));
#1961=DIRECTION('',(0.,0.,-1.));
#1962=DIRECTION('',(0.,0.,1.));
#1963=DIRECTION('',(0.,1.,0.));
#1964=DIRECTION('',(0.,0.,1.));
#1965=DIRECTION('',(0.,-1.,0.));
#1966=DIRECTION('',(1.,0.,0.));
#1967=DIRECTION('',(0.,0.,-1.));
#1968=DIRECTION('',(0.,1.5770213417971E-16,-1.));
#1969=DIRECTION('',(1.,0.,0.));
#1970=DIRECTION('',(0.,0.,-1.));
#1971=DIRECTION('',(0.,-1.,0.));
#1972=DIRECTION('',(1.,0.,0.));
#1973=DIRECTION('',(0.,0.,-1.));
#1974=DIRECTION('',(0.,7.8851067089855E-17,-1.));
#1975=DIRECTION('',(1.,0.,0.));
#1976=DIRECTION('',(0.,0.,-1.));
#1977=DIRECTION('',(0.,-1.,0.));
#1978=DIRECTION('',(0.,0.,1.));
#1979=DIRECTION('',(-5.88041856263324E-16,0.,-1.));
#1980=DIRECTION('',(-1.,0.,5.88041856263324E-16));
#1981=DIRECTION('',(1.,0.,-5.88041856263324E-16));
#1982=DIRECTION('',(0.,-1.,0.));
#1983=DIRECTION('',(1.,5.10045006458483E-32,-5.88041856263324E-16));
#1984=DIRECTION('',(0.,-1.,0.));
#1985=DIRECTION('',(1.,0.,4.33680868994201E-16));
#1986=DIRECTION('',(4.33680868994201E-16,0.,-1.));
#1987=DIRECTION('',(0.,1.,0.));
#1988=DIRECTION('',(-4.33680868994201E-16,0.,1.));
#1989=DIRECTION('',(1.,0.,4.33680868994201E-16));
#1990=DIRECTION('',(4.33680868994201E-16,0.,-1.));
#1991=DIRECTION('',(0.,1.,0.));
#1992=DIRECTION('',(1.,0.,4.33680868994201E-16));
#1993=DIRECTION('',(4.33680868994201E-16,0.,-1.));
#1994=DIRECTION('',(-4.33680868994201E-16,0.,1.));
#1995=DIRECTION('',(1.,0.,4.33680868994201E-16));
#1996=DIRECTION('',(4.33680868994201E-16,0.,-1.));
#1997=DIRECTION('',(0.,1.,0.));
#1998=DIRECTION('',(1.,0.,4.33680868994201E-16));
#1999=DIRECTION('',(4.33680868994201E-16,0.,-1.));
#2000=DIRECTION('',(4.33680868994201E-16,8.67361737988403E-17,-1.));
#2001=DIRECTION('',(1.,0.,4.33680868994201E-16));
#2002=DIRECTION('',(4.33680868994201E-16,0.,-1.));
#2003=DIRECTION('',(0.,-1.,0.));
#2004=DIRECTION('',(1.,0.,4.33680868994201E-16));
#2005=DIRECTION('',(4.33680868994201E-16,0.,-1.));
#2006=DIRECTION('',(-4.33680868994201E-16,0.,1.));
#2007=DIRECTION('',(0.,-1.,0.));
#2008=DIRECTION('',(0.,-1.,0.));
#2009=DIRECTION('',(1.,0.,4.33680868994201E-16));
#2010=DIRECTION('',(4.33680868994201E-16,0.,-1.));
#2011=DIRECTION('',(0.,7.8851067089855E-17,-1.));
#2012=DIRECTION('',(1.,0.,4.33680868994201E-16));
#2013=DIRECTION('',(4.33680868994201E-16,0.,-1.));
#2014=DIRECTION('',(0.,-1.,0.));
#2015=DIRECTION('',(1.,0.,4.33680868994201E-16));
#2016=DIRECTION('',(4.33680868994201E-16,0.,-1.));
#2017=DIRECTION('',(0.,1.5770213417971E-16,-1.));
#2018=DIRECTION('',(1.,0.,4.33680868994201E-16));
#2019=DIRECTION('',(4.33680868994201E-16,0.,-1.));
#2020=DIRECTION('',(0.,-1.,0.));
#2021=DIRECTION('',(-4.33680868994201E-16,0.,1.));
#2022=DIRECTION('',(-5.88041856263324E-16,0.,1.));
#2023=DIRECTION('',(1.,0.,5.88041856263324E-16));
#2024=DIRECTION('',(-5.88041856263324E-16,0.,1.));
#2025=DIRECTION('',(1.,0.,5.88041856263324E-16));
#2026=DIRECTION('',(-1.,0.,-5.88041856263324E-16));
#2027=DIRECTION('',(0.,-1.,0.));
#2028=DIRECTION('',(1.,0.,4.33680868994201E-16));
#2029=DIRECTION('',(4.33680868994201E-16,0.,-1.));
#2030=DIRECTION('',(-4.33680868994201E-16,0.,1.));
#2031=DIRECTION('',(0.,-1.,0.));
#2032=DIRECTION('',(0.,0.,-1.));
#2033=DIRECTION('',(-1.,0.,0.));
#2034=DIRECTION('',(1.,0.,0.));
#2035=DIRECTION('',(1.,0.,0.));
#2036=DIRECTION('',(1.,0.,0.));
#2037=DIRECTION('',(0.,-1.,0.));
#2038=DIRECTION('',(0.,0.,-1.));
#2039=DIRECTION('',(0.,-1.,0.));
#2040=DIRECTION('',(0.,0.,-1.));
#2041=DIRECTION('',(0.,-1.,0.));
#2042=DIRECTION('',(0.,-1.,0.));
#2043=DIRECTION('',(0.,-1.,0.));
#2044=DIRECTION('',(1.,0.,0.));
#2045=DIRECTION('',(-4.33680868994201E-16,0.,1.));
#2046=DIRECTION('',(1.,0.,-5.88041856263324E-16));
#2047=DIRECTION('',(0.,0.,1.));
#2048=DIRECTION('',(0.866025403784439,0.,-0.5));
#2049=DIRECTION('',(0.866025403784439,0.,0.5));
#2050=DIRECTION('',(0.866025403784441,0.,-0.5));
#2051=DIRECTION('',(0.866025403784437,0.,0.5));
#2052=DIRECTION('',(0.,-1.,0.));
#2053=DIRECTION('',(1.,0.,0.));
#2054=DIRECTION('',(0.866025403784439,0.,-0.5));
#2055=DIRECTION('',(0.866025403784439,0.,0.5));
#2056=DIRECTION('',(0.,0.,1.));
#2057=DIRECTION('',(1.,0.,0.));
#2058=DIRECTION('',(0.,0.,1.));
#2059=DIRECTION('',(1.,0.,0.));
#2060=DIRECTION('',(0.,0.,1.));
#2061=DIRECTION('',(1.,0.,0.));
#2062=DIRECTION('',(1.,0.,0.));
#2063=DIRECTION('',(1.,0.,0.));
#2064=DIRECTION('',(0.,-1.,-7.8851067089855E-17));
#2065=DIRECTION('',(0.,7.8851067089855E-17,-1.));
#2066=DIRECTION('',(1.,0.,0.));
#2067=DIRECTION('',(1.,0.,0.));
#2068=DIRECTION('',(0.,-1.,-8.67361737988403E-17));
#2069=DIRECTION('',(0.,8.67361737988403E-17,-1.));
#2070=DIRECTION('',(1.,5.10045006458483E-32,-5.88041856263324E-16));
#2071=DIRECTION('',(4.33680868994201E-16,8.67361737988403E-17,-1.));
#2072=DIRECTION('',(1.,0.,0.));
#2073=DIRECTION('',(0.,8.67361737988403E-17,-1.));
#2074=DIRECTION('',(0.,0.,-1.));
#2075=DIRECTION('',(-1.,0.,0.));
#2076=DIRECTION('',(0.,0.,1.));
#2077=DIRECTION('',(1.,0.,0.));
#2078=DIRECTION('',(0.,0.,1.));
#2079=DIRECTION('',(1.,0.,0.));
#2080=DIRECTION('',(1.,0.,0.));
#2081=DIRECTION('',(0.,1.,0.));
#2082=DIRECTION('',(1.,0.,0.));
#2083=DIRECTION('',(0.,1.,0.));
#2084=DIRECTION('',(0.,1.,0.));
#2085=DIRECTION('',(0.,0.,1.));
#2086=DIRECTION('',(1.,0.,0.));
#2087=DIRECTION('',(-4.33680868994201E-16,0.,1.));
#2088=DIRECTION('',(1.,0.,0.));
#2089=DIRECTION('',(0.,0.,1.));
#2090=DIRECTION('',(0.,0.,-1.));
#2091=DIRECTION('',(-1.,0.,0.));
#2092=DIRECTION('',(1.,0.,0.));
#2093=DIRECTION('',(0.,1.,0.));
#2094=DIRECTION('',(1.,0.,0.));
#2095=DIRECTION('',(0.,1.,0.));
#2096=DIRECTION('',(0.,0.,1.));
#2097=DIRECTION('',(1.,0.,0.));
#2098=DIRECTION('',(1.,0.,0.));
#2099=DIRECTION('',(1.,0.,0.));
#2100=DIRECTION('',(0.,1.,0.));
#2101=DIRECTION('',(0.,1.,0.));
#2102=DIRECTION('',(1.,0.,0.));
#2103=DIRECTION('',(0.,-1.,-1.5770213417971E-16));
#2104=DIRECTION('',(0.,1.5770213417971E-16,-1.));
#2105=DIRECTION('',(1.,0.,0.));
#2106=DIRECTION('',(1.,0.,0.));
#2107=DIRECTION('',(0.,-1.,0.));
#2108=DIRECTION('',(1.,0.,0.));
#2109=DIRECTION('',(-4.33680868994201E-16,0.,1.));
#2110=DIRECTION('',(-1.,0.,-5.88041856263324E-16));
#2111=DIRECTION('',(0.,-1.,0.));
#2112=DIRECTION('',(1.,0.,0.));
#2113=DIRECTION('',(4.33680868994201E-16,0.,1.));
#2114=DIRECTION('',(1.,0.,-5.88041856263324E-16));
#2115=DIRECTION('',(5.88041856263324E-16,0.,-1.));
#2116=DIRECTION('',(-1.,0.,-5.88041856263324E-16));
#2117=DIRECTION('',(5.88041856263324E-16,0.,-1.));
#2118=DIRECTION('',(-1.,0.,-5.88041856263324E-16));
#2119=DIRECTION('',(0.,1.,0.));
#2120=DIRECTION('',(-1.,0.,-4.33680868994201E-16));
#2121=DIRECTION('',(-4.33680868994201E-16,0.,1.));
#2122=DIRECTION('',(-1.,0.,4.33680868994201E-16));
#2123=DIRECTION('',(4.33680868994201E-16,0.,1.));
#2124=DIRECTION('',(0.,1.,0.));
#2125=DIRECTION('',(5.88041856263324E-16,0.,1.));
#2126=DIRECTION('',(1.,0.,-5.88041856263324E-16));
#2127=DIRECTION('',(5.88041856263324E-16,0.,1.));
#2128=DIRECTION('',(1.,0.,-5.88041856263324E-16));
#2129=DIRECTION('',(-0.5,0.,-0.866025403784439));
#2130=DIRECTION('',(-0.866025403784439,0.,0.5));
#2131=DIRECTION('',(0.,-1.,0.));
#2132=DIRECTION('',(0.5,0.,-0.866025403784439));
#2133=DIRECTION('',(-0.866025403784439,0.,-0.5));
#2134=DIRECTION('',(-0.5,0.,-0.866025403784441));
#2135=DIRECTION('',(-0.866025403784441,0.,0.5));
#2136=DIRECTION('',(0.,-1.,0.));
#2137=DIRECTION('',(0.5,0.,-0.866025403784437));
#2138=DIRECTION('',(-0.866025403784437,0.,-0.5));
#2139=DIRECTION('',(0.5,0.,-0.866025403784438));
#2140=DIRECTION('',(-0.866025403784438,0.,-0.5));
#2141=DIRECTION('',(0.,-1.,0.));
#2142=DIRECTION('',(0.866025403784438,0.,0.5));
#2143=DIRECTION('',(0.,-1.,0.));
#2144=DIRECTION('',(1.,0.,0.));
#2145=DIRECTION('',(0.,0.,-1.));
#2146=DIRECTION('',(0.,-1.,0.));
#2147=DIRECTION('',(0.,0.,1.));
#2148=DIRECTION('',(0.5,0.,0.866025403784439));
#2149=DIRECTION('',(0.866025403784439,0.,-0.5));
#2150=DIRECTION('',(0.,-1.,0.));
#2151=DIRECTION('',(-0.866025403784439,0.,0.5));
#2152=DIRECTION('',(-0.5,0.,0.866025403784439));
#2153=DIRECTION('',(0.866025403784439,0.,0.5));
#2154=DIRECTION('',(-0.5,0.,0.866025403784439));
#2155=DIRECTION('',(-0.866025403784439,0.,-0.5));
#2156=DIRECTION('',(0.,-1.,0.));
#2157=DIRECTION('',(-0.866025403784439,0.,-0.5));
#2158=DIRECTION('',(-1.,0.,0.));
#2159=DIRECTION('',(0.,0.,1.));
#2160=DIRECTION('',(4.33680868994201E-16,0.,-1.));
#2161=DIRECTION('',(0.,-1.,0.));
#2162=DIRECTION('',(0.,0.,-1.));
#2163=DIRECTION('',(-0.5,0.,-0.866025403784439));
#2164=DIRECTION('',(-0.866025403784439,0.,0.5));
#2165=DIRECTION('',(-0.5,0.,-0.866025403784439));
#2166=DIRECTION('',(0.866025403784439,0.,-0.5));
#2167=DIRECTION('',(0.866025403784439,0.,-0.5));
#2168=DIRECTION('',(0.,-1.,0.));
#2169=DIRECTION('',(1.,0.,0.));
#2170=DIRECTION('',(0.5,0.,-0.866025403784439));
#2171=DIRECTION('',(-0.866025403784439,0.,-0.5));
#2172=DIRECTION('',(0.,-1.,0.));
#2173=DIRECTION('',(0.866025403784439,0.,0.5));
#2174=DIRECTION('',(0.,-1.,0.));
#2175=DIRECTION('',(1.,0.,0.));
#2176=DIRECTION('',(0.,0.,-1.));
#2177=DIRECTION('',(0.,-1.,0.));
#2178=DIRECTION('',(0.,0.,1.));
#2179=DIRECTION('',(0.5,0.,0.866025403784438));
#2180=DIRECTION('',(0.866025403784438,0.,-0.5));
#2181=DIRECTION('',(0.,-1.,0.));
#2182=DIRECTION('',(-0.866025403784438,0.,0.5));
#2183=DIRECTION('',(-0.5,0.,0.866025403784439));
#2184=DIRECTION('',(0.866025403784439,0.,0.5));
#2185=DIRECTION('',(-0.5,0.,0.866025403784439));
#2186=DIRECTION('',(0.866025403784439,0.,0.5));
#2187=DIRECTION('',(0.,-1.,0.));
#2188=DIRECTION('',(-0.866025403784439,0.,-0.5));
#2189=DIRECTION('',(-1.,0.,0.));
#2190=DIRECTION('',(0.,0.,1.));
#2191=DIRECTION('',(0.,0.,1.));
#2192=DIRECTION('',(0.,-1.,0.));
#2193=DIRECTION('',(0.,0.,-1.));
#2194=DIRECTION('',(-0.5,0.,-0.866025403784439));
#2195=DIRECTION('',(-0.866025403784439,0.,0.5));
#2196=DIRECTION('',(-0.5,0.,-0.866025403784439));
#2197=DIRECTION('',(-0.866025403784439,0.,0.5));
#2198=DIRECTION('',(0.866025403784439,0.,-0.5));
#2199=DIRECTION('',(0.,-1.,0.));
#2200=DIRECTION('',(1.,0.,0.));
#2201=DIRECTION('',(0.,0.,1.));
#2202=DIRECTION('',(1.,0.,0.));
#2203=DIRECTION('',(0.,0.,1.));
#2204=DIRECTION('',(1.,0.,0.));
#2205=DIRECTION('',(-1.,0.,0.));
#2206=DIRECTION('',(0.,0.,1.));
#2207=DIRECTION('',(1.,0.,4.33680868994201E-16));
#2208=DIRECTION('',(4.33680868994201E-16,0.,-1.));
#2209=DIRECTION('',(1.,0.,0.));
#2210=DIRECTION('',(0.,0.,-1.));
#2211=DIRECTION('',(-1.,0.,0.));
#2212=DIRECTION('',(0.,0.,1.));
#2213=DIRECTION('',(1.,0.,4.33680868994201E-16));
#2214=DIRECTION('',(4.33680868994201E-16,0.,-1.));
#2215=DIRECTION('',(1.,0.,0.));
#2216=DIRECTION('',(0.,0.,-1.));
#2217=DIRECTION('',(1.,0.,-5.88041856263324E-16));
#2218=DIRECTION('',(-5.88041856263324E-16,0.,-1.));
#2219=DIRECTION('',(1.,0.,4.33680868994201E-16));
#2220=DIRECTION('',(4.33680868994201E-16,0.,-1.));
#2221=DIRECTION('',(1.,0.,0.));
#2222=DIRECTION('',(0.,0.,-1.));
#2223=DIRECTION('',(-1.,-5.10045006458483E-32,5.88041856263324E-16));
#2224=DIRECTION('',(5.88041856263324E-16,0.,1.));
#2225=DIRECTION('',(1.,0.,4.33680868994201E-16));
#2226=DIRECTION('',(4.33680868994201E-16,0.,-1.));
#2227=DIRECTION('',(1.,0.,0.));
#2228=DIRECTION('',(0.,0.,-1.));
#2229=DIRECTION('',(1.,0.,0.));
#2230=DIRECTION('',(0.,0.,-1.));
#2231=DIRECTION('',(1.,0.,0.));
#2232=DIRECTION('',(0.,0.,-1.));
#2233=DIRECTION('',(1.,0.,0.));
#2234=DIRECTION('',(0.,0.,-1.));
#2235=DIRECTION('',(-1.,0.,0.));
#2236=DIRECTION('',(0.,0.,1.));
#2237=DIRECTION('',(1.,0.,0.));
#2238=DIRECTION('',(0.,0.,-1.));
#2239=DIRECTION('',(1.,0.,4.33680868994201E-16));
#2240=DIRECTION('',(4.33680868994201E-16,0.,-1.));
#2241=DIRECTION('',(1.,0.,0.));
#2242=DIRECTION('',(0.,0.,-1.));
#2243=DIRECTION('',(1.,0.,0.));
#2244=DIRECTION('',(0.,0.,-1.));
#2245=DIRECTION('',(1.,0.,4.33680868994201E-16));
#2246=DIRECTION('',(4.33680868994201E-16,0.,-1.));
#2247=DIRECTION('',(1.,0.,0.));
#2248=DIRECTION('',(0.,0.,-1.));
#2249=DIRECTION('',(-4.33680868994201E-16,0.,1.));
#2250=DIRECTION('',(1.,0.,4.33680868994201E-16));
#2251=DIRECTION('',(0.,0.,1.));
#2252=DIRECTION('',(1.,0.,0.));
#2253=DIRECTION('',(1.,0.,4.33680868994201E-16));
#2254=DIRECTION('',(4.33680868994201E-16,0.,-1.));
#2255=DIRECTION('',(0.,-1.,0.));
#2256=DIRECTION('',(0.,0.,-1.));
#2257=DIRECTION('',(0.,-1.,0.));
#2258=DIRECTION('',(0.,0.,-1.));
#2259=DIRECTION('',(0.,-1.,0.));
#2260=DIRECTION('',(0.,0.,-1.));
#2261=DIRECTION('',(1.,0.,4.33680868994201E-16));
#2262=DIRECTION('',(4.33680868994201E-16,0.,-1.));
#2263=DIRECTION('',(0.,0.,1.));
#2264=DIRECTION('',(1.,0.,0.));
#2265=DIRECTION('',(4.33680868994201E-16,8.67361737988403E-17,-1.));
#2266=DIRECTION('',(-1.,0.,-4.33680868994201E-16));
#2267=DIRECTION('',(0.,0.,1.));
#2268=DIRECTION('',(1.,0.,0.));
#2269=DIRECTION('',(1.,0.,4.33680868994201E-16));
#2270=DIRECTION('',(4.33680868994201E-16,0.,-1.));
#2271=DIRECTION('',(0.,-1.,0.));
#2272=DIRECTION('',(0.,0.,-1.));
#2273=DIRECTION('',(0.,1.,0.));
#2274=DIRECTION('',(0.,0.,1.));
#2275=DIRECTION('',(0.,-1.,0.));
#2276=DIRECTION('',(0.,0.,-1.));
#2277=DIRECTION('',(1.,0.,4.33680868994201E-16));
#2278=DIRECTION('',(4.33680868994201E-16,0.,-1.));
#2279=DIRECTION('',(0.,0.,-1.));
#2280=DIRECTION('',(-1.,0.,0.));
#2281=DIRECTION('',(-4.33680868994201E-16,0.,1.));
#2282=DIRECTION('',(1.,0.,4.33680868994201E-16));
#2283=DIRECTION('',(0.,0.,-1.));
#2284=DIRECTION('',(-1.,0.,0.));
#2285=DIRECTION('',(1.,0.,4.33680868994201E-16));
#2286=DIRECTION('',(4.33680868994201E-16,0.,-1.));
#2287=DIRECTION('',(0.,-1.,0.));
#2288=DIRECTION('',(0.,0.,-1.));
#2289=DIRECTION('',(0.,1.,0.));
#2290=DIRECTION('',(0.,0.,1.));
#2291=DIRECTION('',(0.,-1.,0.));
#2292=DIRECTION('',(0.,0.,-1.));
#2293=DIRECTION('',(1.,0.,4.33680868994201E-16));
#2294=DIRECTION('',(4.33680868994201E-16,0.,-1.));
#2295=DIRECTION('',(0.,0.,-1.));
#2296=DIRECTION('',(-1.,0.,0.));
#2297=DIRECTION('',(4.33680868994201E-16,0.,-1.));
#2298=DIRECTION('',(-1.,0.,-4.33680868994201E-16));
#2299=DIRECTION('',(0.,0.,1.));
#2300=DIRECTION('',(1.,0.,0.));
#2301=DIRECTION('',(0.,0.,1.));
#2302=DIRECTION('',(1.,0.,0.));
#2303=DIRECTION('',(1.,0.,0.));
#2304=DIRECTION('',(0.,0.,-1.));
#2305=DIRECTION('',(0.,1.,0.));
#2306=DIRECTION('',(0.,0.,1.));
#2307=DIRECTION('',(0.,-1.,0.));
#2308=DIRECTION('',(0.,0.,-1.));
#2309=DIRECTION('',(0.,1.,0.));
#2310=DIRECTION('',(0.,0.,1.));
#2311=DIRECTION('',(1.,0.,0.));
#2312=DIRECTION('',(0.,0.,-1.));
#2313=DIRECTION('',(0.,0.,1.));
#2314=DIRECTION('',(1.,0.,0.));
#2315=DIRECTION('',(0.,0.,-1.));
#2316=DIRECTION('',(-1.,0.,0.));
#2317=DIRECTION('',(0.,0.,1.));
#2318=DIRECTION('',(1.,0.,0.));
#2319=DIRECTION('',(1.,0.,0.));
#2320=DIRECTION('',(0.,0.,-1.));
#2321=DIRECTION('',(0.,1.,0.));
#2322=DIRECTION('',(0.,0.,1.));
#2323=DIRECTION('',(0.,-1.,0.));
#2324=DIRECTION('',(0.,0.,-1.));
#2325=DIRECTION('',(0.,1.,0.));
#2326=DIRECTION('',(0.,0.,1.));
#2327=DIRECTION('',(1.,0.,0.));
#2328=DIRECTION('',(0.,0.,-1.));
#2329=DIRECTION('',(0.,0.,-1.));
#2330=DIRECTION('',(-1.,0.,0.));
#2331=DIRECTION('',(0.,-8.67361737988403E-17,1.));
#2332=DIRECTION('',(0.,-1.,-8.67361737988403E-17));
#2333=DIRECTION('',(0.,0.,-1.));
#2334=DIRECTION('',(-1.,0.,0.));
#2335=DIRECTION('',(1.,0.,0.));
#2336=DIRECTION('',(0.,0.,-1.));
#2337=DIRECTION('',(0.,1.,0.));
#2338=DIRECTION('',(0.,0.,1.));
#2339=DIRECTION('',(0.,1.,0.));
#2340=DIRECTION('',(0.,0.,1.));
#2341=DIRECTION('',(0.,1.,0.));
#2342=DIRECTION('',(0.,0.,1.));
#2343=DIRECTION('',(1.,0.,0.));
#2344=DIRECTION('',(0.,0.,-1.));
#2345=DIRECTION('',(0.,0.,-1.));
#2346=DIRECTION('',(-1.,0.,0.));
#2347=DIRECTION('',(0.,0.,-1.));
#2348=DIRECTION('',(-1.,0.,0.));
#2349=CARTESIAN_POINT('',(0.,0.,0.));
#2350=CARTESIAN_POINT('',(-0.038,-0.0442,0.027));
#2351=CARTESIAN_POINT('',(-0.0366,0.123162830869394,0.0245751288694035));
#2352=CARTESIAN_POINT('',(-0.0366,-0.0402,0.0245751288694036));
#2353=CARTESIAN_POINT('',(-0.0366,-0.0422,0.0245751288694035));
#2354=CARTESIAN_POINT('',(-0.038,-0.0422,0.027));
#2355=CARTESIAN_POINT('',(-0.0394,-0.0422,0.0245751288694035));
#2356=CARTESIAN_POINT('',(-0.0394,0.123162830869394,0.0245751288694035));
#2357=CARTESIAN_POINT('',(-0.0394,-0.0402,0.0245751288694035));
#2358=CARTESIAN_POINT('',(-0.038,-0.0402,0.027));
#2359=CARTESIAN_POINT('',(0.038,-0.0442,0.027));
#2360=CARTESIAN_POINT('',(0.0394,0.123162830869394,0.0245751288694036));
#2361=CARTESIAN_POINT('',(0.0394,-0.0402,0.0245751288694036));
#2362=CARTESIAN_POINT('',(0.0394,-0.0422,0.0245751288694036));
#2363=CARTESIAN_POINT('',(0.038,-0.0422,0.027));
#2364=CARTESIAN_POINT('',(0.0366,-0.0422,0.0245751288694035));
#2365=CARTESIAN_POINT('',(0.0366,0.123162830869394,0.0245751288694035));
#2366=CARTESIAN_POINT('',(0.0366,-0.0402,0.0245751288694035));
#2367=CARTESIAN_POINT('',(0.038,-0.0402,0.027));
#2368=CARTESIAN_POINT('',(0.,-0.0442,0.0326));
#2369=CARTESIAN_POINT('',(-0.0439,-0.0442,0.0411));
#2370=CARTESIAN_POINT('',(0.0419,-0.0442,0.0411));
#2371=CARTESIAN_POINT('',(-0.0419,-0.0442,0.0411));
#2372=CARTESIAN_POINT('',(-0.0419,-0.0442,0.0211));
#2373=CARTESIAN_POINT('',(-0.0419,-0.0442,0.0294826061575154));
#2374=CARTESIAN_POINT('',(-0.04005,-0.0442,0.0305507041555162));
#2375=CARTESIAN_POINT('',(-0.038,-0.0442,0.0317342722073549));
#2376=CARTESIAN_POINT('',(-0.03595,-0.0442,0.0305507041555162));
#2377=CARTESIAN_POINT('',(-0.0339,-0.0442,0.0293671361036775));
#2378=CARTESIAN_POINT('',(-0.0339,-0.0442,0.027));
#2379=CARTESIAN_POINT('',(-0.0339,-0.0442,0.0246328638963226));
#2380=CARTESIAN_POINT('',(-0.03595,-0.0442,0.0234492958444838));
#2381=CARTESIAN_POINT('',(-0.038,-0.0442,0.0222657277926451));
#2382=CARTESIAN_POINT('',(-0.04005,-0.0442,0.0234492958444838));
#2383=CARTESIAN_POINT('',(-0.0419,-0.0442,0.0245173938424846));
#2384=CARTESIAN_POINT('',(-0.0419,-0.0442,0.0211));
#2385=CARTESIAN_POINT('',(-0.0419,-0.0442,0.0211));
#2386=CARTESIAN_POINT('',(-0.038,-0.0442,0.0211));
#2387=CARTESIAN_POINT('',(-0.0321,-0.0442,0.0211));
#2388=CARTESIAN_POINT('',(-0.0321,-0.0442,0.0291));
#2389=CARTESIAN_POINT('',(-0.0321,-0.0442,0.0371));
#2390=CARTESIAN_POINT('',(-0.0439,-0.0442,0.0371));
#2391=CARTESIAN_POINT('',(0.0321,-0.0442,0.0371));
#2392=CARTESIAN_POINT('',(0.0321,-0.0442,0.0291));
#2393=CARTESIAN_POINT('',(0.0321,-0.0442,0.0211));
#2394=CARTESIAN_POINT('',(0.038,-0.0442,0.0211));
#2395=CARTESIAN_POINT('',(0.0419,-0.0442,0.0211));
#2396=CARTESIAN_POINT('',(0.0419,-0.0442,0.0326));
#2397=CARTESIAN_POINT('',(0.0419,-0.0442,0.0245173938424846));
#2398=CARTESIAN_POINT('',(0.04005,-0.0442,0.0234492958444838));
#2399=CARTESIAN_POINT('',(0.038,-0.0442,0.0222657277926451));
#2400=CARTESIAN_POINT('',(0.03595,-0.0442,0.0234492958444838));
#2401=CARTESIAN_POINT('',(0.0339,-0.0442,0.0246328638963226));
#2402=CARTESIAN_POINT('',(0.0339,-0.0442,0.027));
#2403=CARTESIAN_POINT('',(0.0339,-0.0442,0.0293671361036775));
#2404=CARTESIAN_POINT('',(0.03595,-0.0442,0.0305507041555162));
#2405=CARTESIAN_POINT('',(0.038,-0.0442,0.0317342722073549));
#2406=CARTESIAN_POINT('',(0.04005,-0.0442,0.0305507041555162));
#2407=CARTESIAN_POINT('',(0.0419,-0.0442,0.0294826061575154));
#2408=CARTESIAN_POINT('',(0.0419,-0.0442,0.0326));
#2409=CARTESIAN_POINT('',(0.0394,0.123162830869394,0.0245751288694035));
#2410=CARTESIAN_POINT('',(0.0394,-0.0422,0.0245751288694035));
#2411=CARTESIAN_POINT('',(0.038,-0.0422,0.0237668384925381));
#2412=CARTESIAN_POINT('',(0.0133248711305964,-0.0402,0.00952064619749924));
#2413=CARTESIAN_POINT('',(0.038,-0.0402,0.0237668384925381));
#2414=CARTESIAN_POINT('',(0.038,0.123162830869394,0.0237668384925381));
#2415=CARTESIAN_POINT('',(0.0366,0.123162830869394,0.0245751288694035));
#2416=CARTESIAN_POINT('',(0.0366,-0.0422,0.0245751288694035));
#2417=CARTESIAN_POINT('',(0.00567512886940355,-0.0402,0.0424296115413079));
#2418=CARTESIAN_POINT('',(-0.0366,0.123162830869394,0.0245751288694035));
#2419=CARTESIAN_POINT('',(-0.0366,-0.0422,0.0245751288694035));
#2420=CARTESIAN_POINT('',(-0.038,-0.0422,0.0237668384925381));
#2421=CARTESIAN_POINT('',(-0.00567512886940368,-0.0402,0.042429611541308));
#2422=CARTESIAN_POINT('',(-0.038,-0.0402,0.0237668384925381));
#2423=CARTESIAN_POINT('',(-0.038,0.123162830869394,0.0237668384925381));
#2424=CARTESIAN_POINT('',(-0.0394,0.123162830869394,0.0245751288694035));
#2425=CARTESIAN_POINT('',(-0.0394,-0.0422,0.0245751288694035));
#2426=CARTESIAN_POINT('',(-0.0133248711305963,-0.0402,0.00952064619749928));
#2427=CARTESIAN_POINT('',(0.038,0.004,0.027));
#2428=CARTESIAN_POINT('',(0.038,0.004,0.027));
#2429=CARTESIAN_POINT('',(0.0366,0.004,0.0245751288694035));
#2430=CARTESIAN_POINT('',(0.0394,0.004,0.0245751288694036));
#2431=CARTESIAN_POINT('',(0.0394,0.123162830869394,0.0245751288694036));
#2432=CARTESIAN_POINT('',(0.0394,0.,0.0245751288694036));
#2433=CARTESIAN_POINT('',(0.038,0.,0.027));
#2434=CARTESIAN_POINT('',(0.0366,0.,0.0245751288694035));
#2435=CARTESIAN_POINT('',(0.0366,0.123162830869394,0.0245751288694035));
#2436=CARTESIAN_POINT('',(0.,0.,0.00355));
#2437=CARTESIAN_POINT('',(-0.000745852140627374,0.,0.00225814619749938));
#2438=CARTESIAN_POINT('',(-0.0394,0.,0.0245751288694035));
#2439=CARTESIAN_POINT('',(-0.038,0.,0.0237668384925381));
#2440=CARTESIAN_POINT('',(-0.038,0.,0.027));
#2441=CARTESIAN_POINT('',(-0.0366,0.,0.0245751288694035));
#2442=CARTESIAN_POINT('',(-0.0182541478593727,0.,0.0351671115413079));
#2443=CARTESIAN_POINT('',(-0.0439,0.,0.0371));
#2444=CARTESIAN_POINT('',(-0.0439,0.,0.0371));
#2445=CARTESIAN_POINT('',(-0.0321,0.,0.0371));
#2446=CARTESIAN_POINT('',(-0.0439,0.,0.0291));
#2447=CARTESIAN_POINT('',(-0.0439,0.,0.0211));
#2448=CARTESIAN_POINT('',(-0.038,0.,0.0211));
#2449=CARTESIAN_POINT('',(-0.0321,0.,0.0211));
#2450=CARTESIAN_POINT('',(-0.0321,0.,0.0291));
#2451=CARTESIAN_POINT('',(0.0321,0.004,0.0291));
#2452=CARTESIAN_POINT('',(0.0321,0.,0.0291));
#2453=CARTESIAN_POINT('',(0.0321,0.,0.0211));
#2454=CARTESIAN_POINT('',(0.0321,0.,0.0371));
#2455=CARTESIAN_POINT('',(0.0321,0.004,0.0371));
#2456=CARTESIAN_POINT('',(0.0321,0.004,0.0371));
#2457=CARTESIAN_POINT('',(0.0321,0.004,0.0291));
#2458=CARTESIAN_POINT('',(0.0321,0.004,0.0211));
#2459=CARTESIAN_POINT('',(0.0321,0.004,0.0211));
#2460=CARTESIAN_POINT('',(0.038,0.004,0.0211));
#2461=CARTESIAN_POINT('',(0.038,0.004,0.0211));
#2462=CARTESIAN_POINT('',(0.0419,0.004,0.0211));
#2463=CARTESIAN_POINT('',(0.0419,0.002,0.0211));
#2464=CARTESIAN_POINT('',(0.0439,0.002,0.0211));
#2465=CARTESIAN_POINT('',(0.0439,0.004,0.0211));
#2466=CARTESIAN_POINT('',(0.0439,0.,0.0211));
#2467=CARTESIAN_POINT('',(0.038,0.,0.0211));
#2468=CARTESIAN_POINT('',(0.0439,0.004,0.0291));
#2469=CARTESIAN_POINT('',(0.0439,0.002,0.0411));
#2470=CARTESIAN_POINT('',(0.0439,0.002,0.0411));
#2471=CARTESIAN_POINT('',(0.0439,0.001,0.0411));
#2472=CARTESIAN_POINT('',(0.0439,0.001,0.0421));
#2473=CARTESIAN_POINT('',(0.0439,-0.002,0.0421));
#2474=CARTESIAN_POINT('',(0.0439,-0.002,0.0421));
#2475=CARTESIAN_POINT('',(0.0439,-0.002,0.0471));
#2476=CARTESIAN_POINT('',(0.0439,-0.007,0.0471));
#2477=CARTESIAN_POINT('',(0.0439,-0.007,0.0611));
#2478=CARTESIAN_POINT('',(0.0439,-0.007,0.0611));
#2479=CARTESIAN_POINT('',(0.0439,-0.008,0.0611));
#2480=CARTESIAN_POINT('',(0.0439,-0.008,0.0621));
#2481=CARTESIAN_POINT('',(0.0439,-0.0322,0.0621));
#2482=CARTESIAN_POINT('',(0.0439,-0.0322,0.0621));
#2483=CARTESIAN_POINT('',(0.0439,-0.0322,0.0611));
#2484=CARTESIAN_POINT('',(0.0439,-0.0332,0.0611));
#2485=CARTESIAN_POINT('',(0.0439,-0.0332,0.0471));
#2486=CARTESIAN_POINT('',(0.0439,-0.0332,0.0471));
#2487=CARTESIAN_POINT('',(0.0439,-0.0382,0.0471));
#2488=CARTESIAN_POINT('',(0.0439,-0.0382,0.0421));
#2489=CARTESIAN_POINT('',(0.0439,-0.0412,0.0421));
#2490=CARTESIAN_POINT('',(0.0439,-0.0412,0.0421));
#2491=CARTESIAN_POINT('',(0.0439,-0.0412,0.0411));
#2492=CARTESIAN_POINT('',(0.0439,-0.0422,0.0411));
#2493=CARTESIAN_POINT('',(0.0439,-0.0422,0.0291));
#2494=CARTESIAN_POINT('',(0.0439,-0.0422,0.0211));
#2495=CARTESIAN_POINT('',(0.0439,-0.0442,0.0211));
#2496=CARTESIAN_POINT('',(0.0439,-0.0402,0.0211));
#2497=CARTESIAN_POINT('',(0.0439,-0.0402,0.0291));
#2498=CARTESIAN_POINT('',(0.0439,-0.0402,0.0371));
#2499=CARTESIAN_POINT('',(0.0439,-0.0352,0.0371));
#2500=CARTESIAN_POINT('',(0.0439,-0.0332,0.0371));
#2501=CARTESIAN_POINT('',(0.0439,-0.0332,0.0401));
#2502=CARTESIAN_POINT('',(0.0439,-0.0302,0.0401));
#2503=CARTESIAN_POINT('',(0.0439,-0.0302,0.0481));
#2504=CARTESIAN_POINT('',(0.0439,-0.0302,0.0561));
#2505=CARTESIAN_POINT('',(0.0439,-0.0272,0.0561));
#2506=CARTESIAN_POINT('',(0.0439,-0.0272,0.0591));
#2507=CARTESIAN_POINT('',(0.0439,-0.01505,0.0591));
#2508=CARTESIAN_POINT('',(0.0439,-0.013,0.0591));
#2509=CARTESIAN_POINT('',(0.0439,-0.013,0.0561));
#2510=CARTESIAN_POINT('',(0.0439,-0.01,0.0561));
#2511=CARTESIAN_POINT('',(0.0439,-0.01,0.0481));
#2512=CARTESIAN_POINT('',(0.0439,-0.01,0.0401));
#2513=CARTESIAN_POINT('',(0.0439,-0.007,0.0401));
#2514=CARTESIAN_POINT('',(0.0439,-0.007,0.0371));
#2515=CARTESIAN_POINT('',(0.0439,-0.005,0.0371));
#2516=CARTESIAN_POINT('',(0.0439,0.,0.0371));
#2517=CARTESIAN_POINT('',(0.0439,0.,0.0291));
#2518=CARTESIAN_POINT('',(0.038,0.004,0.0441));
#2519=CARTESIAN_POINT('',(0.038,0.001,0.0441));
#2520=CARTESIAN_POINT('',(0.0419,0.001,0.0441));
#2521=CARTESIAN_POINT('',(-0.0419,0.001,0.0441));
#2522=CARTESIAN_POINT('',(-0.0419,0.004,0.0441));
#2523=CARTESIAN_POINT('',(-0.0419,-0.002,0.0441));
#2524=CARTESIAN_POINT('',(0.0439,-0.002,0.0441));
#2525=CARTESIAN_POINT('',(0.0419,-0.002,0.0441));
#2526=CARTESIAN_POINT('',(0.0419,0.001,0.0441));
#2527=CARTESIAN_POINT('',(-0.0439,0.004,0.0291));
#2528=CARTESIAN_POINT('',(-0.0439,-0.0442,0.0211));
#2529=CARTESIAN_POINT('',(-0.0439,-0.0422,0.0211));
#2530=CARTESIAN_POINT('',(-0.0439,-0.0402,0.0211));
#2531=CARTESIAN_POINT('',(-0.0439,-0.0422,0.0411));
#2532=CARTESIAN_POINT('',(-0.0439,-0.0422,0.0411));
#2533=CARTESIAN_POINT('',(-0.0439,-0.0412,0.0411));
#2534=CARTESIAN_POINT('',(-0.0439,-0.0412,0.0421));
#2535=CARTESIAN_POINT('',(-0.0439,0.004,0.0421));
#2536=CARTESIAN_POINT('',(-0.0439,-0.0382,0.0421));
#2537=CARTESIAN_POINT('',(-0.0439,-0.0382,0.0471));
#2538=CARTESIAN_POINT('',(-0.0439,-0.0332,0.0471));
#2539=CARTESIAN_POINT('',(-0.0439,-0.0332,0.0291));
#2540=CARTESIAN_POINT('',(-0.0439,-0.0332,0.0611));
#2541=CARTESIAN_POINT('',(-0.0439,-0.0322,0.0611));
#2542=CARTESIAN_POINT('',(-0.0439,-0.0322,0.0621));
#2543=CARTESIAN_POINT('',(-0.0439,0.004,0.0621));
#2544=CARTESIAN_POINT('',(-0.0439,-0.008,0.0621));
#2545=CARTESIAN_POINT('',(-0.0439,-0.008,0.0611));
#2546=CARTESIAN_POINT('',(-0.0439,-0.007,0.0611));
#2547=CARTESIAN_POINT('',(-0.0439,-0.007,0.0291));
#2548=CARTESIAN_POINT('',(-0.0439,-0.007,0.0471));
#2549=CARTESIAN_POINT('',(-0.0439,-0.002,0.0471));
#2550=CARTESIAN_POINT('',(-0.0439,-0.002,0.0421));
#2551=CARTESIAN_POINT('',(-0.0439,0.004,0.0421));
#2552=CARTESIAN_POINT('',(-0.0439,0.001,0.0421));
#2553=CARTESIAN_POINT('',(-0.0439,0.001,0.0411));
#2554=CARTESIAN_POINT('',(-0.0439,0.002,0.0411));
#2555=CARTESIAN_POINT('',(-0.0439,0.002,0.0291));
#2556=CARTESIAN_POINT('',(-0.0439,0.002,0.0211));
#2557=CARTESIAN_POINT('',(-0.0439,0.004,0.0211));
#2558=CARTESIAN_POINT('',(-0.0439,-0.005,0.0371));
#2559=CARTESIAN_POINT('',(-0.0439,-0.007,0.0371));
#2560=CARTESIAN_POINT('',(-0.0439,-0.007,0.0401));
#2561=CARTESIAN_POINT('',(-0.0439,-0.01,0.0401));
#2562=CARTESIAN_POINT('',(-0.0439,-0.01,0.0481));
#2563=CARTESIAN_POINT('',(-0.0439,-0.01,0.0561));
#2564=CARTESIAN_POINT('',(-0.0439,-0.013,0.0561));
#2565=CARTESIAN_POINT('',(-0.0439,-0.013,0.0591));
#2566=CARTESIAN_POINT('',(-0.0439,-0.01505,0.0591));
#2567=CARTESIAN_POINT('',(-0.0439,-0.0272,0.0591));
#2568=CARTESIAN_POINT('',(-0.0439,-0.0272,0.0561));
#2569=CARTESIAN_POINT('',(-0.0439,-0.0302,0.0561));
#2570=CARTESIAN_POINT('',(-0.0439,-0.0302,0.0481));
#2571=CARTESIAN_POINT('',(-0.0439,-0.0302,0.0401));
#2572=CARTESIAN_POINT('',(-0.0439,-0.0332,0.0401));
#2573=CARTESIAN_POINT('',(-0.0439,-0.0332,0.0371));
#2574=CARTESIAN_POINT('',(-0.0439,-0.0352,0.0371));
#2575=CARTESIAN_POINT('',(-0.0439,-0.0402,0.0371));
#2576=CARTESIAN_POINT('',(-0.0439,-0.0402,0.0291));
#2577=CARTESIAN_POINT('',(-0.038,0.004,0.0211));
#2578=CARTESIAN_POINT('',(-0.0419,0.002,0.0211));
#2579=CARTESIAN_POINT('',(-0.0419,0.004,0.0211));
#2580=CARTESIAN_POINT('',(-0.038,0.004,0.0211));
#2581=CARTESIAN_POINT('',(-0.0321,0.004,0.0211));
#2582=CARTESIAN_POINT('',(-0.0321,0.004,0.0211));
#2583=CARTESIAN_POINT('',(-0.0321,0.004,0.0291));
#2584=CARTESIAN_POINT('',(-0.0321,0.004,0.0291));
#2585=CARTESIAN_POINT('',(-0.0321,0.004,0.0371));
#2586=CARTESIAN_POINT('',(-0.0321,0.004,0.0371));
#2587=CARTESIAN_POINT('',(0.,0.004,0.0371));
#2588=CARTESIAN_POINT('',(0.,-0.007,0.0371));
#2589=CARTESIAN_POINT('',(0.,0.004,0.0371));
#2590=CARTESIAN_POINT('',(-0.0439,0.,0.0371));
#2591=CARTESIAN_POINT('',(-0.038,0.004,0.027));
#2592=CARTESIAN_POINT('',(-0.038,0.004,0.027));
#2593=CARTESIAN_POINT('',(-0.0366,0.004,0.0245751288694035));
#2594=CARTESIAN_POINT('',(-0.0394,0.004,0.0245751288694035));
#2595=CARTESIAN_POINT('',(-0.0366,0.123162830869394,0.0245751288694035));
#2596=CARTESIAN_POINT('',(-0.0394,0.123162830869394,0.0245751288694035));
#2597=CARTESIAN_POINT('',(0.,0.004,0.00355));
#2598=CARTESIAN_POINT('',(-0.0419,0.004,0.00355));
#2599=CARTESIAN_POINT('',(-0.0419,0.004,0.0411));
#2600=CARTESIAN_POINT('',(2.20809717026878E-17,0.004,0.0411));
#2601=CARTESIAN_POINT('',(0.0419,0.004,0.0411));
#2602=CARTESIAN_POINT('',(0.0419,0.004,0.0211));
#2603=CARTESIAN_POINT('',(0.0182541478593725,0.004,0.0351671115413079));
#2604=CARTESIAN_POINT('',(0.038,0.004,0.0237668384925381));
#2605=CARTESIAN_POINT('',(0.000745852140627467,0.004,0.00225814619749924));
#2606=CARTESIAN_POINT('',(-0.000745852140627374,0.004,0.00225814619749938));
#2607=CARTESIAN_POINT('',(-0.038,0.004,0.0237668384925381));
#2608=CARTESIAN_POINT('',(-0.0182541478593727,0.004,0.0351671115413079));
#2609=CARTESIAN_POINT('',(0.,0.,0.00355));
#2610=CARTESIAN_POINT('',(0.0182541478593725,0.,0.0351671115413079));
#2611=CARTESIAN_POINT('',(0.038,0.,0.0237668384925381));
#2612=CARTESIAN_POINT('',(0.000745852140627467,0.,0.00225814619749924));
#2613=CARTESIAN_POINT('',(-0.0439,-0.01505,0.0591));
#2614=CARTESIAN_POINT('',(-0.012,-0.0201,0.0591));
#2615=CARTESIAN_POINT('',(-0.0102,-0.0201,0.0591));
#2616=CARTESIAN_POINT('',(0.012,-0.0201,0.0591));
#2617=CARTESIAN_POINT('',(0.0138,-0.0201,0.0591));
#2618=CARTESIAN_POINT('',(-0.0439,-0.013,0.0591));
#2619=CARTESIAN_POINT('',(-0.0439,-0.0272,0.0591));
#2620=CARTESIAN_POINT('',(-0.0439,-0.01,0.0481));
#2621=CARTESIAN_POINT('',(-0.0439,-0.01,0.0401));
#2622=CARTESIAN_POINT('',(-0.0439,-0.01,0.0561));
#2623=CARTESIAN_POINT('',(-0.0439,-0.005,0.0541));
#2624=CARTESIAN_POINT('',(-0.0439,-0.005,0.0471));
#2625=CARTESIAN_POINT('',(0.0419,-0.005,0.0471));
#2626=CARTESIAN_POINT('',(-0.0419,-0.005,0.0471));
#2627=CARTESIAN_POINT('',(-0.0419,-0.005,0.0541));
#2628=CARTESIAN_POINT('',(-0.0419,-0.005,0.0611));
#2629=CARTESIAN_POINT('',(-0.0439,-0.005,0.0611));
#2630=CARTESIAN_POINT('',(0.0419,-0.005,0.0611));
#2631=CARTESIAN_POINT('',(0.0419,-0.005,0.0471));
#2632=CARTESIAN_POINT('',(-0.0439,-0.0201,0.0641));
#2633=CARTESIAN_POINT('',(-0.012,-0.0201,0.0641));
#2634=CARTESIAN_POINT('',(-0.0102,-0.0201,0.0641));
#2635=CARTESIAN_POINT('',(0.012,-0.0201,0.0641));
#2636=CARTESIAN_POINT('',(0.0138,-0.0201,0.0641));
#2637=CARTESIAN_POINT('',(-0.0439,-0.008,0.0641));
#2638=CARTESIAN_POINT('',(0.0419,-0.008,0.0641));
#2639=CARTESIAN_POINT('',(-0.0419,-0.008,0.0641));
#2640=CARTESIAN_POINT('',(-0.0419,-0.0201,0.0641));
#2641=CARTESIAN_POINT('',(-0.0419,-0.0322,0.0641));
#2642=CARTESIAN_POINT('',(-0.0439,-0.0322,0.0641));
#2643=CARTESIAN_POINT('',(0.0419,-0.0322,0.0641));
#2644=CARTESIAN_POINT('',(0.0419,-0.008,0.0641));
#2645=CARTESIAN_POINT('',(-0.0439,-0.0352,0.0541));
#2646=CARTESIAN_POINT('',(-0.0439,-0.0352,0.0611));
#2647=CARTESIAN_POINT('',(0.0419,-0.0352,0.0611));
#2648=CARTESIAN_POINT('',(-0.0419,-0.0352,0.0611));
#2649=CARTESIAN_POINT('',(-0.0419,-0.0352,0.0541));
#2650=CARTESIAN_POINT('',(-0.0419,-0.0352,0.0471));
#2651=CARTESIAN_POINT('',(0.0439,-0.0352,0.0471));
#2652=CARTESIAN_POINT('',(0.0419,-0.0352,0.0471));
#2653=CARTESIAN_POINT('',(0.0419,-0.0352,0.0611));
#2654=CARTESIAN_POINT('',(-0.0439,-0.0377,0.0441));
#2655=CARTESIAN_POINT('',(-0.0439,-0.0382,0.0441));
#2656=CARTESIAN_POINT('',(0.0419,-0.0382,0.0441));
#2657=CARTESIAN_POINT('',(-0.0419,-0.0382,0.0441));
#2658=CARTESIAN_POINT('',(-0.0419,-0.0377,0.0441));
#2659=CARTESIAN_POINT('',(-0.0419,-0.0412,0.0441));
#2660=CARTESIAN_POINT('',(0.0439,-0.0412,0.0441));
#2661=CARTESIAN_POINT('',(0.0419,-0.0412,0.0441));
#2662=CARTESIAN_POINT('',(0.0419,-0.0382,0.0441));
#2663=CARTESIAN_POINT('',(-0.0439,-0.0352,0.0371));
#2664=CARTESIAN_POINT('',(-0.0439,-0.0332,0.0371));
#2665=CARTESIAN_POINT('',(-0.0439,-0.0402,0.0371));
#2666=CARTESIAN_POINT('',(0.0321,-0.0402,0.0371));
#2667=CARTESIAN_POINT('',(0.0321,-0.0442,0.0371));
#2668=CARTESIAN_POINT('',(-0.0321,-0.0442,0.0371));
#2669=CARTESIAN_POINT('',(-0.0321,-0.0402,0.0371));
#2670=CARTESIAN_POINT('',(-0.0439,-0.0402,0.0371));
#2671=CARTESIAN_POINT('',(-0.0439,-0.0302,0.0481));
#2672=CARTESIAN_POINT('',(-0.0439,-0.0302,0.0401));
#2673=CARTESIAN_POINT('',(0.0439,-0.0302,0.0561));
#2674=CARTESIAN_POINT('',(0.,-0.0402,0.0326));
#2675=CARTESIAN_POINT('',(-0.0321,-0.0402,0.0291));
#2676=CARTESIAN_POINT('',(-0.0321,-0.0402,0.0211));
#2677=CARTESIAN_POINT('',(-0.038,-0.0402,0.0211));
#2678=CARTESIAN_POINT('',(0.,-0.0402,0.0326));
#2679=CARTESIAN_POINT('',(0.0321,-0.0402,0.0291));
#2680=CARTESIAN_POINT('',(0.0321,-0.0402,0.0211));
#2681=CARTESIAN_POINT('',(0.038,-0.0402,0.0211));
#2682=CARTESIAN_POINT('',(-0.038,-0.0442,0.0211));
#2683=CARTESIAN_POINT('',(-0.0419,-0.0422,0.0211));
#2684=CARTESIAN_POINT('',(-0.0321,-0.0442,0.0211));
#2685=CARTESIAN_POINT('',(-0.0321,-0.0442,0.0291));
#2686=CARTESIAN_POINT('',(0.0321,-0.0442,0.0291));
#2687=CARTESIAN_POINT('',(0.0321,-0.0442,0.0211));
#2688=CARTESIAN_POINT('',(0.038,-0.0442,0.0211));
#2689=CARTESIAN_POINT('',(0.0419,-0.0422,0.0211));
#2690=CARTESIAN_POINT('',(0.0366,0.123162830869394,0.0245751288694035));
#2691=CARTESIAN_POINT('',(0.038,0.123162830869394,0.0237668384925381));
#2692=CARTESIAN_POINT('',(0.0394,0.123162830869394,0.0245751288694035));
#2693=CARTESIAN_POINT('',(-0.0394,0.123162830869394,0.0245751288694035));
#2694=CARTESIAN_POINT('',(-0.038,0.123162830869394,0.0237668384925381));
#2695=CARTESIAN_POINT('',(-0.0366,0.123162830869394,0.0245751288694035));
#2696=CARTESIAN_POINT('',(-0.03595,-0.0422,0.0234492958444838));
#2697=CARTESIAN_POINT('',(-0.0339,-0.0422,0.0246328638963226));
#2698=CARTESIAN_POINT('',(-0.0339,-0.0422,0.0246328638963226));
#2699=CARTESIAN_POINT('',(-0.03595,-0.0422,0.0234492958444838));
#2700=CARTESIAN_POINT('',(-0.038,-0.0422,0.0222657277926451));
#2701=CARTESIAN_POINT('',(-0.038,-0.0422,0.0222657277926451));
#2702=CARTESIAN_POINT('',(-0.0339,-0.0422,0.027));
#2703=CARTESIAN_POINT('',(-0.0339,-0.0422,0.0293671361036775));
#2704=CARTESIAN_POINT('',(-0.0339,-0.0422,0.0293671361036775));
#2705=CARTESIAN_POINT('',(-0.0339,-0.0422,0.027));
#2706=CARTESIAN_POINT('',(-0.03595,-0.0422,0.0305507041555162));
#2707=CARTESIAN_POINT('',(-0.038,-0.0422,0.0317342722073549));
#2708=CARTESIAN_POINT('',(-0.038,-0.0422,0.0317342722073549));
#2709=CARTESIAN_POINT('',(-0.03595,-0.0422,0.0305507041555162));
#2710=CARTESIAN_POINT('',(-0.04005,-0.0422,0.0305507041555162));
#2711=CARTESIAN_POINT('',(-0.0419,-0.0422,0.0294826061575154));
#2712=CARTESIAN_POINT('',(-0.0421,-0.0441899748742132,0.0293671361036775));
#2713=CARTESIAN_POINT('',(-0.0421,-0.0422,0.0293671361036775));
#2714=CARTESIAN_POINT('',(-0.0421,-0.0422,0.0293671361036775));
#2715=CARTESIAN_POINT('',(-0.04005,-0.0422,0.0305507041555162));
#2716=CARTESIAN_POINT('',(-0.0421,-0.0422,0.027));
#2717=CARTESIAN_POINT('',(-0.0421,-0.0441899748742132,0.0293671361036775));
#2718=CARTESIAN_POINT('',(-0.0421,-0.0441899748742132,0.0246328638963226));
#2719=CARTESIAN_POINT('',(-0.0421,-0.0422,0.0246328638963226));
#2720=CARTESIAN_POINT('',(-0.0421,-0.0422,0.0246328638963226));
#2721=CARTESIAN_POINT('',(-0.0421,-0.0422,0.027));
#2722=CARTESIAN_POINT('',(-0.04005,-0.0422,0.0234492958444838));
#2723=CARTESIAN_POINT('',(-0.0419,-0.0422,0.0245173938424846));
#2724=CARTESIAN_POINT('',(-0.04005,-0.0422,0.0234492958444838));
#2725=CARTESIAN_POINT('',(0.,-0.0422,0.0321436334117812));
#2726=CARTESIAN_POINT('',(0.03595,-0.0422,0.0305507041555162));
#2727=CARTESIAN_POINT('',(0.0339,-0.0422,0.0293671361036775));
#2728=CARTESIAN_POINT('',(0.0339,-0.0422,0.0293671361036775));
#2729=CARTESIAN_POINT('',(0.03595,-0.0422,0.0305507041555162));
#2730=CARTESIAN_POINT('',(0.038,-0.0422,0.0317342722073549));
#2731=CARTESIAN_POINT('',(0.038,-0.0422,0.0317342722073549));
#2732=CARTESIAN_POINT('',(0.0339,-0.0422,0.027));
#2733=CARTESIAN_POINT('',(0.0339,-0.0422,0.0246328638963226));
#2734=CARTESIAN_POINT('',(0.0339,-0.0422,0.0246328638963226));
#2735=CARTESIAN_POINT('',(0.0339,-0.0422,0.027));
#2736=CARTESIAN_POINT('',(0.03595,-0.0422,0.0234492958444838));
#2737=CARTESIAN_POINT('',(0.038,-0.0422,0.0222657277926451));
#2738=CARTESIAN_POINT('',(0.038,-0.0422,0.0222657277926451));
#2739=CARTESIAN_POINT('',(0.03595,-0.0422,0.0234492958444838));
#2740=CARTESIAN_POINT('',(0.04005,-0.0422,0.0234492958444838));
#2741=CARTESIAN_POINT('',(0.0419,-0.0422,0.0245173938424846));
#2742=CARTESIAN_POINT('',(0.0421,-0.0441899748742132,0.0246328638963226));
#2743=CARTESIAN_POINT('',(0.0421,-0.0422,0.0246328638963226));
#2744=CARTESIAN_POINT('',(0.0421,-0.0422,0.0246328638963226));
#2745=CARTESIAN_POINT('',(0.04005,-0.0422,0.0234492958444838));
#2746=CARTESIAN_POINT('',(0.0421,-0.0422,0.027));
#2747=CARTESIAN_POINT('',(0.0421,-0.0441899748742132,0.0246328638963226));
#2748=CARTESIAN_POINT('',(0.0421,-0.0441899748742132,0.0293671361036775));
#2749=CARTESIAN_POINT('',(0.0421,-0.0422,0.0293671361036775));
#2750=CARTESIAN_POINT('',(0.0421,-0.0422,0.0293671361036775));
#2751=CARTESIAN_POINT('',(0.0421,-0.0422,0.027));
#2752=CARTESIAN_POINT('',(0.04005,-0.0422,0.0305507041555162));
#2753=CARTESIAN_POINT('',(0.0419,-0.0422,0.0294826061575154));
#2754=CARTESIAN_POINT('',(0.04005,-0.0422,0.0305507041555162));
#2755=CARTESIAN_POINT('',(0.,-0.0422,0.0321436334117812));
#2756=CARTESIAN_POINT('',(0.012,-0.0201,0.021098));
#2757=CARTESIAN_POINT('',(-0.012,-0.0201,0.021098));
#2758=CARTESIAN_POINT('',(-0.0439,-0.0412,0.0411));
#2759=CARTESIAN_POINT('',(-0.0419,-0.0412,0.0411));
#2760=CARTESIAN_POINT('',(0.0419,-0.0412,0.0411));
#2761=CARTESIAN_POINT('',(-0.0439,-0.0382,0.0471));
#2762=CARTESIAN_POINT('',(-0.0419,-0.0382,0.0471));
#2763=CARTESIAN_POINT('',(0.0419,-0.0382,0.0471));
#2764=CARTESIAN_POINT('',(2.20809717026878E-17,0.001,0.0411));
#2765=CARTESIAN_POINT('',(-0.0419,0.001,0.0411));
#2766=CARTESIAN_POINT('',(0.0419,0.001,0.0411));
#2767=CARTESIAN_POINT('',(0.038,-0.002,0.0471));
#2768=CARTESIAN_POINT('',(-0.0419,-0.002,0.0471));
#2769=CARTESIAN_POINT('',(0.0419,-0.002,0.0471));
#2770=CARTESIAN_POINT('',(-0.0439,-0.0332,0.0401));
#2771=CARTESIAN_POINT('',(-0.0439,-0.007,0.0401));
#2772=CARTESIAN_POINT('',(-0.0439,-0.013,0.0561));
#2773=CARTESIAN_POINT('',(-0.0439,-0.0272,0.0561));
#2774=CARTESIAN_POINT('',(-0.0439,-0.008,0.0611));
#2775=CARTESIAN_POINT('',(-0.0419,-0.008,0.0611));
#2776=CARTESIAN_POINT('',(0.0419,-0.008,0.0611));
#2777=CARTESIAN_POINT('',(-0.0439,-0.0322,0.0611));
#2778=CARTESIAN_POINT('',(-0.0419,-0.0322,0.0611));
#2779=CARTESIAN_POINT('',(0.0419,-0.0322,0.0611));
#2780=CARTESIAN_POINT('',(-0.0419,0.002,0.00355));
#2781=CARTESIAN_POINT('',(-0.0419,0.002,0.0411));
#2782=CARTESIAN_POINT('',(-0.0419,0.001,0.0411));
#2783=CARTESIAN_POINT('',(-0.0419,0.001,0.0421));
#2784=CARTESIAN_POINT('',(-0.0419,0.004,0.0421));
#2785=CARTESIAN_POINT('',(-0.0419,-0.002,0.0421));
#2786=CARTESIAN_POINT('',(-0.0419,-0.002,0.0471));
#2787=CARTESIAN_POINT('',(-0.0419,-0.007,0.0471));
#2788=CARTESIAN_POINT('',(-0.0419,-0.007,0.0291));
#2789=CARTESIAN_POINT('',(-0.0419,-0.007,0.0611));
#2790=CARTESIAN_POINT('',(-0.0419,-0.008,0.0611));
#2791=CARTESIAN_POINT('',(-0.0419,-0.008,0.0621));
#2792=CARTESIAN_POINT('',(-0.0419,0.004,0.0621));
#2793=CARTESIAN_POINT('',(-0.0419,-0.0322,0.0621));
#2794=CARTESIAN_POINT('',(-0.0419,-0.0322,0.0611));
#2795=CARTESIAN_POINT('',(-0.0419,-0.0332,0.0611));
#2796=CARTESIAN_POINT('',(-0.0419,-0.0332,0.0291));
#2797=CARTESIAN_POINT('',(-0.0419,-0.0332,0.0471));
#2798=CARTESIAN_POINT('',(-0.0419,-0.0382,0.0471));
#2799=CARTESIAN_POINT('',(-0.0419,-0.0382,0.0421));
#2800=CARTESIAN_POINT('',(-0.0419,0.004,0.0421));
#2801=CARTESIAN_POINT('',(-0.0419,-0.0412,0.0421));
#2802=CARTESIAN_POINT('',(-0.0419,-0.0412,0.0411));
#2803=CARTESIAN_POINT('',(-0.0419,-0.0422,0.0411));
#2804=CARTESIAN_POINT('',(-0.0419,-0.0422,0.0291));
#2805=CARTESIAN_POINT('',(0.0419,-0.0422,0.0326));
#2806=CARTESIAN_POINT('',(0.0419,-0.0422,0.0411));
#2807=CARTESIAN_POINT('',(0.0419,-0.0412,0.0411));
#2808=CARTESIAN_POINT('',(0.0419,-0.0412,0.0421));
#2809=CARTESIAN_POINT('',(0.0419,-0.0377,0.0421));
#2810=CARTESIAN_POINT('',(0.0419,-0.0382,0.0421));
#2811=CARTESIAN_POINT('',(0.0419,-0.0382,0.0471));
#2812=CARTESIAN_POINT('',(0.0419,-0.0332,0.0471));
#2813=CARTESIAN_POINT('',(0.0419,-0.0332,0.0541));
#2814=CARTESIAN_POINT('',(0.0419,-0.0332,0.0611));
#2815=CARTESIAN_POINT('',(0.0419,-0.0322,0.0611));
#2816=CARTESIAN_POINT('',(0.0419,-0.0322,0.0621));
#2817=CARTESIAN_POINT('',(0.0419,-0.0201,0.0621));
#2818=CARTESIAN_POINT('',(0.0419,-0.008,0.0621));
#2819=CARTESIAN_POINT('',(0.0419,-0.008,0.0611));
#2820=CARTESIAN_POINT('',(0.0419,-0.007,0.0611));
#2821=CARTESIAN_POINT('',(0.0419,-0.007,0.0541));
#2822=CARTESIAN_POINT('',(0.0419,-0.007,0.0471));
#2823=CARTESIAN_POINT('',(0.0419,-0.002,0.0471));
#2824=CARTESIAN_POINT('',(0.0419,-0.002,0.0421));
#2825=CARTESIAN_POINT('',(0.0419,0.004,0.0421));
#2826=CARTESIAN_POINT('',(0.0419,0.001,0.0421));
#2827=CARTESIAN_POINT('',(0.0419,0.001,0.0411));
#2828=CARTESIAN_POINT('',(0.0419,0.002,0.0411));
#2829=CARTESIAN_POINT('',(0.0419,0.002,0.0291));
#2830=MECHANICAL_DESIGN_GEOMETRIC_PRESENTATION_REPRESENTATION('',(#1675),
#2831);
#2831=(
GEOMETRIC_REPRESENTATION_CONTEXT(3)
GLOBAL_UNCERTAINTY_ASSIGNED_CONTEXT((#2832))
GLOBAL_UNIT_ASSIGNED_CONTEXT((#2835,#2834,#2833))
REPRESENTATION_CONTEXT('Toolhead Cart connector',
'TOP_LEVEL_ASSEMBLY_PART')
);
#2832=UNCERTAINTY_MEASURE_WITH_UNIT(LENGTH_MEASURE(1.E-8),#2835,
'DISTANCE_ACCURACY_VALUE','Maximum Tolerance applied to model');
#2833=(
NAMED_UNIT(*)
SI_UNIT($,.STERADIAN.)
SOLID_ANGLE_UNIT()
);
#2834=(
NAMED_UNIT(*)
PLANE_ANGLE_UNIT()
SI_UNIT($,.RADIAN.)
);
#2835=(
LENGTH_UNIT()
NAMED_UNIT(*)
SI_UNIT($,.METRE.)
);
#2836=PRODUCT_DEFINITION_SHAPE('','',#2837);
#2837=PRODUCT_DEFINITION('','',#2839,#2838);
#2838=PRODUCT_DEFINITION_CONTEXT('',#2845,'design');
#2839=PRODUCT_DEFINITION_FORMATION_WITH_SPECIFIED_SOURCE('','',#2841,
 .NOT_KNOWN.);
#2840=PRODUCT_RELATED_PRODUCT_CATEGORY('','',(#2841));
#2841=PRODUCT('Toolhead Cart connector','Toolhead Cart connector',
'Toolhead Cart connector',(#2843));
#2842=PRODUCT_CATEGORY('','');
#2843=PRODUCT_CONTEXT('',#2845,'mechanical');
#2844=APPLICATION_PROTOCOL_DEFINITION('international standard',
'automotive_design',2010,#2845);
#2845=APPLICATION_CONTEXT(
'core data for automotive mechanical design processes');
ENDSEC;
END-ISO-10303-21;
